193, 3, 0, -0.0129211, 0.274143, -0.080111, 0.224911, 14.6876, DIS
1, 1, 1, 0, 0, 0, 0, 10.497, DIS
150, 2, 0, 0.120468, 0.212072, -0.000764102, 0.195135, 18.969, DIS
138, 6, 0, 0.0181249, 0.158681, -0.0602879, 0.224902, 24.7867, DIS
154, 1, 0, 0.0633223, 0.254355, -0.0515191, 0.206958, 14.6054, DIS
254, 6, 0, 0.0439193, 0.208926, -0.0958241, 0.204594, 24.6746, DIS
283, 15, 0, 0.0639262, 0.227568, -0.0120156, 0.241199, 71.5809, DIS
264, 2, 0, -0.0982486, 0.181094, 0.136787, 0.214538, 25.3765, DIS
53, 2, 0, -0.0135864, 0.27171, 0.331923, 2.38965, 9.5179, DIS
3, 1, 0, -2.36351e-05, 0.380169, -0.000161278, 3.57555, 9.83796, DIS
1, 1, 0, 0, 0, 0, 0, 7.51106, DIS
130, 2, 0, -0.0269175, 0.224574, 0.00781597, 0.207561, 10.4043, DIS
4, 2, 1, -0.049177, 0.370888, 0.00992601, 0.143559, 18.1985, DIS
3, 1, 1, -0.000107748, 0.380113, -0.000303145, 3.57546, 22.4807, DIS
262, 5, 0, -0.113953, 0.223862, 0.0725405, 0.209376, 17.2687, DIS
3, 1, 1, -1.24631e-05, 0.380189, -4.25013e-05, 3.57561, 17.2797, DIS
248, 10, 1, 0.0177455, 0.263962, -0.0314107, 0.239742, 67.7114, DIS
290, 14, 1, -0.0144503, 0.215485, 0.0110985, 0.245722, 56.4938, DIS
60, 1, 0, -0.0620407, 0.295351, 0.0658957, 0.246346, 15.9895, DIS
154, 2, 0, -0.130923, 0.210673, -0.012737, 0.211848, 17.3902, DIS
155, 11, 0, -0.0970353, 0.248798, 0.0173188, 2.44783, 37.6031, DIS
124, 6, 0, 0.0573443, 0.206491, -0.0216934, 0.203737, 19.1611, DIS
3, 1, 0, -0.00387589, 0.377044, -0.000707941, 0.0740269, 3.3633, DIS
2, 1, 1, -2.54201e-05, 0.329245, 4.94921e-06, 0.0641027, 12.4366, DIS
324, 10, 0, -0.00173067, 0.209982, 0.00997893, 0.223136, 51.9146, DIS
43, 3, 0, -0.0775918, 0.240592, -0.0173786, 0.263781, 11.8665, DIS
61, 5, 0, 0.0123867, 0.254259, -0.0432574, 0.240559, 19.1123, DIS
213, 7, 0, -0.0302989, 0.246216, -0.0730837, 0.180812, 23.907, DIS
23, 3, 1, -0.248947, 0.460471, 0.0299806, 0.225172, 23.2827, DIS
270, 4, 0, -0.0299638, 0.198432, -0.0643701, 0.213734, 28.5262, DIS
293, 4, 0, 0.0111231, 0.22422, 0.0515571, 0.233571, 23.9871, DIS
290, 6, 0, -0.0217304, 0.164089, 0.0379477, 0.195308, 29.608, DIS
243, 3, 0, 0.0342485, 0.1996, 0.0101733, 0.177788, 17.3872, DIS
403, 6, 0, 0.0369168, 0.202187, 0.0491526, 0.216629, 31.8984, DIS
185, 1, 0, 0.0237031, 0.192314, -2.2363, 2.92797, 8.4113, DIS
2, 1, 1, -1.2651e-05, 0.329254, 2.46311e-06, 0.0641045, 11.3475, DIS
352, 9, 0, -0.0563474, 0.184686, -0.0274969, 0.229679, 40.3894, DIS
3, 1, 1, -7.65464e-05, 0.380138, -1.48879e-05, 0.0740235, 17.822, DIS
194, 0, 0, -0.0945868, 0.227873, -0.0994877, 0.223766, 14.4267, DIS
192, 4, 0, 0.00930266, 0.208004, -0.151433, 0.21319, 20.9357, DIS
3, 1, 1, -0.00171228, 0.378804, 0.000197764, 0.0740238, 11.9933, DIS
106, 1, 0, 0.00689465, 0.169636, -0.00616512, 0.215713, 9.91293, DIS
363, 16, 0, -0.115812, 0.223037, -0.0119141, 0.234167, 59.9515, DIS
212, 2, 0, -0.0305977, 0.227281, -0.0130613, 0.218662, 14.5377, DIS
172, 10, 0, 0.0414565, 0.196533, 0.0359083, 0.183418, 30.548, DIS
93, 3, 0, 0.0136437, 0.191984, -0.0100603, 0.25259, 14.9453, DIS
3, 1, 0, -0.0045594, 0.376481, -0.0093613, 3.57016, 8.89106, DIS
411, 3, 0, 0.064032, 0.211396, 0.15602, 0.225671, 29.2205, DIS
291, 13, 0, -0.126222, 0.262065, 0.147826, 0.248331, 55.5239, DIS
338, 10, 1, 0.0380916, 0.250157, -0.116353, 0.23104, 61.5149, DIS
371, 9, 0, -0.0141304, 0.214128, -0.161755, 0.220496, 40.8567, DIS
315, 9, 1, 0.00249608, 0.180134, 0.0152294, 0.220776, 46.399, DIS
130, 2, 0, -0.15197, 0.256267, -0.00558093, 0.16396, 11.3099, DIS
239, 6, 0, 0.105146, 0.20725, -0.0467378, 0.201826, 22.2252, DIS
126, 2, 0, -0.0235296, 0.195364, -0.117734, 0.231479, 15.6952, DIS
252, 0, 0, 0.136952, 0.219611, -0.156374, 0.226467, 21.5589, DIS
463, 9, 0, 0.0779695, 0.187303, 0.121513, 0.246651, 45.0623, DIS
54, 3, 0, -0.16712, 0.26052, -0.148332, 1.57058, 7.99114, DIS
249, 11, 0, -0.0616408, 0.209166, 0.0319616, 0.222987, 37.1107, DIS
3, 1, 1, -0.000525264, 0.379771, -0.000101216, 0.0740236, 54.7868, DIS
423, 13, 0, 0.00178021, 0.188499, 0.0158375, 0.233246, 61.7498, DIS
166, 5, 0, 0.0801994, 0.184424, 0.0960706, 0.203796, 23.8796, DIS
46, 3, 0, -0.105505, 0.214166, -4.20554, 2.73341, 7.45549, DIS
152, 2, 0, -0.0772865, 0.195434, 0.0657491, 0.203219, 16.8618, DIS
224, 0, 0, -0.170992, 0.199047, 0.327165, 0.227105, 20.8302, DIS
306, 9, 1, 0.030561, 0.195689, -0.0092253, 0.903831, 52.5567, DIS
57, 2, 0, -0.0637372, 0.263767, 0.0255099, 0.239253, 5.83166, DIS
3, 1, 1, -2.33154e-05, 0.38018, -1.73873e-05, 3.57563, 20.5651, DIS
185, 3, 0, -0.0154366, 0.223311, -0.070852, 0.198449, 18.2713, DIS
370, 6, 0, 0.0113603, 0.201893, 0.0287539, 0.223995, 38.3453, DIS
1, 1, 1, 0, 0, 0, 0, 11.8708, DIS
340, 2, 0, -0.0912048, 0.241012, 0.367221, 2.55424, 19.8972, DIS
78, 0, 0, -0.160156, 0.240735, 0.154743, 0.166946, 5.24351, DIS
214, 2, 0, -0.0954873, 0.201015, 0.0162319, 0.218583, 19.7443, DIS
296, 4, 0, -0.020408, 0.179758, 0.0986172, 0.207106, 35.8915, DIS
246, 0, 0, 0.226352, 0.246919, 0.0535496, 0.205551, 15.1382, DIS
244, 6, 0, 0.276997, 0.288049, 0.0872141, 0.237445, 22.8838, DIS
234, 4, 0, 0.000837961, 0.19671, 0.0427985, 0.229693, 21.695, DIS
77, 6, 0, -0.00628705, 0.25378, -0.0984392, 0.239984, 26.9177, DIS
334, 2, 0, -0.234557, 0.206788, 0.263685, 0.215723, 24.2289, DIS
369, 6, 0, -0.036027, 0.175665, -0.0417586, 0.22276, 31.8764, DIS
180, 3, 0, 0.00582354, 0.211756, -0.0638011, 0.1907, 21.2913, DIS
3, 1, 1, -0.00726181, 0.374296, -0.00123498, 0.0740338, 13.5925, DIS
331, 7, 0, -0.0691143, 0.15711, 0.10719, 0.23315, 28.1358, DIS
114, 4, 0, 0.0857666, 0.16618, -0.0323661, 0.2069, 17.1946, DIS
3, 1, 0, -0.000160824, 0.38007, -1.42201e-05, 0.0740235, 7.75505, DIS
287, 2, 0, 0.130307, 0.219625, -0.171584, 0.210024, 12.7249, DIS
300, 13, 2, 0.0487114, 0.203164, 0.0149629, 0.216501, 72.1945, DIS
302, 9, 0, -0.0408587, 0.184751, 0.029938, 0.196452, 37.3673, DIS
185, 3, 0, 0.0401454, 0.212765, -0.162144, 0.199107, 20.4216, DIS
216, 2, 0, 0.0597482, 0.260033, -0.00825438, 0.1734, 15.0656, DIS
205, 12, 0, -0.0180436, 0.273393, -0.0535249, 0.242379, 60.8582, DIS
38, 1, 0, -0.0060075, 0.250583, -0.0149745, 0.252291, 7.78256, DIS
34, 2, 0, -0.0508896, 0.270018, -0.0530564, 0.24891, 12.4356, DIS
128, 4, 0, -0.0433238, 0.16511, 0.0134163, 0.54074, 24.0354, DIS
176, 8, 0, -0.0767182, 0.197305, -0.109728, 0.202216, 27.6408, DIS
340, 13, 1, 0.107734, 0.182535, -0.0199714, 0.219069, 51.4294, DIS
220, 6, 0, 0.00314131, 0.170943, -0.0868379, 0.229871, 28.4225, DIS
224, 6, 0, 0.0232964, 0.166909, -0.0345916, 0.252522, 31.9763, DIS
227, 13, 1, 0.124437, 0.23927, 0.0454399, 0.24065, 73.8641, DIS
146, 0, 0, 0.00635565, 0.193308, 0.00534082, 0.230379, 9.40424, DIS
214, 6, 0, 0.0347973, 0.170168, -1.00701, 2.88251, 24.3314, DIS
166, 4, 0, -0.0519529, 0.239204, 0.0260801, 0.186165, 21.3603, DIS
304, 2, 0, -0.135089, 0.21868, 0.0618491, 0.212081, 27.807, DIS
371, 16, 0, -0.064698, 0.21898, 0.0756542, 0.229163, 53.2425, DIS
276, 4, 0, -0.00862171, 0.207471, 0.100285, 0.233846, 25.6775, DIS
150, 5, 0, 0.0143978, 0.214598, -0.0530517, 0.224305, 16.011, DIS
32, 2, 0, 0.0377902, 0.230546, -0.0468797, 0.211916, 8.88995, DIS
2, 1, 1, -9.57302e-06, 0.329253, -0.00012731, 4.37869, 24.2777, DIS
306, 8, 0, -0.102461, 0.275102, -0.197032, 0.241105, 37.9723, DIS
184, 0, 0, 0.030322, 0.20694, 0.393221, 0.230717, 10.4122, DIS
365, 11, 0, 0.118833, 0.183784, -0.0226344, 0.202195, 39.4353, DIS
100, 5, 0, -0.045251, 0.161542, -0.0384463, 0.202957, 20.7956, DIS
168, 6, 0, -0.000871923, 0.209226, 0.00806366, 0.183103, 35.3123, DIS
61, 3, 0, 0.0321692, 0.246912, 0.0849973, 0.252984, 7.16452, DIS
330, 2, 0, -0.109874, 0.162153, -0.108729, 0.50404, 18.5306, DIS
31, 3, 1, 0.0191737, 0.273574, 0.0460481, 0.241652, 21.4281, DIS
240, 6, 0, 0.0582245, 0.186589, 0.137782, 0.223518, 26.9152, DIS
387, 6, 0, 0.0509726, 0.174191, -0.0534916, 0.22596, 28.2115, DIS
355, 15, 0, 0.0148199, 0.210054, -0.0758631, 0.223474, 59.894, DIS
28, 2, 0, -0.0257488, 0.233008, -0.111582, 0.233063, 9.1063, DIS
3, 1, 1, -0.000141105, 0.380085, 2.27181e-05, 0.0740235, 18.132, DIS
371, 13, 0, 0.0284829, 0.17999, 0.0430675, 0.218047, 42.4516, DIS
270, 2, 0, -0.0228708, 0.171923, -0.0704257, 0.216137, 30.6408, DIS
3, 1, 1, -2.82067e-05, 0.380177, -5.14666e-06, 0.0740235, 26.7287, DIS
205, 2, 0, 0.0155194, 0.269894, 0.0294656, 0.206038, 13.4272, DIS
323, 14, 0, -0.0569117, 0.255019, 0.0515419, 0.223084, 58.5645, DIS
292, 16, 0, -0.154096, 0.239632, -0.0793972, 0.20509, 63.622, DIS
218, 2, 0, 0.119864, 0.192789, 0.1645, 0.224947, 20.3052, DIS
232, 0, 0, 0.016613, 0.198951, 0.0320495, 0.209175, 17.7952, DIS
2, 1, 0, -1.60113e-05, 0.329249, 3.11736e-06, 0.064104, 6.79571, DIS
296, 4, 0, 0.0108205, 0.153474, 0.121457, 0.190982, 28.8137, DIS
116, 2, 0, -0.00436848, 0.199293, 0.00434284, 0.214482, 22.6294, DIS
284, 0, 0, 0.0353439, 0.226909, -0.0105196, 0.187311, 24.9899, DIS
176, 15, 3, 0.0918451, 0.25337, -0.0170998, 0.249247, 87.6425, DIS
233, 13, 2, -0.0281065, 0.269581, -0.062042, 0.24257, 86.1859, DIS
346, 14, 0, 0.0498805, 0.159857, -0.00468143, 0.224836, 44.4659, DIS
301, 6, 0, 0.0460337, 0.170043, -0.0394035, 0.236602, 30.8219, DIS
112, 4, 0, -0.00640081, 0.164967, 1.53413, 3.01803, 17.7549, DIS
145, 2, 0, -0.164535, 0.198803, 0.11992, 0.191187, 20.3795, DIS
148, 1, 0, 0.0996568, 0.252045, 0.0789916, 0.201553, 8.81818, DIS
1, 1, 0, 0, 0, 0, 0, 8.24951, DIS
337, 12, 0, 0.0320243, 0.181469, -0.432123, 3.51991, 59.0218, DIS
1, 1, 0, 0, 0, 0, 0, 9.18046, DIS
86, 7, 0, 0.00603963, 0.176763, -0.0544112, 1.66395, 32.9544, DIS
304, 8, 0, -0.0815495, 0.16129, 0.0501958, 0.200512, 32.3457, DIS
346, 2, 0, -0.14518, 0.194879, -0.0365806, 0.195225, 31.4442, DIS
3, 1, 0, -0.00171863, 0.378799, -9.43833e-05, 0.0740236, 5.52598, DIS
340, 4, 0, 0.140574, 0.198558, -0.013538, 0.177933, 34.6542, DIS
23, 2, 1, 0.0263867, 0.306458, -0.00483435, 0.226621, 13.7323, DIS
148, 4, 0, 0.0161447, 0.187804, -0.119334, 0.246324, 25.1397, DIS
126, 2, 0, 0.11746, 0.177903, -0.260045, 0.262747, 11.2057, DIS
99, 0, 0, -0.148838, 0.175839, 0.142375, 0.249275, 6.15805, DIS
43, 2, 0, 0.131474, 0.242748, -0.0372489, 0.22282, 5.75, DIS
156, 10, 0, -0.00152099, 0.145973, -0.218816, 2.82583, 37.0168, DIS
186, 3, 0, 0.0788919, 0.258752, -0.0490253, 0.187691, 18.2004, DIS
3, 1, 1, -3.17123e-05, 0.380174, -0.000415557, 3.5754, 12.7933, DIS
262, 2, 0, -0.183819, 0.182296, -0.0868011, 0.232343, 25.0724, DIS
308, 1, 0, -0.197965, 0.231738, -0.27307, 0.274485, 12.0079, DIS
2, 1, 0, -5.52137e-07, 0.329264, -1.07498e-07, 0.0641061, 4.99138, DIS
375, 9, 0, 0.056887, 0.197905, 0.48924, 2.47909, 40.5927, DIS
441, 7, 0, 0.0393442, 0.183965, -0.023807, 0.229078, 31.0628, DIS
211, 1, 0, -0.0170762, 0.267019, 0.0387051, 0.208375, 11.9263, DIS
247, 3, 0, -0.209127, 0.238479, 0.00178273, 0.194471, 23.6047, DIS
178, 4, 0, 0.0197139, 0.217509, 0.0321469, 0.18955, 26.8703, DIS
2, 1, 1, -1.13553e-06, 0.329257, 2.21087e-07, 0.0641061, 26.8729, DIS
304, 11, 0, 0.00586354, 0.210858, -0.0420262, 0.203875, 44.6767, DIS
48, 2, 0, -0.105281, 0.269461, 0.187973, 0.282183, 6.02315, DIS
2, 1, 0, -5.42237e-06, 0.329259, 1.05572e-06, 0.0641055, 8.16305, DIS
369, 13, 0, 0.039564, 0.263195, -0.255732, 2.29016, 52.1457, DIS
124, 2, 0, 0.0533507, 0.223518, 0.0449248, 0.178535, 15.5523, DIS
3, 1, 1, -0.000249262, 0.379997, 1.0166e-05, 0.0740235, 11.9424, DIS
1, 1, 1, 0, 0, 0, 0, 10.554, DIS
41, 3, 0, 0.0856749, 0.237285, -0.0828322, 2.76111, 18.2003, DIS
2, 1, 1, -3.46374e-05, 0.329238, 6.74379e-06, 0.0641015, 16.4309, DIS
300, 4, 0, -0.00902117, 0.15792, 0.0740569, 0.207315, 32.4441, DIS
358, 13, 0, 0.000846887, 0.228504, 0.0285151, 0.219269, 53.7198, DIS
345, 13, 0, 0.000677111, 0.235105, 0.014474, 0.227613, 47.8745, DIS
224, 2, 0, 0.115038, 0.188652, -0.00175986, 0.233571, 18.2701, DIS
228, 10, 0, -0.0592528, 0.194672, -0.101694, 0.188242, 53.8009, DIS
266, 7, 0, 0.0172204, 0.186904, 0.0168683, 0.217985, 39.4327, DIS
341, 15, 0, -7.92611e-05, 0.267319, 0.0678834, 0.227402, 50.3091, DIS
31, 1, 0, -0.0658737, 0.257405, -0.0466219, 2.77579, 12.3804, DIS
144, 2, 0, -0.0713527, 0.188245, 0.093695, 0.222849, 10.2503, DIS
349, 10, 0, 0.0218708, 0.188565, 0.0500434, 1.73795, 45.3289, DIS
94, 3, 0, -0.0713862, 0.262547, -0.0805064, 0.253117, 12.4185, DIS
31, 4, 0, -0.0434297, 0.275078, 0.0504312, 0.254102, 15.9339, DIS
5, 2, 1, -0.0878753, 0.35455, -0.021569, 0.17919, 15.5863, DIS
425, 9, 0, 0.0564765, 0.177818, -0.031054, 0.246189, 40.84, DIS
71, 2, 0, 0.0112691, 0.229417, -0.0844029, 0.184428, 10.6284, DIS
41, 4, 0, 0.109812, 0.250111, 0.0192131, 0.241849, 12.6799, DIS
148, 0, 0, -0.169237, 0.234092, -4.24119, 2.57427, 10.8268, DIS
3, 1, 0, -3.08032e-05, 0.341788, -5.19248e-06, 0.0575407, 8.89111, DIS
7, 1, 1, -0.000240898, 0.273682, -9.28719e-06, 0.230816, 16.1687, DIS
16, 2, 0, -0.0609292, 0.312312, -0.142912, 0.253455, 8.29793, DIS
26, 1, 0, -0.0943056, 0.248596, -0.177193, 0.251752, 5.58894, DIS
72, 0, 0, 0.0302034, 0.247473, 0.100505, 0.184851, 2.60907, DIS
77, 2, 0, -0.148145, 0.202672, -0.00445228, 0.219578, 11.5826, DIS
273, 6, 1, -0.0133884, 0.212013, -0.16351, 2.59899, 40.2685, DIS
200, 4, 0, 0.136315, 0.186752, 0.134459, 1.81936, 32.9812, DIS
212, 6, 0, -0.0718604, 0.201276, 0.111967, 0.198115, 23.7878, DIS
226, 6, 0, -0.0068337, 0.167368, 0.0518703, 0.236332, 31.5065, DIS
401, 5, 0, -0.11919, 0.200666, -0.00416824, 0.219226, 28.2299, DIS
232, 8, 0, -0.0737739, 0.186886, 0.2013, 1.86095, 25.3909, DIS
244, 20, 0, 0.0717527, 0.265128, 0.0697212, 0.243203, 72.2976, DIS
158, 2, 0, -0.0320768, 0.172678, 0.00348458, 0.215077, 16.4713, DIS
63, 3, 0, -0.0472588, 0.278189, -0.0615936, 0.24544, 12.6272, DIS
220, 10, 1, -0.0328598, 0.181162, -0.279952, 2.66289, 54.7778, DIS
1, 1, 0, 0, 0, 0, 0, 8.74241, DIS
250, 4, 0, -0.0408296, 0.184352, 0.127366, 0.210351, 25.4685, DIS
398, 11, 0, 0.116719, 0.193648, 0.418565, 3.11416, 41.0806, DIS
3, 1, 1, -0.000387591, 0.379884, -0.00250421, 3.57417, 15.8076, DIS
62, 2, 0, -0.0462366, 0.224974, -0.308236, 0.281805, 10.1237, DIS
53, 2, 0, -0.182023, 0.223615, 0.185541, 0.82359, 8.29474, DIS
190, 6, 0, 0.000691193, 0.21015, -0.0452438, 0.861335, 23.38, DIS
293, 5, 0, -0.0430148, 0.241067, 0.119445, 0.20367, 31.0949, DIS
312, 3, 0, 0.179616, 0.208888, -0.0207567, 0.218117, 23.1853, DIS
423, 7, 0, -0.0215619, 0.192656, -0.0789131, 0.257508, 39.3579, DIS
191, 4, 0, -0.0761793, 0.227331, -0.0243428, 0.201098, 12.5558, DIS
392, 7, 0, 0.0440457, 0.18663, -0.0508791, 0.235907, 41.2591, DIS
27, 1, 0, -0.0616205, 0.274829, -0.00274337, 0.243051, 5.70679, DIS
326, 5, 0, 0.0912512, 0.20183, -0.186715, 0.223678, 23.4991, DIS
125, 7, 0, -0.00814406, 0.190917, -0.047544, 2.52061, 27.0417, DIS
218, 7, 0, 0.0860269, 0.249428, 0.000740476, 0.172712, 31.6996, DIS
276, 2, 0, 0.0989072, 0.194464, 0.162779, 0.234025, 34.6359, DIS
354, 9, 1, -0.0455236, 0.234027, -0.0175624, 0.218604, 46.0711, DIS
1, 1, 1, 0, 0, 0, 0, 13.1243, DIS
338, 10, 0, 0.0946097, 0.18067, -0.0252629, 0.206382, 42.4211, DIS
246, 7, 0, 0.0659695, 0.175081, 0.0709573, 0.195073, 32.7154, DIS
3, 1, 1, -0.000285228, 0.379968, -2.21993e-05, 0.0740235, 13.6172, DIS
74, 2, 0, 0.0127363, 0.211606, -0.117004, 0.19394, 7.42636, DIS
254, 0, 0, 0.0434678, 0.209952, -0.103182, 0.219225, 18.0202, DIS
179, 10, 0, -0.015618, 0.233886, -0.0126149, 0.244575, 32.6748, DIS
403, 4, 0, -0.0405896, 0.211493, 1.30248, 2.39053, 27.2763, DIS
222, 0, 0, 0.03855, 0.182158, -0.0368403, 0.222737, 19.6027, DIS
260, 2, 0, -0.0929621, 0.202216, 0.0336083, 0.215098, 24.0464, DIS
168, 5, 0, 0.0411283, 0.242004, -0.137379, 0.182784, 22.8047, DIS
6, 1, 0, -0.000101863, 0.25402, -0.00011979, 0.245959, 7.7177, DIS
208, 2, 0, 0.0304293, 0.220286, 0.0520651, 0.188118, 22.9509, DIS
202, 4, 0, -0.0370745, 0.213872, 0.0021691, 0.194603, 20.7687, DIS
332, 12, 0, 0.0606058, 0.228102, 0.0432148, 2.40283, 59.904, DIS
51, 4, 0, -0.033157, 0.241453, 0.0212435, 0.256346, 14.0313, DIS
143, 5, 1, -0.00778973, 0.234132, 0.81466, 2.53669, 24.7999, DIS
274, 9, 0, -0.212305, 0.191279, 0.0760339, 0.200005, 34.198, DIS
288, 11, 0, 0.000728952, 0.171154, -0.131071, 0.227209, 51.8521, DIS
29, 2, 0, -0.0397114, 0.276295, -0.0577392, 0.239149, 11.6768, DIS
332, 5, 0, -0.00756389, 0.203597, 0.0271033, 0.219802, 24.2297, DIS
251, 8, 1, 0.00883668, 0.227943, 0.00775832, 0.227847, 48.0982, DIS
282, 8, 0, 0.153385, 0.182541, -0.05306, 0.239207, 31.7463, DIS
140, 4, 0, -0.00145687, 0.220989, 0.127005, 0.216335, 15.104, DIS
294, 2, 0, 0.0643429, 0.179561, 0.0118611, 0.224157, 34.9446, DIS
367, 10, 0, -0.0474591, 0.178466, 0.0473683, 0.2509, 38.2215, DIS
126, 7, 0, 0.0013824, 0.253535, -0.0119641, 0.214834, 28.9369, DIS
410, 9, 0, 0.0403637, 0.182328, -0.0879118, 0.234466, 36.007, DIS
252, 12, 0, -0.0267165, 0.188706, 0.0892866, 0.20987, 37.9724, DIS
120, 3, 0, -0.0347531, 0.254564, 0.00388344, 0.204439, 16.9002, DIS
178, 4, 0, -0.179456, 0.219331, -0.172875, 0.199619, 23.0867, DIS
173, 2, 0, -0.0334317, 0.211954, -0.0887228, 0.215656, 18.0097, DIS
135, 4, 0, -0.049995, 0.268653, -0.0762821, 0.229349, 25.3277, DIS
397, 6, 0, 0.0418776, 0.195386, 0.00848851, 0.241333, 34.7053, DIS
325, 6, 0, 0.0263464, 0.158441, 0.0565673, 0.221948, 32.3873, DIS
149, 4, 0, 0.010515, 0.201939, 0.121535, 0.224267, 20.9932, DIS
270, 4, 0, -0.0098775, 0.188919, 0.530719, 3.6083, 21.8326, DIS
206, 0, 0, 0.16319, 0.23063, -0.195335, 0.215842, 12.7322, DIS
3, 1, 1, -3.02581e-05, 0.380177, -3.75694e-06, 0.0740235, 23.3701, DIS
263, 10, 0, 0.0089321, 0.158653, -0.0776257, 0.202868, 37.9858, DIS
320, 8, 0, -0.0623488, 0.199729, -0.145371, 0.242018, 38.6714, DIS
148, 4, 0, -0.0194312, 0.209203, 0.115273, 0.197492, 19.7141, DIS
356, 7, 0, -0.0647779, 0.181114, -0.00152574, 0.234028, 28.2459, DIS
322, 13, 0, 0.00663396, 0.237472, 0.0257133, 0.218259, 65.0387, DIS
232, 6, 0, -0.0528891, 0.184299, 0.0644949, 0.181614, 28.9198, DIS
238, 6, 0, -0.0557801, 0.192996, 0.00768634, 0.191097, 36.7089, DIS
310, 11, 0, 0.0967699, 0.227121, 0.314268, 2.98398, 52.1902, DIS
168, 2, 0, -0.0094937, 0.194268, 0.0645227, 0.237672, 16.9916, DIS
1, 1, 1, 0, 0, 0, 0, 17.3441, DIS
218, 4, 0, -0.0482723, 0.212887, 0.0107039, 0.21897, 15.015, DIS
108, 4, 0, 0.00577808, 0.179667, 0.0651246, 0.810074, 19.4733, DIS
128, 3, 0, -0.0678103, 0.196726, -0.00158739, 0.205934, 13.4231, DIS
3, 1, 1, -0.000170258, 0.38006, 9.44447e-06, 0.0740235, 13.1255, DIS
228, 14, 1, 0.0490661, 0.237379, 0.0664341, 1.59655, 73.5902, DIS
236, 0, 0, -0.0587872, 0.205688, -0.0463979, 0.242055, 14.118, DIS
3, 1, 1, -6.71985e-05, 0.380145, -2.60666e-06, 0.0740235, 20.2298, DIS
158, 5, 0, -0.108184, 0.208879, -0.427619, 1.69497, 20.439, DIS
170, 6, 0, 0.0311971, 0.183924, -0.0826392, 0.195027, 38.2554, DIS
347, 13, 0, -0.26276, 0.226402, -0.0789711, 0.243364, 57.2921, DIS
41, 3, 0, 0.0263083, 0.249881, 0.0565193, 0.246177, 9.74159, DIS
171, 5, 0, -0.004746, 0.250761, -0.0742945, 0.189337, 21.453, DIS
3, 1, 1, -0.00211368, 0.378475, -7.63463e-06, 0.0740235, 13.0747, DIS
256, 8, 0, 0.0792146, 0.193215, -0.064687, 0.185354, 38.3238, DIS
62, 2, 0, -0.000911162, 0.124205, -0.000293208, 0.191144, 16.2172, DIS
270, 0, 0, 0.0914616, 0.227628, -0.016489, 0.193284, 17.3794, DIS
408, 4, 0, 0.0591696, 0.197285, 0.0803315, 0.235296, 36.3768, DIS
230, 8, 0, 0.037539, 0.187163, 0.00575275, 0.213584, 51.4623, DIS
159, 3, 0, 0.0938969, 0.222975, 0.00823673, 0.200921, 19.245, DIS
218, 6, 0, -0.17728, 0.163774, -0.0253546, 0.175104, 37.5281, DIS
276, 20, 0, -0.0666063, 0.26076, -0.0202767, 0.232082, 89.2869, DIS
2, 1, 1, -2.07743e-05, 0.329254, -4.04462e-06, 0.0641034, 11.6759, DIS
375, 13, 1, -0.107919, 0.277259, 0.0821623, 0.222891, 64.3549, DIS
294, 10, 0, 0.0289757, 0.17051, 0.0681577, 2.32292, 39.5173, DIS
3, 1, 1, -0.000596694, 0.379716, -0.00239831, 3.57424, 18.0696, DIS
146, 2, 0, 0.00990041, 0.185586, 0.00970737, 0.190165, 19.7375, DIS
3, 1, 0, -6.83056e-05, 0.380143, 2.25571e-06, 0.0740235, 8.97732, DIS
165, 3, 0, 0.0426352, 0.238718, -0.00895158, 0.184947, 18.364, DIS
346, 15, 0, 0.125118, 0.263166, -0.0684293, 0.19817, 53.8573, DIS
59, 1, 0, -0.2167, 0.288465, 0.0561102, 0.219244, 11.206, DIS
352, 11, 0, 0.00386658, 0.265273, 0.00143784, 0.252064, 57.9271, DIS
226, 2, 0, 0.0345861, 0.190532, -0.238683, 2.16245, 20.8114, DIS
1, 1, 0, 0, 0, 0, 0, 8.44614, DIS
116, 0, 0, -0.00832144, 0.208512, 0.0750139, 0.222419, 4.78612, DIS
3, 1, 1, -0.000102784, 0.380115, -6.64105e-06, 0.0740235, 16.6037, DIS
2, 1, 1, -1.02361e-05, 0.329257, -1.99293e-06, 0.0641048, 23.2458, DIS
300, 8, 0, 0.0568174, 0.18154, -0.0694166, 0.181339, 38.1333, DIS
2, 1, 1, -6.16799e-07, 0.329262, -1.20089e-07, 0.0641061, 13.3669, DIS
3, 1, 1, -4.08773e-05, 0.380167, 9.93028e-07, 0.0740235, 12.6583, DIS
281, 2, 0, 0.0563654, 0.195156, 0.0258343, 0.217347, 15.2578, DIS
3, 1, 1, -6.9439e-05, 0.380152, 4.40756e-06, 0.0740235, 12.0827, DIS
173, 2, 0, 0.152715, 0.207742, -0.00444062, 0.181905, 18.1408, DIS
380, 7, 0, 0.0587009, 0.15799, 0.0770338, 0.220826, 40.5593, DIS
210, 2, 0, 0.1559, 0.187684, -0.0347317, 0.19804, 17.429, DIS
223, 2, 0, 0.135252, 0.271595, 0.0692889, 0.209234, 15.0159, DIS
49, 2, 0, -0.0536231, 0.229157, -0.0362432, 0.23112, 6.90064, DIS
287, 8, 1, 0.0207114, 0.193063, -0.309929, 3.59126, 41.7787, DIS
262, 8, 0, 0.243109, 0.187882, -0.215615, 0.211965, 30.0501, DIS
180, 2, 0, -0.0160543, 0.19948, -0.0118833, 0.218775, 21.5481, DIS
3, 1, 1, -0.000111041, 0.38011, 1.97728e-05, 0.0740235, 15.587, DIS
19, 2, 1, -0.0932401, 0.319287, 0.0628588, 0.250587, 16.8446, DIS
156, 6, 0, 0.0597153, 0.180756, 0.0374024, 0.208231, 26.4822, DIS
3, 1, 1, -9.11782e-06, 0.380192, 9.0072e-07, 0.0740235, 23.3995, DIS
102, 9, 1, -0.114945, 0.278311, 0.0733538, 0.247481, 48.0127, DIS
259, 2, 0, 0.209796, 0.209259, 0.0344509, 0.240078, 16.042, DIS
206, 6, 0, 0.0281911, 0.217476, 0.0815694, 0.214334, 32.0438, DIS
196, 8, 1, -0.00681929, 0.205034, -0.0647076, 0.22368, 40.5451, DIS
151, 1, 0, -0.137087, 0.216784, 0.135347, 0.218239, 10.602, DIS
356, 4, 0, 0.0499866, 0.177777, -0.0577233, 0.213958, 22.6521, DIS
267, 1, 0, 0.0964526, 0.250352, -0.0746842, 0.206037, 15.8822, DIS
314, 11, 0, 0.0206748, 0.165502, 0.0688005, 0.226707, 45.2588, DIS
207, 17, 1, -0.194434, 0.266845, 0.0242238, 0.243924, 67.4908, DIS
146, 2, 0, -0.079222, 0.191176, 0.168886, 0.232782, 14.924, DIS
340, 10, 0, 0.0130799, 0.177172, 0.00645408, 0.2178, 32.3225, DIS
216, 0, 0, -0.113852, 0.202143, -0.0445728, 0.205866, 15.4572, DIS
234, 4, 0, 0.00491422, 0.18765, 3.58863, 2.8366, 26.0094, DIS
445, 11, 0, 0.160767, 0.182518, 1.38439, 2.68599, 36.7171, DIS
3, 1, 1, -9.34969e-05, 0.380126, 1.0284e-05, 0.0740235, 18.438, DIS
145, 0, 0, 0.0743948, 0.14486, -0.125876, 0.218365, 4.84747, DIS
198, 3, 0, 0.0157225, 0.255245, 0.0380009, 0.167593, 19.8665, DIS
184, 6, 0, 0.00218713, 0.165707, 0.0316473, 0.182808, 31.2243, DIS
353, 3, 0, -0.13722, 0.176156, -0.140841, 1.90773, 21.1941, DIS
280, 2, 0, -0.0462107, 0.225515, 0.0271027, 0.21138, 25.4379, DIS
190, 16, 3, -0.0553127, 0.229678, 0.0138689, 0.230403, 93.143, DIS
3, 1, 1, -2.81027e-05, 0.380178, -5.07229e-06, 0.0740235, 10.1029, DIS
82, 4, 0, -0.172816, 0.271971, 0.0352257, 0.226426, 12.5704, DIS
7, 1, 1, -8.05689e-05, 0.314863, -5.81549e-06, 0.186785, 12.6355, DIS
312, 5, 0, -0.01202, 0.191473, -0.00560998, 0.217627, 25.2327, DIS
156, 3, 0, -0.0648016, 0.222961, -0.103744, 0.206116, 13.9691, DIS
240, 4, 0, -0.0628024, 0.185597, -0.0915514, 0.21488, 27.8132, DIS
3, 1, 1, -9.3727e-05, 0.380121, 7.93574e-07, 0.0740235, 11.2606, DIS
3, 1, 1, -6.59552e-06, 0.380195, -6.33553e-07, 0.0740235, 31.7093, DIS
274, 13, 3, -0.0631413, 0.258631, 0.0884246, 0.241509, 85.2985, DIS
143, 4, 0, 0.0320665, 0.265156, 2.11081, 2.97001, 16.6954, DIS
1, 1, 1, 0, 0, 0, 0, 10.6769, DIS
204, 0, 0, 0.0364349, 0.203121, -0.241266, 1.62411, 18.3064, DIS
3, 1, 1, -4.79713e-05, 0.380158, -0.000626971, 3.57527, 13.168, DIS
126, 6, 0, 0.00551428, 0.190269, 0.0227141, 0.205106, 25.2947, DIS
267, 5, 0, -0.0585844, 0.19279, -0.0851186, 0.192469, 22.308, DIS
1, 1, 1, 0, 0, 0, 0, 12.7401, DIS
424, 7, 0, 0.0736723, 0.175982, 0.0961154, 0.243301, 26.1886, DIS
417, 8, 0, -0.00320012, 0.205127, 0.0205619, 0.239749, 42.1753, DIS
3, 1, 1, -2.87991e-05, 0.380178, 3.74863e-06, 0.0740235, 24.9084, DIS
154, 4, 0, -0.0662686, 0.24218, 0.0247946, 0.182755, 17.4933, DIS
322, 14, 0, 0.0880702, 0.23059, 0.0549876, 0.236098, 59.4151, DIS
205, 2, 0, -0.276756, 0.256727, 0.00817638, 0.616946, 11.2105, DIS
3, 1, 1, -0.00015959, 0.380072, -1.45919e-05, 0.0740235, 15.464, DIS
3, 1, 1, -0.000455384, 0.379829, 5.05221e-05, 0.0740235, 13.7293, DIS
1, 1, 1, 0, 0, 0, 0, 17.2327, DIS
159, 1, 0, -0.00968421, 0.167128, 0.109302, 0.230872, 16.2286, DIS
156, 2, 0, -0.0245572, 0.180821, 0.0558053, 0.17868, 20.8058, DIS
235, 3, 0, 0.0167257, 0.205981, -0.00583357, 0.188119, 14.0694, DIS
286, 0, 0, 0.180747, 0.245164, 0.239844, 0.266382, 24.0982, DIS
336, 6, 0, 0.0994767, 0.194479, 0.0210547, 0.219478, 31.603, DIS
34, 4, 0, 0.0778649, 0.258106, 0.00362567, 2.0154, 19.7542, DIS
1, 1, 0, 0, 0, 0, 0, 9.50696, DIS
6, 1, 0, -0.00420525, 0.315939, -0.00617483, 0.180231, 7.72137, DIS
340, 18, 0, 0.0162679, 0.236126, 0.0680383, 0.24525, 67.9878, DIS
62, 2, 0, -0.197256, 0.279752, 0.015462, 0.216853, 8.04775, DIS
3, 1, 1, -4.7793e-05, 0.380158, -5.77118e-06, 0.0740235, 14.1737, DIS
10, 2, 1, -0.0186405, 0.319708, -0.0290295, 0.217092, 18.2027, DIS
25, 3, 0, -0.0849198, 0.249763, -0.134886, 0.227934, 15.2391, DIS
289, 3, 0, -0.014544, 0.218461, 0.0166999, 0.243314, 19.7609, DIS
340, 4, 0, -0.0846133, 0.179468, -0.0285895, 0.249586, 22.4461, DIS
97, 2, 0, -0.0811728, 0.222088, 0.0622002, 0.216136, 7.20338, DIS
8, 1, 1, -0.000525044, 0.303244, 0.000535163, 0.215909, 18.5337, DIS
305, 9, 2, -0.0244124, 0.183461, 0.0140757, 0.216108, 52.9777, DIS
218, 2, 0, 0.0690896, 0.199076, 0.0349817, 0.207702, 19.0714, DIS
325, 15, 1, 0.153552, 0.239595, -0.0736769, 0.239382, 69.9804, DIS
141, 4, 0, -0.063314, 0.24065, 0.0717627, 0.186992, 18.6208, DIS
317, 7, 0, -0.0769845, 0.166618, 0.0710613, 0.202327, 34.1216, DIS
201, 12, 1, 0.00824703, 0.239322, 1.0407, 3.34104, 92.1323, DIS
130, 2, 0, -0.0460634, 0.165096, -1.87485, 3.16262, 16.8031, DIS
49, 4, 0, 0.0179216, 0.250058, -0.0222214, 0.248991, 9.29751, DIS
254, 4, 0, 0.0143611, 0.168473, 0.0758025, 0.543329, 30.1584, DIS
124, 3, 0, -0.102962, 0.270442, -0.0858128, 0.191753, 12.893, DIS
387, 8, 0, 0.0844408, 0.200265, 0.0144269, 0.217694, 36.5152, DIS
133, 8, 0, 0.109874, 0.187944, -0.065746, 0.256946, 30.8027, DIS
156, 6, 0, -0.0641247, 0.186824, -0.0575106, 0.20977, 25.255, DIS
270, 10, 1, 0.0204202, 0.23229, 0.0377655, 0.225165, 59.5123, DIS
221, 1, 0, -0.012401, 0.236593, -0.169842, 0.181323, 21.9428, DIS
3, 1, 0, -0.000372666, 0.379898, 5.30862e-05, 0.0740235, 5.84386, DIS
186, 0, 0, 0.0961296, 0.197501, 0.254773, 0.231631, 14.4981, DIS
3, 1, 1, -0.000847919, 0.379507, 0.000135485, 0.0740236, 11.8655, DIS
177, 8, 2, -0.00262198, 0.209479, -0.00245327, 0.222452, 77.0701, DIS
277, 4, 0, 0.0502465, 0.197916, -0.0391742, 0.637841, 18.7203, DIS
296, 4, 0, 0.0544026, 0.177981, -0.0109737, 0.224723, 30.1296, DIS
134, 5, 0, -0.0706508, 0.194147, 0.066879, 0.201504, 17.7489, DIS
228, 8, 0, -0.0759838, 0.172514, -0.11947, 0.218622, 31.177, DIS
28, 2, 0, -0.0210689, 0.269459, 0.00833253, 1.12673, 10.8433, DIS
178, 4, 0, 0.0269295, 0.260644, 0.0603102, 0.188343, 17.3998, DIS
216, 2, 0, -0.0277302, 0.182291, 0.0507823, 1.75448, 15.7782, DIS
126, 1, 0, -0.11681, 0.253476, 0.284638, 1.14072, 9.1509, DIS
323, 5, 0, 0.00785207, 0.195965, -0.099376, 0.198763, 23.6698, DIS
3, 1, 1, -4.62741e-05, 0.380158, -8.94978e-06, 0.0740235, 22.6688, DIS
132, 4, 0, 0.0293225, 0.22353, 0.0240592, 0.186171, 29.0188, DIS
2, 1, 0, -4.33086e-06, 0.329261, -8.43198e-07, 0.0641056, 8.46319, DIS
36, 2, 0, -0.119539, 0.26217, -0.101511, 0.246963, 7.60271, DIS
3, 1, 1, -0.000262925, 0.379984, 2.8714e-05, 0.0740235, 17.6746, DIS
292, 8, 0, -0.217251, 0.271443, 0.0121331, 0.235612, 36.5429, DIS
276, 8, 0, 0.0503916, 0.1613, -0.0862768, 1.67474, 38.9957, DIS
3, 1, 1, -0.000128738, 0.380095, 1.1692e-05, 0.0740235, 14.8774, DIS
359, 7, 0, 0.00674333, 0.160084, -0.00414134, 0.231574, 40.7029, DIS
182, 4, 0, 0.0276876, 0.201765, 0.0175198, 0.223053, 20.6963, DIS
101, 5, 0, -0.00947853, 0.149925, 0.00465122, 0.202632, 22.8673, DIS
300, 6, 0, 0.0162955, 0.18352, -0.00818673, 0.21107, 24.9815, DIS
381, 4, 0, 0.143209, 0.211286, -0.0994669, 0.232055, 26.7926, DIS
1, 1, 1, 0, 0, 0, 0, 14.0787, DIS
261, 9, 1, -0.113959, 0.217471, -0.0395215, 0.249181, 47.737, DIS
205, 5, 0, 0.0452814, 0.262618, 0.0830654, 0.922555, 23.5623, DIS
184, 2, 0, 0.0369414, 0.203265, -0.154082, 0.259896, 17.4823, DIS
405, 13, 1, 0.0381915, 0.207966, -0.0238084, 0.218984, 53.2768, DIS
188, 2, 0, 0.0636452, 0.193398, 0.0669893, 0.238612, 18.804, DIS
147, 3, 0, 0.0916235, 0.25281, -0.82374, 2.14584, 13.5989, DIS
236, 2, 0, 0.0494864, 0.182141, -0.0502938, 0.202042, 26.0685, DIS
3, 1, 0, -0.000188624, 0.380048, -0.00107171, 3.57501, 8.54228, DIS
2, 1, 1, -5.90426e-06, 0.329259, 1.14953e-06, 0.0641054, 21.7978, DIS
296, 4, 0, 0.0891141, 0.19231, -0.0191043, 0.237548, 30.4988, DIS
90, 3, 0, -0.0154397, 0.202551, 0.0480071, 0.250591, 10.7254, DIS
353, 8, 0, 0.0196512, 0.168781, 1.54585, 2.99814, 35.9511, DIS
177, 1, 0, -0.0930606, 0.248116, 0.205873, 0.221278, 11.5548, DIS
3, 1, 1, -9.93605e-05, 0.380118, -1.9169e-05, 0.0740235, 12.3306, DIS
33, 1, 0, -0.109258, 0.272025, -0.0915242, 0.243927, 3.79264, DIS
3, 1, 1, -0.000610517, 0.379703, 9.92876e-05, 0.0740236, 13.4491, DIS
115, 7, 0, 0.000470905, 0.2028, -0.0018509, 0.201253, 26.484, DIS
214, 3, 1, 0.0309487, 0.167052, -0.00494367, 0.197665, 30.422, DIS
147, 19, 1, 0.15499, 0.276924, -0.00413314, 0.244976, 86.8079, DIS
371, 14, 0, 0.0292244, 0.21825, -0.0340036, 0.224077, 44.6757, DIS
351, 10, 0, 0.00669839, 0.259513, 0.0458683, 0.231962, 50.225, DIS
3, 1, 1, -0.00131009, 0.379138, -0.000116472, 0.0740236, 23.4064, DIS
193, 16, 3, -0.0210851, 0.265608, 0.00525197, 0.242865, 109.745, DIS
244, 4, 0, -0.0201644, 0.194514, -0.0150154, 0.236572, 24.0141, DIS
183, 3, 0, -0.0997682, 0.206709, -0.107033, 0.213566, 18.9264, DIS
216, 4, 0, -0.111504, 0.228341, 0.096527, 0.195724, 25.3629, DIS
121, 3, 0, 0.0523465, 0.212456, -2.08355, 2.89704, 13.3608, DIS
3, 1, 1, -2.55692e-05, 0.380172, 4.51443e-07, 0.0740235, 24.5433, DIS
253, 14, 0, 0.0135107, 0.184873, 0.0461778, 0.242852, 44.9568, DIS
253, 7, 0, 0.0161338, 0.207671, 0.0299367, 0.207121, 26.6078, DIS
316, 6, 0, -0.0349015, 0.18031, -0.00248417, 0.21605, 28.8649, DIS
242, 3, 0, -0.00506818, 0.210729, -0.108167, 0.195181, 17.7556, DIS
314, 2, 0, -0.00260013, 0.197864, -0.368715, 0.834303, 30.2658, DIS
174, 1, 0, -0.042223, 0.207065, 0.0279495, 0.217053, 16.1843, DIS
349, 13, 0, 0.0457932, 0.247417, -0.119978, 0.237746, 63.5238, DIS
24, 1, 0, -0.0309557, 0.223645, -0.00103624, 0.210164, 5.27701, DIS
208, 4, 0, -0.0175011, 0.27874, 0.00230449, 0.190993, 17.4484, DIS
3, 1, 1, -1.80027e-05, 0.380186, -0.000232116, 3.5755, 21.9276, DIS
200, 3, 0, -0.0282593, 0.234711, -0.017455, 0.192877, 18.2278, DIS
270, 2, 0, 0.0732916, 0.179537, -0.0804843, 0.211117, 17.7522, DIS
321, 10, 0, 0.0733867, 0.175963, -0.0126493, 0.235026, 34.4888, DIS
183, 10, 0, 0.00599002, 0.166034, -0.0107485, 0.157157, 38.0278, DIS
194, 14, 0, -0.0387149, 0.13615, -0.0317048, 0.191708, 54.1692, DIS
51, 1, 0, -0.0386004, 0.270655, -0.0625534, 0.228834, 7.70492, DIS
201, 17, 0, -0.253855, 0.288944, -0.222071, 0.242723, 77.097, DIS
248, 0, 0, -0.0393372, 0.214146, 0.0432121, 0.20264, 16.5435, DIS
137, 4, 0, 0.134841, 0.241653, 0.169167, 0.189032, 20.8065, DIS
209, 8, 0, -0.00987627, 0.248703, 0.00107055, 0.218126, 20.8824, DIS
318, 3, 0, 0.127414, 0.204484, 0.0213026, 0.251046, 18.6813, DIS
10, 2, 0, -0.05991, 0.262067, -0.0879722, 0.263152, 9.07836, DIS
287, 2, 0, -0.0344507, 0.20064, -0.534264, 2.3876, 20.842, DIS
185, 0, 0, -0.0109275, 0.233005, 0.104099, 0.236207, 7.74635, DIS
365, 9, 0, 0.0104531, 0.169155, -0.0300106, 0.224817, 35.7086, DIS
57, 3, 0, 0.0558116, 0.207406, -0.0205347, 0.252854, 16.9991, DIS
57, 2, 0, 0.0064324, 0.219142, 0.0353436, 0.260817, 8.79118, DIS
108, 0, 0, 0.102869, 0.208607, 0.0198345, 0.268664, 7.73962, DIS
278, 0, 0, -0.00227363, 0.151573, -0.0916937, 0.188006, 27.1825, DIS
188, 2, 0, -0.071414, 0.221834, -0.0210754, 0.210703, 16.8167, DIS
136, 5, 0, -0.032734, 0.239696, -0.00502052, 0.177514, 16.9365, DIS
275, 10, 1, -0.013795, 0.242793, 0.0353487, 0.223832, 75.3146, DIS
268, 4, 0, 0.16427, 0.256606, 0.0816322, 0.198943, 23.645, DIS
264, 8, 0, 0.00193018, 0.200376, 0.031965, 0.161177, 29.9966, DIS
252, 13, 0, 0.113176, 0.224579, 0.00423844, 0.238503, 40.595, DIS
99, 0, 0, -0.0129796, 0.191622, -0.0903765, 0.19902, 9.20013, DIS
273, 4, 0, 0.042233, 0.263373, 0.0542302, 0.185436, 20.4383, DIS
210, 10, 0, 0.0275944, 0.192063, -0.047172, 0.188987, 28.7077, DIS
248, 0, 0, -0.170825, 0.205816, 0.0703531, 0.273762, 15.7502, DIS
334, 11, 0, 0.0272651, 0.161563, -0.178466, 2.70067, 39.9331, DIS
228, 10, 2, 0.0673954, 0.181778, 0.0672845, 0.209525, 47.2519, DIS
337, 15, 1, -0.080372, 0.24137, 0.0248489, 0.233702, 70.2732, DIS
229, 7, 0, 0.0654078, 0.303677, 1.37052, 3.01012, 28.9245, DIS
248, 3, 0, 0.130175, 0.232786, -0.012162, 0.212097, 19.3104, DIS
250, 1, 0, -0.16124, 0.225935, 0.0366025, 0.194807, 13.613, DIS
364, 3, 0, 0.0163279, 0.17592, 0.0297308, 0.218273, 23.961, DIS
191, 1, 0, 0.0807094, 0.22535, 1.26691, 2.98654, 11.1074, DIS
248, 4, 0, -0.0630597, 0.217398, 0.0489871, 0.221725, 25.8681, DIS
218, 6, 0, -0.136682, 0.222077, 0.134335, 0.253663, 36.5213, DIS
226, 4, 0, -0.00683402, 0.19592, 0.0652578, 0.195378, 23.1974, DIS
155, 3, 0, -0.0561243, 0.22215, -0.0463393, 0.220063, 17.644, DIS
393, 6, 0, -0.0531116, 0.226695, 0.0183582, 0.224684, 36.7918, DIS
272, 4, 0, 0.00657889, 0.173369, -0.122281, 0.232509, 29.6281, DIS
3, 1, 1, -3.7402e-05, 0.380169, 3.66554e-06, 0.0740235, 29.9903, DIS
310, 10, 0, -0.0121823, 0.163653, 0.00934453, 0.251194, 35.2489, DIS
310, 7, 0, -0.0238755, 0.178566, 0.181963, 2.28763, 22.0243, DIS
457, 9, 0, 0.075567, 0.216175, -1.65787, 3.00549, 45.2908, DIS
159, 4, 0, 0.0206093, 0.240421, 0.00227982, 0.210174, 18.1945, DIS
2, 1, 1, -5.58791e-06, 0.329259, 1.08794e-06, 0.0641055, 19.2468, DIS
206, 7, 0, 0.162908, 0.26732, -1.34923, 2.65911, 32.3683, DIS
55, 3, 0, 0.300305, 0.287265, -0.0211402, 0.257716, 10.518, DIS
1, 1, 1, 0, 0, 0, 0, 22.7158, DIS
53, 3, 0, 0.0369646, 0.287902, 0.021252, 0.234831, 14.0727, DIS
262, 10, 0, 0.0101862, 0.196834, 0.235037, 1.87666, 34.2099, DIS
350, 14, 1, -0.115044, 0.237794, 0.0984318, 0.207321, 60.3442, DIS
224, 8, 0, 0.200328, 0.2125, -0.0020723, 0.218488, 26.2318, DIS
2, 1, 1, -4.84984e-08, 0.329263, -9.44246e-09, 0.0641063, 21.5637, DIS
260, 4, 0, 0.147498, 0.206507, 0.00692806, 0.226918, 30.6469, DIS
118, 4, 0, -0.0316828, 0.158414, -0.0362124, 0.199247, 17.3812, DIS
212, 21, 2, 0.114843, 0.243029, 0.0362929, 0.247696, 120.186, DIS
3, 1, 1, -6.53872e-05, 0.380152, -0.000317932, 3.57545, 24.5941, DIS
274, 4, 0, -0.00551688, 0.199936, 0.0693018, 0.230081, 23.6465, DIS
449, 7, 0, 0.0234914, 0.224663, -2.33478, 2.83657, 44.3165, DIS
3, 1, 1, -2.98359e-05, 0.380175, -5.6111e-06, 0.0740235, 15.1761, DIS
326, 13, 0, -0.0553359, 0.199003, 0.0154665, 0.254597, 55.824, DIS
218, 6, 0, -0.0105312, 0.198623, 0.156376, 0.261551, 23.4696, DIS
111, 3, 0, 0.0124708, 0.121269, -0.063845, 0.191008, 16.3666, DIS
173, 6, 0, -0.337312, 0.238803, -0.0378725, 0.197549, 21.2238, DIS
198, 4, 0, -0.0320735, 0.24008, 0.0700478, 0.186192, 16.1236, DIS
226, 5, 0, -0.00653539, 0.196443, 0.473525, 3.03247, 30.9894, DIS
279, 3, 0, -0.0357485, 0.1864, 0.0800062, 1.72767, 19.0206, DIS
240, 7, 0, 0.236117, 0.259815, 0.113433, 0.21784, 22.47, DIS
410, 9, 0, 0.00749897, 0.177442, -0.0445175, 0.23767, 38.6985, DIS
200, 10, 0, -0.0766836, 0.148263, -4.51274, 2.74637, 35.0686, DIS
8, 1, 0, -0.000108865, 0.303616, -4.88796e-05, 0.215909, 7.04623, DIS
238, 2, 0, 0.0900032, 0.213255, -1.94886, 2.68359, 21.4563, DIS
244, 4, 0, -0.179367, 0.213399, -0.214488, 0.215576, 24.3634, DIS
103, 5, 0, 0.15153, 0.213715, 0.0679399, 0.198693, 13.4405, DIS
310, 5, 0, 0.0878838, 0.267671, 0.0105305, 0.231406, 22.9736, DIS
204, 1, 0, 0.0387491, 0.269608, 0.0308681, 0.189242, 12.6273, DIS
227, 8, 3, -0.0363096, 0.238716, 0.0738132, 0.239134, 71.767, DIS
1, 1, 1, 0, 0, 0, 0, 19.2562, DIS
114, 3, 0, -0.0763126, 0.245015, -0.0378507, 0.161104, 19.465, DIS
252, 7, 1, -0.0808431, 0.257652, 0.00447067, 0.220689, 43.4384, DIS
2, 1, 1, -1.16676e-05, 0.329253, -2.27164e-06, 0.0641046, 15.0225, DIS
260, 4, 0, 0.0426877, 0.225938, 0.0548659, 0.205963, 24.4442, DIS
201, 6, 0, -0.0271936, 0.210751, 0.0328344, 1.55301, 27.2926, DIS
162, 6, 0, -0.0934936, 0.168891, -0.0154889, 0.181378, 26.0266, DIS
172, 0, 0, 0.0591415, 0.192917, 0.206844, 0.235606, 12.1354, DIS
206, 0, 0, -0.233437, 0.264356, -0.0386758, 0.262171, 9.94863, DIS
325, 3, 0, 0.0746978, 0.204167, 0.282764, 0.272739, 19.5147, DIS
50, 2, 0, -0.0171871, 0.230753, 0.155146, 0.274134, 11.4253, DIS
274, 2, 0, 0.223699, 0.184613, -0.337338, 0.220492, 24.0947, DIS
23, 3, 0, 0.0738205, 0.258361, 0.0703656, 0.247937, 12.1335, DIS
234, 2, 0, 0.0919112, 0.199239, -0.0926143, 0.196947, 24.2634, DIS
161, 1, 0, 0.0249686, 0.193272, -0.226173, 0.278001, 14.6541, DIS
8, 1, 1, -0.00521158, 0.299023, -0.00112273, 0.215912, 17.1634, DIS
191, 2, 0, 0.104726, 0.224188, 0.0066784, 0.188546, 12.1283, DIS
172, 2, 0, 0.0772586, 0.183034, 0.0342602, 0.219849, 12.8844, DIS
3, 1, 1, -3.58864e-05, 0.380172, 1.55436e-06, 0.0740235, 17.0554, DIS
291, 8, 1, 0.000317553, 0.214502, 0.0249741, 0.225392, 51.8527, DIS
220, 10, 0, 0.0577011, 0.193071, -0.000185673, 0.187055, 34.632, DIS
418, 10, 1, 0.0125312, 0.238478, -0.0313306, 0.237886, 64.5035, DIS
225, 13, 1, -0.0158547, 0.232276, -0.00652557, 0.23411, 84.3985, DIS
261, 1, 0, -0.348883, 0.243374, 0.00940092, 0.207592, 13.5281, DIS
328, 11, 0, 0.0827716, 0.265811, 0.213815, 0.24693, 55.3379, DIS
212, 8, 0, 0.0704876, 0.193662, 0.06361, 0.226557, 25.2288, DIS
160, 10, 0, -0.083875, 0.15489, 0.0477159, 0.154675, 38.2576, DIS
253, 6, 0, -0.00690774, 0.187643, -0.0132596, 0.172091, 30.8522, DIS
187, 5, 0, -0.00537658, 0.258919, -0.00340815, 0.455823, 17.237, DIS
227, 7, 0, 0.199637, 0.238732, 0.00737816, 0.190855, 30.8285, DIS
147, 1, 0, -0.0935596, 0.195289, -0.0395087, 0.225279, 13.9668, DIS
3, 1, 1, -0.00525784, 0.375918, -0.00292064, 3.57393, 32.6054, DIS
310, 4, 0, -0.0476308, 0.253651, 0.215107, 0.22822, 23.5749, DIS
370, 8, 0, 0.00252948, 0.185841, -0.208154, 0.231385, 33.7139, DIS
192, 2, 0, -0.223826, 0.231296, -0.443316, 1.84154, 16.6333, DIS
137, 5, 0, 0.0126228, 0.199067, -0.0402044, 0.179655, 20.1918, DIS
460, 5, 0, -0.101941, 0.202075, -1.76673, 2.83942, 26.4047, DIS
161, 0, 0, -0.074785, 0.223745, 0.199924, 0.228964, 6.53315, DIS
216, 4, 0, 0.00088616, 0.202146, -0.0254415, 0.590728, 22.7132, DIS
136, 5, 0, -0.102987, 0.129502, 0.283824, 0.202678, 20.0892, DIS
397, 6, 0, 0.0715419, 0.232651, -0.0014907, 0.236108, 32.2826, DIS
266, 6, 0, 0.0933389, 0.176954, 0.055074, 0.204514, 34.5085, DIS
63, 1, 0, -0.00447613, 0.224935, -0.0183975, 0.246802, 13.9126, DIS
189, 5, 0, -0.00546102, 0.243987, -0.182208, 0.87751, 28.6733, DIS
40, 2, 0, -0.0472833, 0.230722, -0.0141931, 0.243355, 7.05905, DIS
162, 0, 0, 0.108352, 0.213356, 1.33763, 2.88922, 10.4955, DIS
326, 2, 0, -0.04417, 0.179113, -0.0476752, 0.23607, 21.8293, DIS
310, 1, 0, 0.104948, 0.237315, -0.0321417, 0.22122, 13.2709, DIS
333, 9, 0, 0.0223466, 0.209261, -0.0542222, 0.218605, 49.952, DIS
2, 1, 1, -3.19869e-07, 0.329263, -6.22773e-08, 0.0641062, 39.335, DIS
253, 11, 1, -0.0428515, 0.249233, -0.191644, 2.99727, 67.1168, DIS
94, 0, 0, 0.0118113, 0.225891, 0.021444, 0.188478, 7.95655, DIS
3, 1, 1, -0.000894229, 0.379469, 0.000170716, 0.0740237, 31.7657, DIS
340, 12, 0, -0.0500516, 0.216789, 0.00677898, 0.212355, 59.0047, DIS
217, 4, 0, -0.112307, 0.158178, -0.0104381, 0.168166, 26.2694, DIS
253, 5, 0, 0.0699587, 0.259853, 0.00135567, 0.752241, 18.6047, DIS
367, 9, 0, -0.0961237, 0.185243, 0.0840712, 0.254639, 31.1132, DIS
147, 2, 0, 0.0450118, 0.165854, 0.0387206, 0.217176, 22.7845, DIS
214, 1, 0, -0.19726, 0.258439, 0.134764, 0.204642, 15.7237, DIS
244, 7, 0, 0.0483634, 0.177674, 0.134033, 3.24404, 32.03, DIS
376, 8, 0, -0.00334311, 0.181658, 0.0136111, 0.22956, 40.4962, DIS
240, 2, 0, -0.0326918, 0.177608, 0.0420337, 0.210483, 15.043, DIS
380, 12, 0, 0.0804684, 0.23787, -0.0995304, 0.242236, 46.0565, DIS
97, 6, 0, 0.00327073, 0.174863, 0.0201368, 0.200313, 25.0988, DIS
159, 3, 0, 0.0607136, 0.208665, -0.033084, 0.169568, 20.1193, DIS
216, 4, 0, -0.0275739, 0.156757, 0.0937805, 0.192463, 22.2592, DIS
249, 3, 0, 0.00686573, 0.255627, 0.0303103, 0.249506, 18.6476, DIS
3, 1, 1, -0.000211608, 0.380027, -2.30666e-05, 0.0740235, 27.5411, DIS
153, 2, 0, -0.0665266, 0.21485, -0.00984653, 0.167564, 14.7096, DIS
293, 14, 0, -0.0727887, 0.20225, 0.0375435, 0.211164, 65.9487, DIS
139, 4, 0, -0.0579071, 0.197294, -0.0273422, 0.197033, 10.3823, DIS
368, 7, 0, -0.348777, 0.177076, -0.107643, 2.32057, 38.2876, DIS
194, 4, 0, 0.149128, 0.217515, 0.393837, 2.3138, 17.6968, DIS
3, 1, 1, -0.000209264, 0.380029, 1.90797e-05, 0.0740235, 13.7765, DIS
121, 5, 0, -0.0482884, 0.219843, -0.0150575, 0.18761, 24.4567, DIS
174, 2, 0, 0.00287047, 0.20933, -0.837105, 2.40822, 21.5958, DIS
111, 2, 0, 0.082383, 0.203711, -0.0702593, 0.183622, 16.397, DIS
210, 4, 0, -0.0305311, 0.206618, 0.0583455, 0.205479, 24.1923, DIS
281, 3, 0, -0.0370913, 0.24264, -0.0051673, 0.219907, 20.3473, DIS
284, 7, 1, 0.0104049, 0.208703, 0.0029956, 0.190126, 60.89, DIS
177, 1, 0, 0.0429944, 0.23825, 0.0168173, 0.18764, 15.8408, DIS
186, 8, 0, -0.00537523, 0.241049, -0.134847, 0.251192, 38.4393, DIS
60, 1, 0, -0.298911, 0.31322, 0.128718, 0.249919, 7.95638, DIS
70, 5, 0, -0.0620864, 0.272817, -0.357842, 0.242694, 15.0292, DIS
3, 1, 0, -0.000291512, 0.379963, 2.79589e-05, 0.0740235, 7.94021, DIS
2, 1, 1, -6.84242e-06, 0.329257, -1.33219e-06, 0.0641053, 20.6325, DIS
283, 16, 0, -0.0535985, 0.249807, -0.0362838, 2.26186, 56.9935, DIS
304, 2, 0, 0.0381448, 0.162695, 0.00754802, 0.192191, 32.96, DIS
383, 6, 1, -0.0207401, 0.213128, -0.0397195, 0.227271, 46.2418, DIS
177, 4, 0, -0.0174525, 0.248688, 0.102841, 0.201693, 13.6815, DIS
102, 2, 0, -0.00139903, 0.167564, 0.0312309, 0.233144, 11.552, DIS
248, 6, 0, 1.80024e-05, 0.225222, 0.0242036, 0.182199, 25.1414, DIS
342, 6, 0, 0.241921, 0.166775, -0.118062, 0.191587, 40.608, DIS
257, 3, 0, 0.025145, 0.216413, -0.0414902, 0.405636, 15.7556, DIS
176, 2, 0, 0.0409185, 0.237474, -0.0102885, 0.223347, 13.2942, DIS
238, 9, 0, -0.206239, 0.223866, -0.0289472, 0.186384, 29.0894, DIS
256, 6, 0, 0.122762, 0.195159, -0.0534877, 0.220191, 27.7432, DIS
257, 3, 0, 0.0262699, 0.246432, 0.0504705, 0.17734, 24.1823, DIS
51, 1, 0, -0.0339643, 0.234652, -0.00839667, 0.255589, 11.3078, DIS
129, 0, 0, -0.00414338, 0.217789, -0.159164, 0.186445, 5.03565, DIS
3, 1, 1, -0.00190352, 0.378644, 0.000285766, 0.0740241, 24.0944, DIS
337, 17, 0, -0.0442814, 0.23616, -0.092872, 0.239821, 62.8356, DIS
143, 3, 0, -0.0577015, 0.226366, 0.0207009, 0.215099, 14.5378, DIS
3, 1, 1, -0.000179443, 0.380054, 3.23761e-05, 0.0740235, 14.83, DIS
3, 1, 1, -0.000435249, 0.379847, -0.00394665, 3.57333, 21.0977, DIS
268, 10, 0, 0.0735295, 0.20081, -0.000821849, 0.195278, 46.4456, DIS
251, 15, 0, -0.160528, 0.246992, 0.239621, 0.236757, 62.5002, DIS
364, 7, 0, 0.0229252, 0.174985, -0.0598644, 0.222213, 30.357, DIS
1, 1, 0, 0, 0, 0, 0, 5.99884, DIS
1, 1, 1, 0, 0, 0, 0, 13.2106, DIS
220, 4, 0, 0.00751687, 0.177991, -0.0184923, 0.224048, 19.0386, DIS
3, 1, 1, -0.00397944, 0.376957, -0.000775146, 3.57519, 22.4141, DIS
135, 5, 0, 0.103301, 0.1888, 0.0128166, 0.215734, 17.3996, DIS
123, 2, 0, 0.0368398, 0.168625, -0.0800545, 0.196484, 17.3331, DIS
259, 4, 0, -0.00895822, 0.218919, -0.425035, 1.82649, 24.5516, DIS
2, 1, 1, -4.07053e-06, 0.329261, 7.92514e-07, 0.0641056, 31.7174, DIS
3, 1, 1, -5.53737e-05, 0.380153, -0.000104557, 3.57558, 13.6592, DIS
333, 8, 0, 0.0769049, 0.192933, -0.0523308, 0.212513, 38.6157, DIS
262, 6, 0, 0.0219627, 0.164123, -0.071841, 0.197061, 38.6949, DIS
158, 2, 0, -0.0640692, 0.161984, -0.0422941, 0.196198, 21.1468, DIS
198, 4, 0, 0.10604, 0.193079, 0.0289818, 0.175223, 20.1083, DIS
324, 4, 0, 0.184198, 0.189652, -0.079897, 0.221284, 36.8961, DIS
3, 1, 0, -0.000103999, 0.380111, -7.42745e-06, 0.0740235, 4.42641, DIS
9, 1, 1, -0.0125066, 0.316341, -0.00851693, 0.213176, 13.5866, DIS
412, 13, 0, -0.0746754, 0.188625, -0.0283476, 0.244768, 50.4956, DIS
150, 4, 0, 0.0545215, 0.179211, -0.0531167, 0.165018, 25.6384, DIS
437, 12, 0, 0.0519459, 0.209383, 0.109323, 0.237223, 43.2067, DIS
250, 7, 0, 0.234302, 0.27832, -0.0182866, 0.179279, 28.6207, DIS
1, 1, 1, 0, 0, 0, 0, 10.2366, DIS
104, 4, 0, 0.03729, 0.166828, -0.124278, 0.180043, 15.0042, DIS
332, 1, 0, 0.0465279, 0.186083, -0.0358421, 0.216772, 18.5081, DIS
3, 1, 1, -2.21923e-05, 0.380184, 4.27072e-06, 0.0740235, 23.2471, DIS
1, 1, 1, 0, 0, 0, 0, 21.1717, DIS
112, 3, 0, -0.0325461, 0.216809, 0.0454462, 0.197091, 19.8326, DIS
234, 4, 0, -0.151742, 0.195184, 0.144025, 0.213915, 25.6606, DIS
224, 14, 0, -0.00329899, 0.184623, 0.00698901, 0.200239, 54.5337, DIS
154, 4, 0, -0.135047, 0.233877, -0.0801901, 0.222314, 15.5057, DIS
1, 1, 0, 0, 0, 0, 0, 9.50606, DIS
410, 11, 0, 0.034627, 0.200757, 0.027526, 0.235074, 50.0981, DIS
436, 5, 0, 0.0807381, 0.189177, -3.13805, 2.95664, 36.9998, DIS
358, 9, 1, 0.0544701, 0.240536, -0.0925713, 0.234083, 51.4425, DIS
154, 1, 0, -0.0493631, 0.194323, -0.0958406, 0.213785, 13.0797, DIS
263, 14, 0, -0.016884, 0.162875, -0.0891237, 0.215786, 54.1086, DIS
29, 3, 0, -0.00737523, 0.277623, 0.100667, 0.257034, 15.3001, DIS
352, 12, 1, 0.0408381, 0.251096, -0.0633546, 0.224596, 56.7578, DIS
182, 4, 0, -0.0150665, 0.214912, 0.0060782, 0.196577, 20.4449, DIS
202, 2, 0, 0.117482, 0.196882, 0.414574, 2.11162, 17.6185, DIS
3, 1, 1, -0.000481487, 0.379808, 2.44055e-05, 0.0740235, 30.9527, DIS
222, 2, 0, -0.113137, 0.2119, -0.137106, 0.223448, 22.4891, DIS
430, 10, 0, 0.0271457, 0.177857, -0.114003, 0.23391, 43.2577, DIS
194, 3, 0, 0.0104392, 0.212658, 0.107311, 1.89783, 9.23059, DIS
2, 1, 0, -9.13071e-05, 0.3292, -0.00121426, 4.37792, 4.55239, DIS
178, 2, 0, 0.00821961, 0.218705, -0.0221495, 0.212844, 17.46, DIS
164, 1, 0, -0.0833851, 0.237373, 0.186877, 1.7535, 10.721, DIS
333, 13, 0, 0.0338439, 0.22901, -0.0436651, 0.225847, 54.7319, DIS
284, 13, 0, -0.0345805, 0.181827, 0.0520926, 0.181557, 40.5999, DIS
197, 3, 0, -0.0629911, 0.236876, -0.0060125, 0.205859, 18.2301, DIS
138, 0, 0, -0.137862, 0.206063, -2.55918, 2.94799, 11.4884, DIS
248, 0, 0, 0.167378, 0.189524, -0.200905, 0.205434, 8.53217, DIS
330, 2, 0, 0.0868087, 0.175204, -0.0533012, 0.192379, 30.4048, DIS
2, 1, 1, -1.11518e-05, 0.329256, -2.17121e-06, 0.0641047, 40.1723, DIS
272, 18, 0, 0.0397185, 0.266674, 0.0542564, 0.245835, 89.83, DIS
180, 2, 0, 0.0406908, 0.194014, -0.0424295, 0.659331, 26.9476, DIS
204, 4, 0, 0.0662134, 0.177031, -0.0783684, 0.227213, 16.811, DIS
358, 11, 0, 0.100031, 0.230044, 0.0368656, 0.228675, 36.7996, DIS
258, 2, 0, -0.0498266, 0.210349, -0.0187329, 0.219826, 20.0686, DIS
2, 1, 0, -0.00015991, 0.329156, 3.11334e-05, 0.0640842, 6.39459, DIS
90, 2, 0, -0.0687953, 0.251559, 0.118294, 0.202291, 9.24964, DIS
310, 8, 0, 0.0614918, 0.179266, -0.0634855, 0.245861, 26.2841, DIS
358, 13, 0, 0.0979662, 0.224706, -0.0996281, 0.214539, 47.1846, DIS
320, 6, 0, -0.0662902, 0.184986, 0.0508937, 0.188328, 38.7824, DIS
272, 0, 0, -0.0343289, 0.197441, 0.307576, 1.54264, 21.3569, DIS
2, 1, 1, -1.1598e-05, 0.329254, -0.000154239, 4.37867, 14.8814, DIS
409, 4, 0, -0.0233645, 0.198944, -0.00127165, 0.217124, 36.7016, DIS
260, 6, 0, -0.0235779, 0.167507, -0.0289911, 0.223437, 37.0648, DIS
170, 7, 0, -0.0296882, 0.223656, -1.12192, 2.59386, 18.8757, DIS
164, 2, 0, -0.2029, 0.207323, -0.0803366, 0.215569, 13.3911, DIS
250, 4, 0, 0.0507494, 0.214003, 0.0562391, 0.207984, 29.825, DIS
8, 1, 0, -0.000587344, 0.303186, 8.07197e-05, 0.215909, 9.74359, DIS
2, 1, 1, -1.68502e-05, 0.329251, -3.28067e-06, 0.0641039, 11.1853, DIS
1, 1, 1, 0, 0, 0, 0, 10.6784, DIS
2, 1, 0, -0.000419005, 0.328967, 8.15788e-05, 0.0640486, 9.44194, DIS
200, 4, 0, 0.150867, 0.248833, -3.25665, 2.94412, 18.001, DIS
24, 2, 0, -0.0260337, 0.25935, 0.129104, 2.38653, 10.8345, DIS
210, 4, 0, 0.0359962, 0.200665, 0.0690529, 0.214231, 20.5632, DIS
381, 9, 0, 0.0878981, 0.220714, 0.0114142, 0.235831, 44.4445, DIS
226, 9, 0, 0.0348417, 0.166464, -0.00613852, 0.176706, 32.2402, DIS
1, 1, 0, 0, 0, 0, 0, 8.34472, DIS
208, 5, 0, 0.0369578, 0.216369, -0.0646423, 0.233605, 22.7491, DIS
298, 14, 0, 0.0260493, 0.205691, -0.0136249, 0.184178, 44.7016, DIS
3, 1, 1, -0.000171611, 0.38006, -0.000805859, 3.57517, 10.7573, DIS
167, 2, 0, -0.0336347, 0.238807, 0.103091, 0.179815, 19.0453, DIS
292, 8, 0, 0.00117022, 0.187788, -0.270751, 1.89386, 30.6093, DIS
141, 0, 0, -0.0654016, 0.203537, -0.050726, 0.208102, 12.6412, DIS
3, 1, 1, -1.15546e-05, 0.38019, -3.38066e-05, 3.57562, 26.015, DIS
3, 1, 1, -2.42937e-05, 0.38018, -2.63998e-06, 0.0740235, 19.1528, DIS
127, 7, 0, 0.0462532, 0.271705, -0.0893156, 1.75439, 25.4138, DIS
149, 11, 1, 0.0564613, 0.238849, -0.0685684, 0.227022, 50.1042, DIS
160, 6, 0, 0.0098554, 0.200276, -0.000688735, 0.187278, 22.095, DIS
46, 4, 0, 0.0211265, 0.201941, 0.0771093, 0.280038, 14.888, DIS
152, 1, 0, -0.0939507, 0.186065, 0.177858, 0.209297, 14.8528, DIS
244, 10, 0, 0.14145, 0.182997, 0.0652024, 0.179796, 42.0625, DIS
116, 2, 0, 0.00297647, 0.217796, 0.38845, 2.34535, 15.1057, DIS
200, 8, 0, -0.0815224, 0.178992, 0.0679832, 0.233074, 33.1119, DIS
3, 1, 1, -1.20182e-05, 0.380191, 2.11868e-06, 0.0740235, 18.0191, DIS
392, 5, 0, 0.193582, 0.214077, 0.0140743, 0.215514, 26.3354, DIS
146, 4, 0, 0.0156167, 0.216105, 0.0982014, 0.237337, 23.6594, DIS
1, 1, 0, 0, 0, 0, 0, 4.31379, DIS
2, 1, 1, -7.27574e-06, 0.329267, 1.41652e-06, 0.0641052, 12.4581, DIS
155, 1, 0, 0.00235313, 0.176321, -0.11961, 0.237868, 12.499, DIS
2, 1, 1, -8.25759e-05, 0.329206, -1.60771e-05, 0.0640948, 21.6881, DIS
2, 1, 0, -0.000172931, 0.329141, 3.3669e-05, 0.0640825, 2.45298, DIS
214, 6, 0, -0.0137737, 0.191852, -0.0954267, 0.20238, 29.1317, DIS
3, 1, 1, -0.0039309, 0.376997, 0.000272504, 0.074024, 12.3402, DIS
172, 1, 0, 0.104409, 0.230418, 0.0660962, 0.208641, 14.5563, DIS
47, 3, 0, 0.144666, 0.216516, 0.0761297, 0.267959, 11.2989, DIS
392, 7, 0, 0.0553313, 0.202449, 0.0157853, 0.23643, 27.7859, DIS
196, 2, 0, 0.0322104, 0.165083, 0.0271874, 0.218346, 16.2768, DIS
280, 11, 0, 0.0223479, 0.183797, 0.0319875, 0.228985, 46.1166, DIS
189, 8, 2, 0.00709843, 0.163095, 0.0114321, 0.187344, 53.4934, DIS
1, 1, 0, 0, 0, 0, 0, 6.20484, DIS
218, 6, 0, 0.0894526, 0.181212, -0.0688667, 0.219844, 30.827, DIS
102, 2, 0, -0.0640307, 0.177792, 0.0611422, 0.231024, 11.4877, DIS
282, 17, 0, 0.0468803, 0.258088, -0.0127695, 0.240563, 74.0459, DIS
270, 0, 0, -0.0825961, 0.187141, 0.1126, 0.218937, 26.1621, DIS
277, 3, 0, 0.0109222, 0.158555, -0.0461338, 0.226009, 20.4238, DIS
202, 2, 0, 0.0452801, 0.18632, -0.113878, 0.189469, 17.6588, DIS
375, 6, 0, 0.029868, 0.172113, 0.0627119, 0.223039, 32.689, DIS
162, 3, 0, -0.0423002, 0.196763, 0.00782681, 0.183677, 19.7738, DIS
3, 1, 1, -0.000194461, 0.3804, 7.98735e-06, 0.0740235, 21.0604, DIS
221, 1, 0, 0.0227016, 0.247263, 0.00481416, 0.189758, 19.6209, DIS
180, 1, 0, 0.0285654, 0.20328, 0.141694, 0.195909, 19.8404, DIS
3, 1, 0, -5.24832e-05, 0.380162, -8.32421e-06, 0.0740235, 9.37573, DIS
309, 9, 2, -0.0662839, 0.213759, -0.462293, 3.05411, 55.3652, DIS
112, 2, 0, 0.0347102, 0.220171, -2.94496, 3.02571, 12.3911, DIS
2, 1, 0, -0.000433254, 0.328957, 8.43528e-05, 0.0640466, 4.87656, DIS
3, 1, 1, -0.000147254, 0.380082, -1.54066e-05, 0.0740235, 14.1089, DIS
168, 2, 0, 0.0200612, 0.182236, 1.19621, 2.66158, 10.2933, DIS
152, 14, 0, -0.0087283, 0.150307, -0.0153487, 0.175382, 37.2454, DIS
164, 1, 0, 0.0961131, 0.188765, 0.0365407, 0.239445, 13.9421, DIS
2, 1, 0, -3.51564e-06, 0.329258, 6.84487e-07, 0.0641057, 5.68529, DIS
305, 1, 0, -0.306048, 0.179282, 0.0558817, 0.206467, 11.3909, DIS
3, 1, 1, -0.000174263, 0.380058, 2.46309e-05, 0.0740235, 17.6467, DIS
168, 8, 0, -0.0417731, 0.203188, -0.0424599, 0.185492, 24.5175, DIS
387, 9, 0, -0.0452986, 0.214211, -0.0655864, 0.231111, 43.2967, DIS
3, 1, 1, -4.10234e-07, 0.380199, 2.83533e-08, 0.0740235, 13.5237, DIS
3, 1, 1, -3.28601e-06, 0.380197, -3.44958e-08, 0.0740235, 13.3676, DIS
310, 18, 1, 0.0488418, 0.260755, -0.00993737, 0.241914, 76.7414, DIS
86, 0, 0, -0.0426659, 0.255037, -0.13922, 0.183368, 7.31141, DIS
52, 2, 0, -0.0199185, 0.221705, 0.00575205, 0.245503, 8.26973, DIS
2, 1, 0, -0.00468595, 0.325967, 0.000912337, 0.0634644, 6.23296, DIS
280, 6, 0, 0.00488201, 0.189041, 0.0257425, 0.187423, 39.2329, DIS
3, 1, 1, -0.00123992, 0.379183, 6.32167e-05, 0.0740235, 12.5039, DIS
206, 4, 0, 0.0185013, 0.201263, 0.0653159, 0.201507, 19.6406, DIS
97, 6, 0, 0.0126593, 0.206954, -0.0376006, 0.183378, 22.4559, DIS
343, 13, 1, 0.153672, 0.249904, -0.01861, 0.240529, 58.4157, DIS
305, 14, 0, -0.0685705, 0.224964, 0.00619518, 0.217252, 63.2474, DIS
312, 9, 0, 0.0289162, 0.200312, -0.0310648, 0.190821, 39.0296, DIS
137, 2, 0, -0.00427755, 0.174974, -0.137646, 0.231961, 13.5085, DIS
273, 6, 0, 0.0158162, 0.20543, -0.0181933, 0.229204, 43.3386, DIS
232, 6, 0, -0.00176812, 0.171074, 0.119682, 0.232016, 30.3903, DIS
154, 0, 0, -0.0833313, 0.215284, 0.00620204, 0.216783, 9.73201, DIS
180, 6, 0, 0.0685268, 0.218231, 0.588595, 2.37542, 26.7236, DIS
2, 1, 1, -5.4472e-06, 0.329257, -1.06055e-06, 0.0641055, 11.2927, DIS
43, 1, 0, 0.00736888, 0.263623, -0.0109028, 0.257655, 9.35072, DIS
45, 2, 0, -0.0544583, 0.205686, 1.09989, 3.42417, 10.846, DIS
130, 6, 0, 0.0111673, 0.216438, 0.0867386, 0.175853, 22.2004, DIS
294, 6, 0, -0.0284027, 0.179798, 0.0220192, 0.205178, 40.0206, DIS
28, 2, 0, 0.052782, 0.20118, -0.188833, 0.305647, 7.75294, DIS
275, 10, 0, 0.087248, 0.214795, 0.241387, 2.21951, 48.0257, DIS
1, 1, 0, 0, 0, 0, 0, 6.13684, DIS
178, 0, 0, -0.0888735, 0.155644, 0.000934515, 0.216788, 14.3107, DIS
415, 13, 0, -0.0591778, 0.199608, 0.0459996, 0.225738, 47.2049, DIS
170, 6, 0, 0.111319, 0.207804, 0.0947143, 0.252532, 20.7687, DIS
315, 1, 0, 0.0718747, 0.236419, 0.00302907, 0.218382, 15, DIS
356, 7, 0, 0.0312548, 0.162323, -0.0403284, 0.239397, 29.3805, DIS
142, 1, 0, 0.0955181, 0.184552, 0.143658, 0.299715, 11.229, DIS
168, 2, 0, -0.000722473, 0.222132, 0.104686, 0.171044, 10.2188, DIS
194, 6, 0, 0.0309607, 0.15764, 0.0299938, 0.207859, 36.931, DIS
278, 2, 0, -0.0721965, 0.175001, -0.249397, 1.73716, 23.309, DIS
222, 17, 1, 0.0451198, 0.265425, 0.0607126, 0.24482, 83.6432, DIS
140, 2, 0, 0.0173075, 0.202731, -0.0393716, 1.19325, 15.4059, DIS
248, 6, 0, 0.149012, 0.252414, 0.000866966, 0.170931, 21.3414, DIS
143, 1, 0, 0.0591172, 0.191408, 0.0804144, 0.521868, 10.5972, DIS
154, 5, 0, 0.0264819, 0.22623, 0.0247008, 0.171744, 22.251, DIS
269, 8, 0, -0.0347033, 0.169271, 0.0300557, 0.205209, 39.7391, DIS
302, 1, 0, 0.130558, 0.204055, 0.00162693, 0.21589, 13.3734, DIS
303, 4, 0, -0.026218, 0.19932, 0.0329517, 0.386242, 24.5125, DIS
208, 6, 0, -0.124773, 0.1596, -0.0934751, 0.219544, 27.9834, DIS
8, 1, 1, -0.000635372, 0.303146, 0.000577473, 0.21591, 13.4674, DIS
35, 4, 0, -0.134369, 0.258308, 0.872777, 3.42376, 14.8387, DIS
190, 2, 0, -0.158194, 0.241921, 2.05099, 2.76309, 14.2085, DIS
327, 8, 0, 0.129108, 0.180943, -0.086551, 0.190062, 31.968, DIS
300, 6, 0, 0.0709349, 0.187993, 0.0966916, 0.212906, 32.1941, DIS
324, 12, 0, 0.0631909, 0.221566, 0.0530215, 0.256492, 46.3187, DIS
411, 6, 0, 0.0892948, 0.206505, -0.0669641, 0.230762, 29.6096, DIS
150, 6, 1, -0.0192065, 0.223914, -0.194019, 2.44157, 39.2653, DIS
3, 1, 1, -0.000116854, 0.380106, -2.24746e-05, 0.0740235, 17.9108, DIS
150, 4, 0, 0.0432771, 0.212075, -0.878566, 2.97879, 17.8957, DIS
2, 1, 1, -0.000417176, 0.328968, -8.12226e-05, 0.0640488, 21.6873, DIS
242, 2, 0, -0.0162202, 0.189595, -0.00363209, 0.196073, 27.1885, DIS
149, 2, 0, 0.0259901, 0.183617, -0.0324012, 0.173099, 15.3523, DIS
144, 6, 0, -0.0255993, 0.173959, -0.0357631, 0.21078, 24.9282, DIS
130, 6, 0, 0.0682032, 0.193472, 0.0335047, 0.224283, 19.5857, DIS
116, 4, 0, 0.0854032, 0.164473, -0.315627, 2.0661, 18.1688, DIS
186, 5, 0, 0.0161315, 0.258838, 0.0122102, 0.204029, 22.6308, DIS
371, 11, 1, 0.0021239, 0.208089, -1.38211, 3.12319, 57.1512, DIS
3, 1, 1, -0.00409458, 0.376863, 0.000711957, 0.0740269, 12.9893, DIS
235, 3, 0, -0.235779, 0.246909, 0.187092, 0.204687, 21.1717, DIS
137, 4, 0, -0.102894, 0.211407, -0.0288567, 0.17929, 16.5996, DIS
1, 1, 1, 0, 0, 0, 0, 14.0589, DIS
262, 4, 0, 0.0322915, 0.216523, 0.00985166, 0.217013, 22.9204, DIS
3, 1, 1, -2.71318e-05, 0.380179, -1.34473e-06, 0.0740235, 19.962, DIS
137, 4, 0, -0.0499248, 0.249499, -0.00114937, 0.528567, 19.7559, DIS
263, 0, 0, -0.00211607, 0.169079, -0.0343115, 0.226623, 10.1137, DIS
3, 1, 1, -0.000870001, 0.37949, 0.000165116, 0.0740237, 11.7418, DIS
372, 7, 0, -0.0479811, 0.179528, -0.0220991, 0.232869, 36.4828, DIS
169, 5, 0, 0.0393855, 0.223033, 0.108805, 1.42016, 22.5435, DIS
255, 4, 0, 0.0835381, 0.204204, -0.0930842, 0.19675, 20.8182, DIS
144, 0, 0, 0.152429, 0.210926, 0.170524, 0.205323, 9.75786, DIS
1, 1, 1, 0, 0, 0, 0, 37.6936, DIS
242, 7, 1, -0.041877, 0.17934, 0.0190382, 0.180955, 36.0293, DIS
234, 7, 0, 0.0193971, 0.189825, -0.0108083, 0.203641, 34.0085, DIS
198, 7, 0, -0.0240043, 0.179388, 0.387384, 3.11413, 24.8159, DIS
8, 1, 1, -0.000213008, 0.303523, 0.000263776, 0.215909, 22.5761, DIS
141, 4, 0, -0.11424, 0.189998, 0.137818, 0.216873, 18.5981, DIS
164, 5, 0, 0.0712707, 0.238357, 0.0706717, 0.15945, 24.1615, DIS
46, 2, 0, -0.0939178, 0.269707, -0.0117938, 0.242069, 5.68925, DIS
148, 5, 0, -0.0625339, 0.246505, -0.16275, 1.92596, 19.95, DIS
1, 1, 1, 0, 0, 0, 0, 13.2675, DIS
187, 3, 0, -0.00686338, 0.286749, -0.50521, 1.87458, 20.9521, DIS
36, 3, 0, 0.137356, 0.239823, -0.106279, 0.254741, 23.6108, DIS
114, 6, 0, 0.0506832, 0.219361, 0.117858, 1.12275, 25.3939, DIS
1, 1, 1, 0, 0, 0, 0, 26.7244, DIS
292, 1, 0, 0.232596, 0.194124, 0.0209112, 0.225969, 12.822, DIS
169, 1, 0, -0.0313154, 0.195953, -0.0517698, 0.202444, 10.4783, DIS
160, 2, 0, 0.0716787, 0.257888, 0.246447, 0.192918, 17.6722, DIS
290, 8, 0, 0.0788039, 0.163999, 0.00476063, 0.205935, 33.2353, DIS
226, 5, 0, -0.112937, 0.21126, -0.0338711, 0.189519, 22.0389, DIS
47, 8, 0, 0.0726624, 0.227916, 2.33392, 2.9141, 22.2472, DIS
182, 8, 0, -0.00765149, 0.198182, 0.132681, 0.193441, 27.117, DIS
425, 8, 0, 0.103973, 0.205812, -0.185765, 0.239385, 27.515, DIS
235, 6, 0, -0.0268559, 0.169432, 0.0466905, 0.191184, 33.9155, DIS
212, 2, 0, -0.00132658, 0.167225, -0.0293695, 0.199974, 12.6902, DIS
2, 1, 1, -1.70973e-05, 0.329251, -0.000227372, 4.37862, 14.0663, DIS
402, 8, 0, -0.0538175, 0.243302, 0.0291498, 0.211272, 34.9901, DIS
1, 1, 0, 0, 0, 0, 0, 9.71348, DIS
3, 1, 1, -2.87003e-05, 0.380177, 2.31048e-06, 0.0740235, 25.3727, DIS
265, 4, 0, 0.00172374, 0.181298, -0.0659715, 0.212078, 24.0507, DIS
230, 6, 0, -0.00921424, 0.143091, -0.00362763, 0.218247, 30.482, DIS
207, 0, 0, -0.0994846, 0.254693, -0.163301, 0.190589, 11.7564, DIS
352, 7, 0, 0.0430762, 0.22496, -0.102716, 0.271147, 28.5173, DIS
1, 1, 1, 0, 0, 0, 0, 21.1375, DIS
278, 2, 0, -0.271538, 0.190701, 0.282051, 1.89741, 18.0388, DIS
3, 1, 1, -6.27903e-05, 0.380158, -4.74859e-06, 0.0740235, 17.646, DIS
44, 1, 0, -0.120707, 0.20885, -0.0701853, 0.267965, 5.70226, DIS
186, 1, 0, -0.0937284, 0.22599, -0.0986436, 0.200244, 17.5399, DIS
57, 3, 1, -0.0370148, 0.217818, 0.0764476, 0.248691, 20.9598, DIS
177, 6, 0, 0.016883, 0.169794, -0.00292896, 0.209122, 25.7523, DIS
1, 1, 0, 0, 0, 0, 0, 9.5268, DIS
216, 5, 0, -0.0306547, 0.246426, 0.0289615, 0.231985, 24.27, DIS
311, 12, 0, 0.0213914, 0.19744, -0.0848366, 0.210171, 41.5268, DIS
350, 4, 0, -0.159597, 0.200686, 0.166478, 0.224787, 28.2641, DIS
284, 16, 0, -0.234695, 0.266949, -0.102878, 0.243201, 56.587, DIS
376, 11, 0, 0.095713, 0.183668, 0.349962, 1.60802, 45.5603, DIS
228, 2, 0, -0.0823414, 0.220631, 0.0293904, 0.225612, 23.8564, DIS
275, 9, 0, -0.035039, 0.156445, -0.0452613, 0.211837, 40.5876, DIS
178, 6, 0, 0.0154022, 0.23625, -0.00393881, 0.207444, 23.9836, DIS
353, 4, 0, 0.0370623, 0.187762, 0.880091, 2.68074, 26.8242, DIS
95, 5, 1, 0.00297502, 0.206178, 0.00181566, 0.212394, 31.6714, DIS
417, 6, 0, 0.00377288, 0.197808, 0.00664219, 0.228495, 25.0548, DIS
76, 2, 0, 0.203053, 0.208392, -0.0260925, 0.228043, 6.34503, DIS
202, 8, 0, -0.164739, 0.203428, 0.114607, 0.196998, 30.4145, DIS
135, 3, 0, 0.0473746, 0.157249, -0.0128146, 0.172109, 19.4481, DIS
2, 1, 1, -2.4522e-05, 0.329246, 4.77433e-06, 0.0641028, 12.1398, DIS
186, 5, 0, -0.031424, 0.259726, 0.0349215, 0.248077, 20.0264, DIS
249, 6, 0, -0.0713561, 0.184905, 0.50346, 3.10732, 29.732, DIS
273, 1, 0, 0.0449184, 0.213747, -0.175058, 0.207284, 18.2953, DIS
25, 2, 0, -0.170894, 0.298753, 0.064221, 0.210455, 6.53373, DIS
139, 3, 0, -0.0607654, 0.202015, 0.0190151, 0.16499, 15.7282, DIS
57, 7, 0, 0.147374, 0.233342, -0.0400082, 0.240983, 25.8197, DIS
184, 5, 0, -0.0176483, 0.248152, 0.388215, 1.91012, 18.7345, DIS
332, 6, 0, 0.0868629, 0.230029, -0.0253993, 0.244385, 25.1702, DIS
216, 6, 0, -0.0173211, 0.168903, 0.0358843, 0.22447, 27.929, DIS
379, 10, 0, -0.285903, 0.209448, 0.0806354, 0.213992, 36.2533, DIS
64, 2, 0, 0.104673, 0.270568, 0.012187, 0.227127, 9.82644, DIS
160, 2, 0, -0.106236, 0.232102, -0.120735, 0.208478, 15.4991, DIS
111, 0, 0, -0.139855, 0.188131, 0.0768842, 0.211236, 8.26602, DIS
36, 2, 0, -0.0945632, 0.244139, 0.155177, 0.250612, 8.29807, DIS
312, 4, 0, -0.0134067, 0.170764, 0.00526435, 0.209345, 23.4644, DIS
323, 15, 0, -0.0731325, 0.242438, 0.00925258, 1.59838, 61.111, DIS
238, 12, 0, 0.0858921, 0.251304, 0.0101522, 0.237343, 63.55, DIS
411, 4, 0, -0.3739, 0.244076, -0.015738, 0.220018, 35.554, DIS
113, 1, 0, -0.163034, 0.182186, -0.0976012, 1.35449, 9.71743, DIS
221, 15, 0, 0.0686843, 0.233297, -1.09791, 3.09037, 63.5063, DIS
3, 1, 1, -8.51157e-05, 0.380131, -0.00055386, 3.57532, 22.9441, DIS
230, 4, 0, 0.0235917, 0.210717, 0.0601051, 1.62749, 26.1054, DIS
3, 1, 1, -7.4647e-06, 0.380195, -9.56326e-07, 0.0740235, 23.7373, DIS
206, 10, 2, -0.0328866, 0.251527, -0.0588746, 0.466142, 75.2064, DIS
227, 7, 2, -0.117094, 0.216878, 0.0481792, 0.210095, 61.0666, DIS
441, 2, 0, 0.0538949, 0.205367, -0.0062701, 0.243095, 31.1342, DIS
210, 4, 0, -0.0482501, 0.21088, -0.0774607, 0.193066, 12.573, DIS
181, 5, 0, -0.0790881, 0.262382, -0.186902, 0.246571, 21.9627, DIS
244, 18, 0, 0.00228136, 0.255956, 0.0875548, 0.244904, 76.7932, DIS
52, 4, 1, -0.0442942, 0.252685, 0.0154921, 0.25823, 26.2788, DIS
166, 0, 0, -0.165985, 0.216309, -0.0883681, 0.206245, 12.3301, DIS
222, 13, 0, -0.0276244, 0.213316, -0.0158667, 0.205345, 56.8499, DIS
302, 15, 1, -0.0540613, 0.192484, -0.00674772, 0.195092, 62.4691, DIS
343, 12, 1, -0.00994846, 0.241137, -0.0113886, 0.228886, 68.8731, DIS
297, 0, 0, -0.0725837, 0.234654, 0.187706, 0.233191, 12.7706, DIS
193, 6, 0, -0.130075, 0.225479, -0.471584, 3.44928, 19.8976, DIS
234, 2, 0, -0.0323939, 0.209716, -0.019664, 0.21478, 16.8333, DIS
3, 1, 1, -0.000305903, 0.37995, 1.13266e-05, 0.0740235, 23.2665, DIS
56, 2, 0, 0.0122365, 0.232852, -0.0936684, 0.234845, 8.72392, DIS
190, 4, 0, -0.055201, 0.253714, -0.0377545, 0.238635, 21.317, DIS
217, 5, 0, -0.0872644, 0.359181, -0.0657934, 0.230417, 21.2806, DIS
59, 1, 0, -0.0517804, 0.220443, -0.0910752, 0.243133, 5.23782, DIS
346, 12, 0, 0.0943031, 0.208117, 0.0600863, 0.233269, 45.8702, DIS
265, 9, 2, 0.0301408, 0.185634, 0.0228208, 1.09217, 60.1777, DIS
314, 6, 0, 0.0944514, 0.175113, 0.0782057, 0.213939, 28.9379, DIS
357, 15, 0, 0.131908, 0.22681, -0.00923586, 0.219414, 51.5071, DIS
143, 2, 0, -0.407329, 0.216636, -0.0954051, 1.1089, 17.6017, DIS
1, 1, 1, 0, 0, 0, 0, 21.567, DIS
178, 2, 0, 0.052953, 0.178802, 0.134863, 0.223678, 22.2862, DIS
47, 4, 0, 0.073976, 0.2202, 0.00926427, 0.266697, 18.4662, DIS
156, 2, 0, -0.00681801, 0.190992, 0.030687, 0.239077, 16.1886, DIS
108, 9, 1, 0.00319311, 0.245931, 3.212, 2.91625, 36.7173, DIS
3, 1, 1, -4.54095e-05, 0.380167, -4.87695e-06, 0.0740235, 34.6553, DIS
168, 10, 2, -0.0583011, 0.204569, -0.0605663, 0.195158, 69.6147, DIS
182, 7, 0, 0.00998838, 0.266644, -0.0294266, 0.226562, 21.1528, DIS
210, 2, 0, -0.019648, 0.185721, -0.0266799, 0.206043, 23.5901, DIS
296, 12, 1, 0.0865788, 0.221197, 0.0086581, 0.249631, 63.3731, DIS
3, 1, 1, -0.000854218, 0.379503, 9.66361e-05, 0.0740236, 18.2448, DIS
108, 0, 0, 0.20726, 0.196659, -0.0653254, 0.22491, 7.02125, DIS
380, 8, 1, -0.0330297, 0.206967, -0.00410632, 0.224282, 42.0392, DIS
150, 2, 0, 0.0231417, 0.226675, 0.0317538, 0.174663, 18.6822, DIS
320, 3, 0, -0.0488733, 0.205705, -0.066584, 0.68317, 25.9031, DIS
346, 3, 0, 0.135576, 0.184047, -0.0539878, 0.210432, 25.7555, DIS
108, 10, 2, -0.0214002, 0.24207, 0.000765976, 0.230088, 97.2797, DIS
3, 1, 0, -0.000124962, 0.380098, -0.0015405, 3.57474, 8.5541, DIS
392, 10, 1, -0.0210732, 0.20029, -0.0168745, 0.235874, 58.2959, DIS
266, 6, 0, 0.0987321, 0.183755, 0.119366, 0.177666, 35.3446, DIS
180, 2, 0, -0.0236458, 0.226482, 0.0264115, 0.211951, 14.8233, DIS
320, 6, 0, 0.056328, 0.1725, -0.0563151, 0.183584, 35.3007, DIS
2, 1, 0, -6.34435e-08, 0.2015, 4.86838e-08, 0.154622, 5.19789, DIS
