249, 3, 0, -0.262594, 0.256646, 0.132559, 0.215669, 19.7897, 2.9744, DIS
238, 6, 0, 0.0171521, 0.256032, -0.0524663, 0.186834, 30.3517, 3.8433, DIS
301, 8, 0, 0.0481879, 0.239852, 0.0165849, 0.218006, 28.5654, 2.94787, DIS
190, 12, 0, -0.019938, 0.164344, 0.0598395, 0.191015, 44.3344, 3.22329, DIS
2, 1, 0, -2.30985e-05, 0.262386, -6.20383e-06, 0.070472, 3.93863, 0, DIS
282, 14, 0, 0.0987122, 0.202347, 0.0510462, 0.226777, 47.366, 4.03237, DIS
314, 6, 0, 0.0244142, 0.207944, -0.0462516, 0.209215, 34.3516, 3.08786, DIS
366, 12, 0, 0.194416, 0.199836, 0.154084, 0.216111, 53.8112, 5.28414, DIS
257, 5, 0, -0.00119506, 0.260189, -0.0700949, 0.196194, 26.6846, 3.55113, DIS
460, 2, 0, -0.253453, 0.21866, -0.0531582, 0.240966, 23.1921, 2.3768, DIS
3, 1, 1, -2.03722e-05, 0.380184, -0.000265275, 3.57548, 27.4765, 0, DIS
3, 1, 1, -0.000413757, 0.379863, -7.98539e-05, 0.0740235, 16.449, 0.00552427, DIS
484, 16, 0, -0.00592273, 0.193336, 0.0293801, 0.225466, 78.5085, 8.25053, DIS
248, 2, 0, 0.0931713, 0.205563, -0.145012, 0.22358, 26.8768, 2.77552, DIS
242, 3, 0, -0.102409, 0.233003, -0.0588356, 0.197563, 14.2071, 1.62151, DIS
278, 7, 0, -0.0122805, 0.231713, -0.138939, 1.48324, 42.9821, 4.32417, DIS
217, 7, 0, -0.0121183, 0.191231, -0.0225218, 0.216123, 39.5912, 4.31234, DIS
28, 1, 1, 0.00379152, 0.274876, -0.0046241, 0.213184, 12.8491, 0.140353, DIS
334, 4, 0, -0.0303832, 0.188445, -0.0320546, 0.212834, 58.7399, 5.30302, DIS
230, 4, 0, -0.0105652, 0.2613, -0.00550679, 0.211178, 24.2368, 2.42777, DIS
146, 12, 0, 0.0286354, 0.185799, -0.105234, 2.47584, 51.6286, 2.33023, DIS
128, 2, 0, -0.0355476, 0.175589, 0.0146644, 0.229135, 12.167, 0.923657, DIS
284, 6, 0, 0.0249451, 0.165073, -0.0179294, 0.215735, 29.4805, 2.67238, DIS
280, 10, 0, -0.00942494, 0.174088, -0.0323152, 0.209705, 54.6113, 2.84442, DIS
43, 2, 0, -0.12607, 0.220702, 0.0241158, 0.268727, 10.7548, 0.128729, DIS
282, 8, 0, 0.023866, 0.183788, -0.0389104, 0.204684, 43.7155, 3.74896, DIS
310, 16, 0, -0.0487061, 0.247003, -0.0571558, 0.184188, 58.1527, 5.46241, DIS
318, 8, 0, 0.0114108, 0.196979, -0.0761019, 0.197253, 45.309, 3.90955, DIS
23, 3, 1, -0.129201, 0.312, -0.12358, 0.255731, 20.3481, 0.225685, DIS
339, 4, 0, 0.0998797, 0.224808, 0.0866517, 0.224965, 36.6166, 5.45156, DIS
280, 8, 0, 0.260023, 0.218191, 0.037566, 0.207271, 34.099, 3.99576, DIS
2, 1, 1, -2.3782e-05, 0.329246, -4.63026e-06, 0.0641029, 24.2202, 0, DIS
276, 14, 0, -0.0119815, 0.176277, -0.0340802, 0.191813, 57.3744, 3.33796, DIS
282, 2, 0, 0.0302925, 0.177105, -0.0374812, 0.201858, 29.6232, 1.96538, DIS
210, 10, 0, -0.037706, 0.185813, 0.0921724, 0.211977, 41.4598, 3.90699, DIS
188, 4, 0, 0.0397723, 0.177676, -0.0107665, 0.21696, 21.9636, 1.29345, DIS
216, 4, 0, 0.192648, 0.190632, 0.0685449, 0.191605, 23.5267, 1.77126, DIS
3, 1, 1, -6.33797e-06, 0.380195, 2.58736e-07, 0.0740235, 26.0177, 0, DIS
292, 6, 0, -0.0304127, 0.176713, -0.015655, 0.205563, 39.0933, 3.7024, DIS
306, 14, 0, -0.0893163, 0.216147, -0.112173, 0.232627, 55.6245, 6.57202, DIS
316, 8, 0, -0.00778594, 0.177135, 0.030497, 0.231633, 51.5998, 5.00341, DIS
3, 2, 1, -0.0212111, 0.363089, 0.00388103, 0.0741252, 27.1464, 0.0848655, DIS
334, 8, 0, 0.0123822, 0.200278, 0.0183708, 0.914587, 44.276, 3.82559, DIS
346, 2, 0, 0.00260826, 0.204412, -0.216405, 0.20871, 34.502, 3.92813, DIS
400, 12, 0, -0.0188529, 0.189391, 0.0755928, 0.207485, 68.074, 5.13521, DIS
344, 4, 0, -0.0414135, 0.223937, -0.279307, 2.12492, 37.2131, 3.90065, DIS
259, 12, 0, -0.0273754, 0.135915, -0.0349767, 2.18973, 54.0593, 2.81371, DIS
1, 1, 1, 0, 0, 0, 0, 16.546, 0.00552427, DIS
230, 13, 2, 0.025627, 0.175361, -0.0116815, 0.193051, 82.0325, 3.48448, DIS
268, 4, 0, 0.19, 0.229206, 0.0282794, 0.207347, 28.136, 3.45488, DIS
122, 5, 0, 0.0583831, 0.197354, 0.0149481, 0.221858, 24.1316, 3.32364, DIS
476, 12, 0, -0.0052995, 0.183446, -0.00563841, 0.251981, 51.0441, 4.17588, DIS
388, 14, 0, -0.0100465, 0.217005, -0.154091, 1.69994, 63.4781, 4.56047, DIS
282, 8, 0, 0.0119619, 0.204213, -0.0838498, 0.202193, 40.3214, 3.24019, DIS
429, 18, 0, -0.0279256, 0.211454, 0.070473, 0.246282, 90.1245, 7.34265, DIS
65, 5, 0, 0.127591, 0.281338, -0.0932316, 0.258694, 26.9551, 0.641006, DIS
254, 4, 0, -0.0153614, 0.19949, -0.633163, 2.77635, 37.9861, 3.75994, DIS
199, 6, 0, -0.027421, 0.190845, -0.00522555, 0.212704, 29.775, 2.02657, DIS
112, 7, 1, -0.0110483, 0.166403, 0.00610501, 0.186289, 41.8462, 2.7707, DIS
242, 10, 0, 0.0807927, 0.190227, -0.100207, 0.235946, 37.1968, 3.77412, DIS
242, 4, 0, 0.010998, 0.188851, 0.000784775, 0.201158, 46.08, 2.79382, DIS
336, 12, 0, 0.0157316, 0.182134, 0.0062852, 0.244328, 58.3833, 4.27164, DIS
2, 1, 1, -2.877e-06, 0.32926, -5.60142e-07, 0.0641058, 19.837, 0, DIS
3, 1, 1, -2.85853e-05, 0.380178, -9.52652e-07, 0.0740235, 15.3337, 0.00390625, DIS
51, 4, 0, 0.00696112, 0.224578, -0.144533, 0.241689, 16.5134, 0.169911, DIS
330, 10, 0, 0.103973, 0.213262, 0.0616247, 0.1731, 50.0207, 4.60027, DIS
365, 5, 0, 0.098742, 0.176813, -0.0563928, 0.234413, 33.0292, 2.73921, DIS
218, 4, 0, 0.0675788, 0.270869, -0.0482815, 0.194618, 22.1567, 2.94767, DIS
314, 8, 0, -0.0315725, 0.171846, -0.111603, 0.188588, 46.0189, 3.82245, DIS
236, 4, 0, -0.0622201, 0.185627, 0.0258259, 0.183353, 20.7257, 1.55828, DIS
422, 24, 0, 0.0167585, 0.191663, -0.055163, 1.07732, 87.4915, 6.12136, DIS
3, 1, 1, -7.18218e-05, 0.380142, -3.14286e-06, 0.0740235, 20.1738, 0, DIS
398, 18, 0, 0.0208447, 0.162679, 0.0234786, 0.20949, 98.7722, 5.09095, DIS
282, 8, 0, 0.0357802, 0.210289, -0.0055128, 0.210023, 39.1877, 2.97295, DIS
260, 12, 0, -0.149313, 0.222491, -0.0366172, 0.19383, 41.8455, 4.88994, DIS
377, 6, 0, -0.00785855, 0.174285, 0.0275916, 0.250422, 34.4806, 2.36343, DIS
455, 17, 0, -0.0710979, 0.200022, -0.0434031, 0.232404, 69.531, 6.59597, DIS
150, 1, 0, 0.0184611, 0.204359, -0.0178319, 0.208804, 11.9416, 1.69275, DIS
469, 14, 0, -0.0200896, 0.175071, -0.103664, 0.24779, 51.8808, 4.12417, DIS
255, 9, 0, 0.00702398, 0.229031, 0.0112723, 0.195721, 41.3706, 4.62842, DIS
416, 4, 0, 0.10522, 0.213568, 0.0687793, 0.188192, 48.968, 4.15995, DIS
266, 5, 0, 0.206718, 0.231703, -0.0904382, 0.186952, 24.2449, 3.13494, DIS
296, 2, 0, -0.0639362, 0.150652, -0.0449255, 0.179632, 26.1048, 1.60145, DIS
318, 11, 1, 0.00888563, 0.167538, -0.00378, 0.205428, 49.5088, 2.59069, DIS
282, 8, 0, -0.0422574, 0.172408, -0.0705149, 0.213356, 35.4953, 3.26196, DIS
274, 2, 0, 0.0172183, 0.228993, -0.76266, 2.19064, 28.6858, 3.21625, DIS
264, 8, 0, 0.0630816, 0.197067, 0.0163868, 0.188414, 31.4323, 2.69458, DIS
3, 1, 1, -9.49044e-05, 0.380122, 7.74002e-06, 0.0740235, 19.514, 0, DIS
38, 4, 0, 0.121596, 0.237568, -2.07551, 2.83045, 11.4298, 0.12861, DIS
300, 4, 0, -0.0432353, 0.191645, -0.238546, 0.222792, 32.3398, 3.15553, DIS
276, 12, 0, 0.0232201, 0.196201, -0.0468502, 0.222431, 37.8792, 2.97513, DIS
244, 12, 0, 0.0345308, 0.195745, 0.0452899, 0.209246, 41.3617, 3.82183, DIS
266, 12, 0, 0.00610392, 0.207731, -0.0543119, 0.178649, 39.9949, 3.24562, DIS
224, 4, 0, -0.00111423, 0.195968, -0.138217, 0.207568, 23.7146, 2.46572, DIS
301, 3, 0, -0.0363705, 0.207032, 0.0445094, 0.205892, 23.1323, 2.27074, DIS
198, 4, 0, -0.0266332, 0.181992, -0.00502996, 0.617015, 23.6017, 1.76863, DIS
230, 2, 0, 0.0158072, 0.16577, 0.0189684, 0.195932, 18.3379, 1.10628, DIS
330, 10, 0, 0.0903653, 0.176209, -0.0388458, 0.21552, 35.9789, 2.46335, DIS
260, 16, 0, 0.0589402, 0.233362, -0.0196138, 0.197158, 65.5658, 5.7499, DIS
314, 16, 0, 0.0558939, 0.187929, -0.0182561, 0.166232, 60.7968, 4.00466, DIS
3, 1, 1, -0.000175309, 0.380057, -0.00207155, 3.57443, 33.7637, 0, DIS
446, 12, 0, -0.0244376, 0.176373, -0.0511413, 0.191697, 65.4371, 3.67603, DIS
324, 12, 2, 0.0381829, 0.166996, 0.00114446, 0.183895, 114.841, 4.85153, DIS
228, 10, 0, 0.143051, 0.181942, -0.0214698, 0.235835, 36.9149, 2.94487, DIS
240, 8, 0, -0.0129943, 0.199775, 0.0514233, 1.21101, 52.9607, 4.32828, DIS
1, 1, 1, 0, 0, 0, 0, 43.328, 0.0110485, DIS
276, 16, 0, -0.0541083, 0.204698, -0.0836557, 0.192293, 47.7537, 3.89346, DIS
188, 4, 0, -0.0996331, 0.220838, 0.064337, 0.214249, 20.2985, 2.0805, DIS
2, 1, 1, -3.86006e-05, 0.329236, -7.51538e-06, 0.0641009, 11.8768, 0, DIS
181, 8, 0, -0.0727609, 0.192303, -0.0251877, 0.179148, 34.6318, 3.88767, DIS
179, 7, 1, -0.0303056, 0.189954, -0.104065, 0.218506, 41.6245, 4.63344, DIS
224, 2, 0, 0.0384972, 0.171341, -0.0498371, 0.224881, 22.9259, 2.59307, DIS
3, 1, 1, -4.26115e-05, 0.380165, 3.83226e-06, 0.0740235, 41.1587, 0, DIS
174, 12, 0, 0.0398928, 0.190558, 0.000388269, 0.147528, 49.644, 3.08748, DIS
318, 2, 0, 0.137361, 0.214202, 0.11939, 0.203815, 29.1741, 3.42062, DIS
314, 10, 0, 0.0182725, 0.201485, 0.0341061, 0.211168, 45.8329, 4.08394, DIS
282, 10, 0, 0.0167077, 0.178499, 0.0222711, 0.225822, 41.1732, 3.05241, DIS
92, 6, 0, 0.0144201, 0.159785, -0.00292699, 0.18534, 20.9833, 0.78396, DIS
442, 18, 0, 0.0118084, 0.17887, -0.0266129, 0.201565, 80.6983, 6.01875, DIS
286, 9, 0, 0.0904962, 0.238487, 0.0422499, 0.188214, 35.4369, 3.81562, DIS
239, 7, 0, -0.0173146, 0.228759, 7.42351e-05, 0.204713, 29.529, 3.34837, DIS
326, 10, 0, -0.0353176, 0.189201, 0.0345661, 0.202221, 42.5952, 3.80041, DIS
322, 18, 0, -0.0750959, 0.188622, 0.0479407, 0.190978, 58.8501, 4.5262, DIS
159, 6, 0, 0.0607934, 0.263788, -0.0446716, 0.172905, 17.6301, 1.99425, DIS
270, 14, 0, 0.110768, 0.188681, -0.0489831, 0.211846, 43.1311, 3.47652, DIS
232, 6, 0, 0.0506239, 0.15799, 0.064079, 0.263504, 28.2082, 2.24591, DIS
146, 4, 0, -0.00308665, 0.137453, -0.107016, 0.730874, 11.9579, 0.834092, DIS
285, 7, 0, -0.00117808, 0.209284, -0.0180219, 0.205998, 31.7621, 2.33628, DIS
132, 5, 0, 0.00355613, 0.157143, -0.00376437, 0.173998, 36.0149, 2.77492, DIS
284, 14, 0, -0.00169973, 0.218316, 0.06209, 1.00701, 77.3124, 5.62905, DIS
324, 12, 0, -0.0255821, 0.206702, 0.270196, 0.233069, 53.489, 6.09124, DIS
302, 4, 0, -0.154425, 0.19112, 0.23967, 0.213331, 30.185, 2.65712, DIS
3, 1, 1, -7.344e-06, 0.380195, -7.05847e-07, 0.0740235, 45.5465, 0.015625, DIS
328, 12, 0, -0.0483657, 0.207967, -1.68515, 2.83194, 53.7246, 5.04371, DIS
214, 8, 0, -0.0162456, 0.180192, -0.0475694, 0.192219, 40.2366, 2.47298, DIS
463, 8, 0, 0.190139, 0.188124, 0.0403663, 0.240941, 40.3522, 4.14291, DIS
183, 6, 2, -0.00630347, 0.268713, -0.0454946, 0.183538, 46.6201, 3.48917, DIS
220, 6, 0, -0.106068, 0.162037, 0.141349, 0.176753, 32.7929, 2.10791, DIS
336, 10, 0, 0.15123, 0.194524, -0.0580988, 0.208181, 38.2616, 4.25409, DIS
92, 6, 0, 0.0101333, 0.214269, 0.0484067, 0.208028, 21.1949, 1.21771, DIS
379, 10, 0, 0.0589926, 0.168972, -0.787137, 2.42381, 33.0956, 2.83093, DIS
359, 3, 0, -0.155906, 0.22275, -0.239557, 0.222876, 16.356, 2.46646, DIS
341, 5, 1, -0.101176, 0.230601, -0.0614315, 0.202195, 39.1596, 4.68724, DIS
9, 1, 1, -0.00206709, 0.315284, 0.000661628, 0.225462, 15.8198, 0.0206699, DIS
282, 6, 0, -0.0678907, 0.205211, -2.57039, 2.97349, 36.7343, 4.75375, DIS
268, 4, 0, -0.0563162, 0.173556, 0.108838, 0.188166, 32.9685, 2.32687, DIS
354, 14, 0, 0.0059134, 0.19903, 0.342259, 0.194168, 62.7015, 6.06063, DIS
49, 3, 1, 0.0115481, 0.214432, -0.0316113, 0.262628, 28.2637, 0.195, DIS
250, 0, 0, -0.237805, 0.200259, 0.216299, 0.252408, 18.0618, 2.55843, DIS
378, 20, 0, -0.0156175, 0.203529, -3.33722, 3.03516, 65.0126, 5.65118, DIS
222, 4, 0, 0.0167635, 0.192103, 0.0888555, 0.206361, 33.3779, 2.72939, DIS
301, 9, 1, -0.012536, 0.197739, 1.43836, 3.13249, 51.1281, 5.1598, DIS
5, 2, 1, -0.056651, 0.381113, -0.00223952, 0.177901, 16.0931, 0.0804346, DIS
1, 1, 1, 0, 0, 0, 0, 28.8507, 0, DIS
116, 3, 0, 0.00206889, 0.193935, 0.0193306, 0.209966, 15.9215, 1.65188, DIS
266, 8, 0, 0.116434, 0.187491, 0.0653927, 0.180455, 30.5376, 2.41601, DIS
330, 4, 0, -0.152995, 0.204862, -0.0759349, 0.22526, 35.8197, 4.0176, DIS
222, 10, 0, 0.0114793, 0.163397, 0.170988, 0.215945, 34.8154, 3.4864, DIS
1, 1, 0, 0, 0, 0, 0, 5.78449, 0.00195312, DIS
332, 12, 0, 0.035136, 0.181538, 0.00646883, 0.225336, 57.2601, 4.03269, DIS
232, 14, 2, 0.0080502, 0.150174, -0.0729146, 0.179486, 72.2906, 4.27784, DIS
268, 4, 0, 0.053767, 0.200165, 0.151661, 0.221255, 26.4854, 2.57387, DIS
190, 6, 0, 0.0483305, 0.137082, -0.152079, 0.231112, 33.3415, 2.1996, DIS
352, 12, 0, -0.0334554, 0.186337, 0.106216, 0.202692, 54.7368, 4.28886, DIS
223, 1, 0, 0.0325632, 0.259496, -0.0450214, 0.192743, 17.1937, 2.54281, DIS
248, 8, 0, -0.0189254, 0.189486, -0.0419306, 0.194104, 47.4689, 3.57413, DIS
260, 6, 0, 0.0319945, 0.169643, 0.343689, 2.21679, 34.3617, 2.1986, DIS
220, 8, 0, -0.0654469, 0.16721, -0.00209752, 0.186633, 48.3846, 3.19571, DIS
318, 14, 0, -0.0337508, 0.218726, 0.0774379, 0.186883, 55.9727, 4.93386, DIS
304, 12, 0, -0.0236185, 0.185512, -0.00921714, 0.522882, 55.389, 3.61405, DIS
298, 6, 0, -0.00582471, 0.21567, -0.205035, 1.71917, 30.2609, 2.48313, DIS
158, 0, 0, 0.180685, 0.195824, -0.257441, 0.262374, 11.6624, 1.72205, DIS
346, 24, 0, 0.0175208, 0.165378, -0.0407377, 1.19856, 96.7291, 4.10982, DIS
132, 2, 0, 0.112762, 0.198817, 1.36449, 2.94525, 8.67407, 0.816483, DIS
181, 6, 0, -0.0766361, 0.1539, -0.0940745, 0.177733, 36.2197, 3.91649, DIS
229, 16, 0, -0.0182803, 0.255463, 0.0106507, 0.233273, 42.9852, 1.97315, DIS
318, 16, 0, 0.0476245, 0.200657, 0.0138931, 0.190656, 48.9283, 4.37254, DIS
278, 6, 0, -0.0924938, 0.197285, -0.112838, 0.207424, 30.9113, 3.49703, DIS
228, 8, 0, 0.221514, 0.182184, -0.172189, 0.204132, 37.569, 3.33074, DIS
236, 4, 0, 0.0756819, 0.201762, 0.0806077, 0.199521, 29.0928, 2.58235, DIS
184, 5, 0, -0.0228304, 0.192446, 0.000585055, 0.200962, 28.1862, 3.57737, DIS
326, 10, 0, 0.0834293, 0.197808, 0.117559, 0.194921, 44.7748, 3.15708, DIS
264, 10, 0, 0.0473542, 0.173087, 0.0136347, 0.234867, 50.0668, 2.81405, DIS
252, 10, 0, 0.00427867, 0.210873, -0.010251, 0.205687, 44.6226, 3.5189, DIS
200, 4, 0, 0.0180917, 0.185844, 0.0113085, 0.212447, 33.4549, 2.27927, DIS
3, 1, 1, -0.00164792, 0.378855, -0.000295143, 0.0740241, 16.7451, 0.0165728, DIS
312, 6, 0, 0.0290667, 0.202162, -2.83677, 2.95595, 40.0928, 4.99066, DIS
242, 8, 0, -0.0863399, 0.183189, 0.0541391, 0.189361, 41.8211, 3.01656, DIS
276, 4, 0, 0.0661593, 0.191132, -0.393051, 2.06536, 41.2691, 3.47812, DIS
338, 2, 0, 0.049771, 0.20341, -0.00811317, 0.225998, 28.2632, 3.32616, DIS
298, 6, 0, 0.0898781, 0.18915, 0.063205, 0.213156, 36.8976, 3.61866, DIS
250, 0, 0, 0.0170918, 0.185655, -0.0944444, 0.239, 23.2419, 2.88494, DIS
254, 6, 0, -0.0541717, 0.175201, -0.0452764, 0.229224, 34.1828, 2.93871, DIS
120, 2, 0, -0.00723934, 0.164627, -0.0344612, 0.205343, 13.5036, 0.879525, DIS
311, 12, 1, 0.0200973, 0.233734, 0.00531731, 2.41747, 76.4111, 2.70145, DIS
358, 2, 0, 0.0453106, 0.175337, 0.0259294, 0.190992, 40.8896, 3.37752, DIS
176, 10, 0, -0.0019982, 0.190676, -0.0190594, 0.182035, 36.8432, 2.05067, DIS
211, 8, 0, 0.00207524, 0.233734, -0.0210947, 0.192552, 35.2241, 3.80587, DIS
408, 18, 0, 0.0840517, 0.197614, -0.0245524, 0.19948, 75.4569, 4.76237, DIS
256, 8, 0, -0.0201642, 0.203927, 0.248943, 0.206758, 30.681, 3.69479, DIS
258, 4, 0, -0.0219853, 0.212943, -0.0206908, 0.197826, 22.8403, 1.89038, DIS
234, 10, 1, 0.044675, 0.191875, -0.0176169, 0.231676, 54.166, 2.9669, DIS
276, 6, 0, -0.0987818, 0.204068, -0.0433364, 0.185918, 39.8275, 3.42417, DIS
340, 14, 0, 0.0312906, 0.187034, 0.0528018, 0.213287, 62.1064, 3.7211, DIS
334, 14, 0, 0.0967628, 0.183962, 0.272112, 0.189096, 56.9366, 4.61518, DIS
216, 10, 0, 0.0609725, 0.217786, 0.0523612, 0.187927, 41.8484, 3.86585, DIS
288, 17, 0, 0.0326136, 0.176599, -0.0655684, 1.45237, 57.1674, 2.57154, DIS
326, 6, 0, 0.0567599, 0.202993, -0.0526944, 0.188105, 40.2869, 3.68092, DIS
392, 16, 0, 0.185401, 0.204876, -0.132212, 0.219316, 66.6386, 6.4374, DIS
1, 1, 1, 0, 0, 0, 0, 23.7878, 0, DIS
208, 2, 0, 0.268312, 0.267043, 0.287226, 0.218585, 14.7971, 2.15277, DIS
284, 0, 0, 0.058421, 0.21114, -0.333466, 0.245391, 21.5637, 2.4345, DIS
2, 1, 1, -2.7991e-07, 0.329264, -5.44971e-08, 0.0641062, 18.3185, 0.00552427, DIS
377, 10, 0, 0.143359, 0.245889, 0.0617916, 0.227266, 43.5987, 5.92273, DIS
132, 0, 0, -0.0614599, 0.195124, 0.261358, 0.223094, 6.48571, 0.663058, DIS
300, 14, 0, 0.0684004, 0.178917, 0.100988, 0.202153, 51.5362, 3.84165, DIS
400, 15, 0, 0.0264097, 0.249503, -0.106718, 0.247582, 64.9127, 4.87745, DIS
264, 4, 0, 0.0366862, 0.146906, -0.0749706, 0.249621, 31.58, 3.22409, DIS
163, 9, 0, -0.10202, 0.159963, -0.00516337, 0.204352, 32.4167, 3.94452, DIS
383, 8, 0, 0.0112066, 0.180691, -1.01418, 2.74838, 42.9295, 3.57582, DIS
282, 6, 0, -0.042952, 0.190846, -0.0234623, 0.198154, 34.0665, 2.84603, DIS
312, 16, 0, 0.0204106, 0.17963, -0.0572362, 0.190852, 64.1799, 4.10592, DIS
260, 2, 0, -0.0968976, 0.223767, -0.268384, 2.34721, 27.4471, 2.95067, DIS
428, 12, 0, 0.0330268, 0.186241, 0.0356366, 0.233815, 53.5263, 3.29965, DIS
163, 6, 0, -0.0179898, 0.291572, -0.0833163, 0.188228, 19.6676, 3.03406, DIS
225, 5, 0, 0.0295179, 0.196158, -0.12641, 0.234502, 15.0385, 1.82497, DIS
260, 4, 0, 0.0658021, 0.19552, -0.0208325, 0.228991, 23.5571, 2.5442, DIS
284, 10, 0, -0.025361, 0.165595, 0.0234681, 0.240232, 44.2361, 4.43473, DIS
204, 2, 0, -0.0254909, 0.211236, 0.0127846, 0.20909, 22.5576, 1.71567, DIS
205, 5, 0, 0.0505145, 0.214224, 0.105077, 0.209236, 30.2192, 4.19652, DIS
211, 5, 0, 0.151942, 0.148902, -0.211858, 0.22654, 27.4983, 4.32274, DIS
342, 6, 0, -0.0373379, 0.207774, -0.187002, 0.246, 37.7293, 3.9811, DIS
260, 10, 0, 0.0158925, 0.231055, -0.0606162, 0.196585, 35.1927, 3.55395, DIS
320, 6, 0, 0.38585, 0.280727, 0.0807689, 0.232339, 27.8337, 4.28714, DIS
1, 1, 1, 0, 0, 0, 0, 10.3504, 0, DIS
3, 1, 1, -0.000201762, 0.380035, -2.55098e-05, 0.0740235, 32.3384, 0.0110485, DIS
316, 10, 0, 0.042859, 0.195158, -0.00388057, 0.177767, 50.6277, 2.62314, DIS
274, 4, 0, 0.122415, 0.190676, -0.10267, 0.194801, 32.6961, 2.73769, DIS
104, 5, 0, 0.0255515, 0.259859, 0.0362036, 1.8194, 21.338, 0.583798, DIS
322, 10, 0, 0.0454485, 0.195482, -0.0197943, 0.224902, 38.2613, 3.86175, DIS
454, 6, 0, 0.160023, 0.188754, 0.0784601, 0.202983, 60.6962, 5.00904, DIS
288, 4, 0, -0.0174335, 0.193928, -0.0267384, 0.214811, 34.4146, 2.75625, DIS
292, 6, 0, 0.0602201, 0.205347, -0.00646849, 0.180709, 46.3139, 3.44177, DIS
17, 3, 1, -0.0680427, 0.248141, -0.0452584, 0.206356, 23.6578, 0.280489, DIS
193, 13, 1, 0.0180335, 0.209838, -0.00414944, 0.213441, 73.2726, 4.84506, DIS
3, 1, 1, -3.79093e-05, 0.380169, 7.36369e-06, 0.0740235, 41.337, 0, DIS
46, 4, 0, -0.000753579, 0.249747, 0.163592, 0.23146, 10.8919, 0.213311, DIS
264, 10, 0, 0.00649765, 0.179605, -0.035076, 0.187864, 35.5086, 2.7286, DIS
234, 14, 2, 0.0129322, 0.184496, -0.0238313, 0.200865, 57.843, 3.99897, DIS
292, 6, 0, -0.0797666, 0.200131, -0.138228, 1.57711, 27.879, 3.31452, DIS
302, 10, 0, 0.0489755, 0.187838, -0.0973899, 0.202179, 36.8569, 3.22194, DIS
12, 1, 0, -0.0126734, 0.345242, -0.00796606, 0.225145, 8.98887, 0.0331456, DIS
3, 1, 1, -5.67317e-05, 0.380155, -7.77139e-06, 0.0740235, 19.0301, 0.00552427, DIS
206, 8, 0, 0.0347485, 0.248111, 0.0145724, 0.197933, 44.4324, 3.53647, DIS
260, 8, 0, -0.0594043, 0.174429, -0.165894, 0.214869, 36.423, 3.41886, DIS
384, 13, 2, -0.0560385, 0.24883, -0.0586694, 0.215628, 112.126, 7.52106, DIS
234, 2, 0, 0.0110153, 0.180437, -1.91411, 2.80033, 24.78, 2.70917, DIS
216, 0, 0, 0.102615, 0.211218, 0.391266, 0.24751, 21.204, 2.3734, DIS
226, 6, 0, 0.04211, 0.170133, -0.0808501, 0.222408, 35.0675, 3.30613, DIS
237, 4, 0, 0.172658, 0.246588, 0.238416, 0.2235, 27.4582, 5.0942, DIS
242, 8, 0, 0.0424654, 0.192789, 0.000852244, 0.195649, 34.0548, 1.94318, DIS
421, 6, 0, -0.193273, 0.252233, -0.113822, 0.227874, 37.1788, 5.74062, DIS
204, 2, 0, 0.106434, 0.212807, -0.156681, 0.216447, 22.0638, 2.39018, DIS
294, 6, 0, 0.0552983, 0.197937, 0.190436, 0.235132, 40.589, 4.67067, DIS
256, 4, 0, -0.108212, 0.197018, 0.00959306, 0.186023, 33.4408, 2.8026, DIS
272, 2, 0, -0.0255746, 0.1968, -0.315005, 0.215775, 26.4981, 3.03237, DIS
193, 3, 0, -0.0730608, 0.257481, -0.0168952, 0.248003, 19.7009, 1.14719, DIS
3, 1, 1, -0.00499914, 0.376129, -0.0511279, 3.54593, 28.1875, 0.0448794, DIS
165, 5, 0, 0.0160239, 0.236856, -0.0225418, 0.187884, 38.4223, 3.62269, DIS
299, 5, 0, 0.0961475, 0.230016, 0.0372861, 0.20525, 26.6629, 3.10783, DIS
195, 3, 0, -0.0571326, 0.200188, 0.00132177, 0.188195, 20.227, 2.1037, DIS
250, 6, 0, -0.0840974, 0.20946, -0.0517269, 0.750521, 26.6032, 2.64301, DIS
362, 4, 0, 0.0327009, 0.211435, -0.0310777, 0.181876, 43.1393, 4.34599, DIS
213, 12, 0, -0.00202158, 0.221663, 0.01436, 0.183236, 51.3817, 4.1693, DIS
326, 4, 0, 0.0109787, 0.207445, -0.247363, 1.62078, 35.2793, 2.67548, DIS
386, 14, 0, -0.0122404, 0.177082, 0.873427, 2.7695, 72.565, 3.90619, DIS
240, 4, 0, 0.0271993, 0.194637, -0.163623, 1.19262, 30.2629, 2.38072, DIS
346, 14, 0, 0.0428175, 0.197202, -0.004996, 0.196064, 71.1095, 5.0169, DIS
39, 2, 0, -0.0717185, 0.262488, -0.0407544, 0.267848, 8.77189, 0.242722, DIS
330, 20, 0, -0.0134583, 0.191241, -0.372005, 3.04159, 81.4478, 4.66175, DIS
219, 7, 0, -0.00855793, 0.170969, 0.0337385, 0.233199, 40.3413, 5.62458, DIS
380, 14, 0, -0.117741, 0.200032, -0.00992474, 0.23329, 58.8327, 6.03836, DIS
236, 4, 0, -0.00124661, 0.175894, 0.142133, 0.211269, 25.1094, 1.82871, DIS
304, 4, 0, 0.156549, 0.225227, 1.56501, 2.78445, 29.5352, 3.30455, DIS
364, 6, 0, -0.0477505, 0.216967, 2.25901, 2.968, 39.2193, 4.21919, DIS
310, 10, 0, 0.0192176, 0.173228, -0.749329, 2.04634, 38.6639, 3.77884, DIS
148, 10, 0, 0.026156, 0.133051, -0.0322795, 0.171948, 41.5619, 1.34078, DIS
237, 6, 0, 0.0186776, 0.243982, 0.0769848, 0.203654, 39.1982, 4.31348, DIS
278, 6, 0, 0.0894601, 0.195453, 0.107193, 0.217592, 33.3631, 3.58152, DIS
182, 13, 0, 0.00152787, 0.163506, -0.0597106, 0.200465, 48.58, 4.63639, DIS
307, 7, 0, -0.0215218, 0.240838, -0.0204475, 0.18083, 42.7051, 4.62331, DIS
232, 6, 0, -0.0944019, 0.175345, -0.143955, 0.179695, 32.5657, 2.61256, DIS
289, 7, 0, 0.0542217, 0.166594, 0.0787683, 0.241997, 22.5262, 2.32776, DIS
1, 1, 1, 0, 0, 0, 0, 25.7725, 0, DIS
214, 6, 0, -0.00816611, 0.180134, 0.0605684, 0.231974, 25.7113, 1.66106, DIS
196, 7, 0, -0.201566, 0.197687, -0.0247061, 0.192784, 31.9261, 5.02551, DIS
268, 6, 0, 0.0505398, 0.202783, -2.43099, 3.15637, 43.8636, 3.82502, DIS
238, 6, 0, 0.0396883, 0.205443, 0.0378838, 0.202709, 41.8493, 3.80592, DIS
360, 16, 0, 0.00878734, 0.20367, -0.05769, 0.194389, 68.0894, 5.02579, DIS
288, 17, 2, -0.00371113, 0.225482, 0.00946817, 0.238369, 105.56, 3.10824, DIS
188, 14, 0, 0.00864087, 0.19329, 0.0247689, 0.221956, 43.6203, 3.73156, DIS
162, 4, 0, -0.143403, 0.221398, -0.05521, 0.213546, 20.1546, 1.90469, DIS
325, 7, 0, 0.019652, 0.175132, -0.0179557, 0.222169, 54.0577, 3.25653, DIS
167, 3, 0, -0.0672597, 0.186829, 0.0166654, 0.203074, 26.1591, 3.73806, DIS
408, 24, 0, 0.0581293, 0.184811, -0.00422995, 0.203749, 87.4831, 5.89243, DIS
3, 1, 0, -0.000389912, 0.379882, -0.000828093, 3.57515, 5.79246, 0.00195312, DIS
197, 7, 0, 0.00864621, 0.221852, -0.0457475, 0.197843, 38.7006, 4.30231, DIS
270, 18, 0, -0.0285724, 0.183753, 0.0772909, 0.165787, 73.116, 3.49249, DIS
1, 1, 1, 0, 0, 0, 0, 16.9473, 0, DIS
249, 8, 1, -0.0348988, 0.185414, 0.0389884, 0.205385, 39.0207, 3.06686, DIS
180, 4, 0, 0.0695306, 0.157846, 0.242687, 2.81495, 25.8047, 1.44311, DIS
310, 16, 0, 0.0604239, 0.198548, 0.0373004, 0.207291, 62.3125, 5.73647, DIS
270, 6, 0, -0.0252026, 0.177555, 0.0542558, 0.22462, 43.4775, 3.60108, DIS
280, 10, 0, 0.0126279, 0.203368, -0.0648162, 0.185769, 55.4656, 4.50439, DIS
368, 8, 0, 0.376165, 0.254973, -0.0721795, 0.195205, 36.6468, 4.93082, DIS
284, 14, 0, 0.060491, 0.211406, -0.0524604, 0.21861, 51.4691, 4.8609, DIS
368, 10, 0, 0.0361797, 0.232421, 0.000569727, 0.192194, 50.2519, 4.74871, DIS
41, 3, 0, -0.0428373, 0.224145, -1.61509, 3.49132, 11.2211, 0.11954, DIS
182, 8, 0, 0.0646963, 0.192194, 0.0142917, 0.209313, 34.7081, 2.61912, DIS
240, 6, 0, 0.0436183, 0.168709, -0.053463, 0.207587, 39.8043, 3.15581, DIS
286, 6, 0, 0.10493, 0.205799, 0.000487008, 0.184886, 36.0234, 3.09874, DIS
406, 12, 0, 0.0229128, 0.20582, 0.0775804, 0.212544, 58.1723, 3.87853, DIS
247, 9, 1, 0.00506233, 0.274275, 0.079734, 0.190077, 42.6671, 4.5572, DIS
188, 9, 0, -0.107305, 0.202035, -0.147638, 1.26173, 32.4834, 3.7688, DIS
182, 4, 0, 0.0268279, 0.189524, 0.0266137, 0.204698, 39.8382, 2.77536, DIS
280, 6, 0, -0.0872285, 0.197004, 0.0526798, 0.209698, 35.7366, 3.51299, DIS
420, 13, 0, 0.0531458, 0.177068, -0.0209566, 0.232072, 54.0075, 3.04467, DIS
252, 16, 0, -0.046497, 0.202596, -0.0453308, 0.200999, 44.5101, 4.19975, DIS
322, 6, 0, 0.0639519, 0.202917, -0.51442, 1.76008, 42.3171, 5.49669, DIS
374, 14, 2, -0.0110538, 0.210693, 0.0816413, 2.18739, 87.988, 4.7802, DIS
290, 10, 0, 0.0203487, 0.206515, -0.0457723, 0.198312, 39.2581, 3.54073, DIS
1, 1, 1, 0, 0, 0, 0, 13.5736, 0, DIS
30, 2, 0, -0.0864594, 0.276433, 0.460596, 3.2505, 5.15104, 0.0382982, DIS
3, 1, 1, -0.00175316, 0.37877, -0.000313747, 0.0740242, 29.7739, 0.0292317, DIS
3, 1, 1, -4.52103e-05, 0.380164, -2.27892e-06, 0.0740235, 11.7559, 0, DIS
272, 6, 0, 0.0497909, 0.16078, 0.0241033, 0.202102, 31.3757, 2.00307, DIS
352, 8, 0, 0.0768786, 0.208833, -0.0227113, 0.206771, 53.2339, 4.04502, DIS
158, 4, 0, 0.129606, 0.184594, -0.0696337, 0.238706, 18.0874, 1.6474, DIS
194, 10, 0, 0.0221364, 0.193724, -0.00526884, 0.215564, 35.7505, 2.70582, DIS
294, 4, 0, 0.0551692, 0.195676, 0.0341713, 1.65724, 23.2528, 1.81957, DIS
250, 6, 0, 0.013365, 0.211331, 0.00631868, 0.228271, 42.8416, 2.59353, DIS
250, 12, 0, 0.00685778, 0.170045, -0.0271048, 0.190995, 63.9582, 3.87705, DIS
169, 8, 0, -0.0207964, 0.197659, -0.0478219, 1.2005, 34.7307, 4.16981, DIS
306, 4, 0, 0.111064, 0.231318, 0.233039, 2.39219, 39.0089, 3.82713, DIS
414, 14, 0, 0.193176, 0.234581, -0.0272266, 0.226, 59.5117, 6.43782, DIS
352, 12, 2, 0.0464123, 0.171966, -0.0141902, 0.196699, 85.2167, 3.9287, DIS
316, 2, 0, -0.0642224, 0.216065, 0.172746, 0.221976, 35.397, 4.41904, DIS
270, 4, 0, 0.00209185, 0.186186, -0.203369, 1.33643, 35.9691, 4.54966, DIS
222, 6, 0, -0.00376116, 0.164234, -0.0160667, 0.185032, 37.802, 2.33533, DIS
262, 2, 0, -0.00182669, 0.191548, -0.0168325, 0.213463, 24.0274, 2.08155, DIS
310, 10, 0, -0.0568094, 0.198376, -0.396827, 2.34006, 61.3797, 4.06446, DIS
280, 10, 0, 0.0613585, 0.196377, 0.0514199, 0.183233, 34.9982, 2.88384, DIS
42, 0, 0, -0.0326333, 0.154633, 0.0269758, 0.197416, 3.72634, 0.135503, DIS
298, 10, 0, -0.00451102, 0.184111, -0.338626, 2.52148, 54.0591, 3.08242, DIS
328, 8, 0, -0.0392989, 0.226838, 0.104375, 0.213978, 39.9926, 4.96777, DIS
364, 18, 0, -0.030286, 0.195177, -0.00914591, 0.218707, 64.1234, 4.18207, DIS
3, 1, 1, -2.12979e-06, 0.380198, -2.21386e-05, 3.57563, 39.3853, 0, DIS
8, 1, 0, -0.000208501, 0.303531, -2.0939e-05, 0.215909, 9.26241, 0.00478416, DIS
252, 6, 0, -0.0683734, 0.173178, 0.159734, 0.195198, 39.1514, 2.92972, DIS
300, 8, 0, -0.0303731, 0.209521, -0.107115, 0.213402, 38.6522, 4.71501, DIS
352, 15, 0, -0.0477515, 0.196801, -0.0558205, 0.21987, 45.3487, 2.82618, DIS
322, 4, 0, 0.0740143, 0.164649, 3.51879, 2.80672, 30.8909, 3.62333, DIS
338, 26, 0, 0.145917, 0.198577, -0.247101, 1.84462, 81.589, 5.48512, DIS
220, 8, 0, 0.0311242, 0.166566, -0.0193163, 0.211256, 45.2832, 2.75406, DIS
1, 1, 1, 0, 0, 0, 0, 14.7112, 0.00390625, DIS
339, 18, 0, 0.0901057, 0.24247, 0.00945941, 0.179524, 64.1929, 7.6864, DIS
254, 8, 0, 0.00647669, 0.26373, -0.0298177, 0.198106, 37.2566, 4.78265, DIS
462, 12, 0, -0.000482073, 0.204635, 0.00384924, 0.188293, 71.0341, 5.71032, DIS
274, 10, 0, 0.0562571, 0.202487, 0.00315742, 0.193149, 37.2596, 3.08131, DIS
229, 12, 0, 0.110573, 0.187336, 0.0856284, 0.17858, 49.3155, 5.69494, DIS
268, 12, 0, 0.0749432, 0.194882, -0.0298572, 0.178125, 58.8111, 4.96787, DIS
284, 8, 0, 0.130041, 0.185046, 0.115396, 0.990511, 41.8309, 3.87988, DIS
312, 12, 0, -0.0255593, 0.169664, 0.0416562, 0.211962, 48.7554, 3.70294, DIS
295, 16, 1, 0.0404807, 0.225435, 0.0097898, 0.217262, 82.2574, 2.96496, DIS
234, 6, 0, -0.076191, 0.170555, 0.129982, 0.218456, 27.1626, 1.73724, DIS
270, 12, 0, 0.0474975, 0.22063, 0.243928, 0.196694, 46.699, 4.52553, DIS
330, 7, 0, -0.0555724, 0.215222, 0.0685881, 0.188674, 32.7139, 3.66733, DIS
408, 8, 0, 0.237934, 0.189758, -0.0139021, 0.194677, 55.7489, 4.34091, DIS
351, 5, 0, 0.11565, 0.189792, -0.0203109, 0.211876, 28.888, 2.48083, DIS
324, 4, 0, -0.0312379, 0.190309, -0.0676536, 0.202067, 32.1732, 2.98513, DIS
256, 4, 0, 0.00557692, 0.211804, 0.148326, 0.191704, 29.7539, 2.91427, DIS
446, 22, 0, 0.0748256, 0.195845, 0.101416, 0.219058, 67.8418, 5.93562, DIS
1, 1, 0, 0, 0, 0, 0, 7.79724, 0, DIS
254, 10, 0, 0.033257, 0.182231, -2.0653, 2.93762, 30.7854, 2.68119, DIS
5, 1, 1, -6.67412e-05, 0.247423, 9.17763e-06, 0.251073, 17.3302, 0, DIS
222, 12, 0, -0.049965, 0.209591, 0.0112396, 0.166346, 57.1406, 4.50075, DIS
371, 6, 0, 0.183642, 0.235503, 0.0740707, 0.218057, 33.754, 4.35209, DIS
248, 2, 0, 0.170178, 0.252343, 0.107857, 0.202736, 30.1679, 3.486, DIS
3, 1, 1, -7.21203e-05, 0.380125, 5.65059e-06, 0.0740235, 10.6976, 0.00276214, DIS
274, 4, 0, 0.220143, 0.212202, -0.162339, 0.230045, 28.6106, 2.96561, DIS
292, 10, 0, 0.0240794, 0.190701, -0.00656265, 0.181803, 45.4333, 2.98525, DIS
1, 1, 1, 0, 0, 0, 0, 13.6774, 0, DIS
450, 18, 0, -0.116649, 0.218742, 0.177416, 0.22531, 65.6461, 7.05838, DIS
386, 4, 0, 0.00713179, 0.184646, -0.115345, 0.211398, 50.4794, 4.30029, DIS
216, 10, 0, -0.0108476, 0.199767, -0.0297871, 0.199426, 45.1394, 2.69181, DIS
252, 16, 0, 0.0118302, 0.159828, -0.0364996, 0.182609, 61.4046, 2.90575, DIS
343, 8, 0, 0.0896591, 0.198207, -0.00535474, 0.206121, 39.8981, 2.64944, DIS
232, 6, 0, -0.0737199, 0.184535, 0.061093, 0.216489, 23.5383, 1.47412, DIS
49, 2, 0, -0.139148, 0.22221, 0.0102121, 0.862976, 11.3052, 0.167377, DIS
298, 8, 0, -0.0658988, 0.188998, -0.0636409, 0.206172, 39.1899, 3.22976, DIS
320, 8, 0, 0.101026, 0.202363, -0.122811, 0.196226, 33.0255, 2.98256, DIS
327, 7, 0, -0.00521368, 0.166159, -0.0166076, 0.217782, 35.3923, 2.30565, DIS
3, 1, 1, -0.000633357, 0.379687, -0.000546544, 3.57532, 20.9262, 0.0146158, DIS
44, 1, 0, -0.0283231, 0.272316, -0.0871692, 1.75128, 5.27692, 0.0909829, DIS
228, 6, 0, 0.0263535, 0.213069, -0.0657909, 0.2293, 28.6512, 2.90362, DIS
346, 12, 0, 0.117241, 0.1944, 0.057835, 1.17493, 65.2594, 5.13767, DIS
381, 15, 1, -0.00101007, 0.185241, -0.0324501, 2.06199, 76.4678, 4.60373, DIS
166, 2, 0, -0.0290273, 0.18904, -0.00162189, 0.243734, 19.8919, 1.89997, DIS
278, 2, 0, 0.184635, 0.202793, -0.247566, 0.28681, 28.2303, 4.60432, DIS
234, 12, 0, -0.0406434, 0.198628, 0.111933, 0.209588, 35.2744, 3.22715, DIS
3, 1, 1, -0.000154656, 0.380074, 1.51263e-05, 0.0740235, 17.52, 0.00552427, DIS
245, 7, 0, -0.0318599, 0.231692, -3.70774, 2.83555, 45.6736, 7.12907, DIS
394, 20, 0, -0.00808173, 0.151858, 0.0555502, 0.204867, 79.3906, 4.93115, DIS
308, 0, 0, -0.158148, 0.205699, -0.124387, 0.207906, 25.537, 2.391, DIS
198, 8, 0, 0.00789943, 0.185073, -0.0213441, 0.18921, 35.1494, 2.32746, DIS
344, 6, 0, -0.0117493, 0.170738, -0.0305744, 0.231433, 43.7816, 2.87797, DIS
178, 7, 0, -0.126248, 0.20536, 0.291081, 1.08381, 25.9749, 3.67049, DIS
312, 12, 0, 0.0536469, 0.202875, 0.0353062, 0.220362, 45.1609, 3.13711, DIS
414, 12, 0, 0.0479226, 0.192643, 0.0357634, 0.23439, 61.7654, 5.77014, DIS
338, 16, 0, 0.0240418, 0.172335, -0.0118244, 0.204823, 59.3652, 4.11091, DIS
212, 12, 0, 0.0276183, 0.207842, 1.83815, 3.43932, 52.3603, 3.90687, DIS
218, 8, 0, 0.00935529, 0.194858, -0.0399503, 0.159631, 44.5578, 3.63462, DIS
315, 6, 0, 0.0645695, 0.180525, 0.0181713, 0.219883, 36.1508, 1.94614, DIS
332, 0, 0, 0.0058117, 0.234136, -0.208045, 0.205365, 25.8498, 2.87933, DIS
340, 4, 0, 0.104972, 0.224052, -0.044263, 0.196955, 37.9618, 3.70546, DIS
21, 3, 1, -0.0335684, 0.231009, -0.00903948, 0.219883, 34.6355, 0.29419, DIS
276, 8, 2, -0.0126841, 0.169453, 0.0239268, 0.219471, 53.6911, 3.37314, DIS
442, 14, 0, 0.031474, 0.191959, 0.00308864, 0.180055, 64.7662, 4.3791, DIS
250, 6, 0, 0.0227515, 0.224044, -0.0342204, 0.21542, 28.3504, 2.71096, DIS
240, 6, 0, 0.0175846, 0.198461, 0.0093859, 0.198478, 27.4737, 2.28671, DIS
180, 6, 0, -0.0302471, 0.19256, -0.114911, 0.225491, 23.1459, 1.68297, DIS
234, 8, 0, 0.102463, 0.219564, -0.203229, 0.213997, 23.4657, 2.85053, DIS
360, 9, 0, 0.0182676, 0.182469, -0.0278822, 0.220042, 48.1904, 3.0945, DIS
362, 10, 0, 0.0333358, 0.190292, -0.00917735, 0.225969, 52.0538, 4.58777, DIS
335, 13, 1, -0.0102126, 0.193453, 0.0458872, 0.23517, 58.5696, 3.54663, DIS
290, 6, 0, 0.038126, 0.214466, -0.0421855, 0.215761, 34.5176, 3.18114, DIS
46, 1, 0, -0.0339773, 0.226552, 0.00522034, 0.887932, 11.4201, 0.112741, DIS
245, 8, 0, 0.00160357, 0.227187, 0.00953093, 0.195961, 31.428, 2.99954, DIS
3, 1, 1, -4.84396e-05, 0.380162, -6.75586e-06, 0.0740235, 11.4275, 0, DIS
244, 10, 0, -0.0320318, 0.204406, -1.12945, 2.7954, 32.6313, 3.12615, DIS
335, 5, 0, -0.154255, 0.171788, -0.149788, 0.235557, 26.6618, 2.28705, DIS
373, 5, 0, -0.0111295, 0.202353, 0.140791, 0.226073, 22.6386, 2.57027, DIS
323, 15, 0, 0.0289131, 0.207482, 0.0145502, 0.209087, 60.7044, 4.3515, DIS
204, 16, 0, 0.0157235, 0.207991, -0.00673814, 0.178033, 47.1293, 2.69565, DIS
355, 12, 0, -0.0223953, 0.169421, 0.03654, 0.229265, 40.1161, 2.46231, DIS
234, 8, 0, -0.0284278, 0.185881, 0.0218209, 0.191623, 30.2377, 2.48751, DIS
376, 18, 0, 0.00224057, 0.170723, 0.0168743, 0.211051, 68.8373, 4.78964, DIS
322, 6, 0, 0.00589188, 0.188985, 0.134061, 0.233812, 34.3101, 2.81708, DIS
67, 0, 0, -0.00320165, 0.175088, -0.0231194, 0.205413, 4.22132, 0.520399, DIS
2, 1, 1, -0.0031337, 0.327055, 0.000610119, 0.0636763, 16.2601, 0.019918, DIS
276, 6, 0, -0.0740844, 0.198337, 0.0162799, 0.229454, 42.0228, 3.9869, DIS
3, 1, 1, -0.00430769, 0.376692, -0.000358097, 0.0740244, 32.8717, 0.0455543, DIS
413, 13, 0, 0.0447079, 0.193631, -0.028993, 0.230337, 49.3385, 3.78367, DIS
3, 1, 1, -0.000559294, 0.379744, 7.88078e-05, 0.0740235, 29.0828, 0.0135316, DIS
332, 12, 0, 0.0111798, 0.180571, -0.0571492, 0.190575, 58.8604, 3.47393, DIS
176, 8, 0, 0.044025, 0.205139, 0.0377968, 0.195981, 30.3965, 2.32314, DIS
188, 8, 0, 0.00729799, 0.202604, 0.008147, 0.206583, 39.3043, 2.81354, DIS
90, 2, 0, 0.0103621, 0.197072, 0.0135476, 0.192339, 12.5261, 0.873739, DIS
298, 20, 0, -0.020877, 0.197492, 0.0462501, 0.211048, 63.8456, 4.4494, DIS
163, 12, 0, -0.04186, 0.186949, -0.0473389, 0.21149, 33.7477, 4.22739, DIS
2, 1, 1, -2.51139e-05, 0.329246, -4.88957e-06, 0.0641027, 17.9531, 0.0078125, DIS
3, 1, 1, -0.000380574, 0.379888, -3.45662e-05, 0.0740235, 35.6434, 0.0110485, DIS
362, 6, 0, -0.0479981, 0.21338, 0.00824263, 0.644242, 42.8257, 4.47019, DIS
210, 6, 0, 0.0166105, 0.203734, -0.105051, 0.253566, 29.3852, 3.44967, DIS
250, 6, 0, 0.0322894, 0.172064, -0.0189456, 0.22725, 29.3288, 1.89641, DIS
248, 11, 0, -0.0489501, 0.153515, -0.00974673, 0.198195, 47.9803, 3.00268, DIS
206, 18, 2, 0.00572076, 0.18434, -0.00872179, 0.196476, 87.1855, 3.77645, DIS
222, 4, 0, -0.0496558, 0.18505, 0.345073, 0.216425, 30.161, 4.35592, DIS
330, 10, 0, -0.112513, 0.224901, -0.104969, 0.208376, 46.2769, 4.93565, DIS
86, 6, 0, -0.129805, 0.292502, -2.6988, 3.09744, 26.2349, 1.09277, DIS
429, 12, 0, -0.0596022, 0.213265, 0.0155834, 0.218538, 47.7918, 6.08184, DIS
256, 6, 0, 0.0264629, 0.188613, 0.228007, 2.43777, 29.2756, 1.96727, DIS
148, 6, 0, 0.00629411, 0.187663, 1.97215, 3.02877, 24.3478, 1.50184, DIS
228, 7, 0, -0.00116273, 0.171681, -0.0328063, 0.208464, 26.5028, 1.57095, DIS
260, 10, 0, 0.160352, 0.169597, -0.117057, 0.18676, 41.3203, 3.84477, DIS
308, 12, 0, 0.0638369, 0.263065, 0.102458, 0.205188, 50.3277, 6.19247, DIS
342, 26, 0, 0.0405609, 0.179449, -0.0354656, 0.163264, 72.7955, 4.05396, DIS
434, 10, 0, -0.0266034, 0.198673, 0.0636894, 0.177917, 87.3958, 6.04914, DIS
314, 8, 0, 0.115724, 0.182023, -0.13926, 1.61957, 50.6449, 4.36203, DIS
199, 3, 0, -0.207977, 0.208011, 0.118149, 0.240129, 18.5731, 4.02928, DIS
496, 8, 0, 0.0547224, 0.191899, -0.0276175, 0.187978, 65.2531, 4.69609, DIS
160, 4, 0, 0.0123104, 0.180263, 0.30623, 2.47144, 35.4786, 1.8343, DIS
278, 4, 0, 0.118688, 0.230071, -0.0358893, 0.192945, 34.9467, 4.16667, DIS
164, 6, 0, 0.0299966, 0.176794, 0.00121071, 0.207826, 36.433, 2.16153, DIS
250, 10, 0, 0.0391893, 0.208232, 0.0545061, 0.198274, 35.3975, 3.95797, DIS
218, 0, 0, -0.0850515, 0.144814, 0.181085, 0.242987, 31.0308, 2.54464, DIS
3, 1, 1, -0.0161954, 0.367096, 0.00241279, 0.0740628, 21.1626, 0.0584634, DIS
1, 1, 1, 0, 0, 0, 0, 31.4788, 0.0078125, DIS
218, 8, 0, 0.0656559, 0.196013, 0.0349347, 0.248483, 34.0434, 3.31533, DIS
220, 10, 0, 0.159311, 0.241931, 0.0480171, 0.170217, 35.4964, 4.5784, DIS
276, 8, 0, -0.203898, 0.195927, 0.268277, 0.200964, 38.3041, 3.37237, DIS
3, 1, 1, -0.000237619, 0.380007, -1.86897e-05, 0.0740235, 10.2029, 0.00276214, DIS
304, 8, 0, -0.0114029, 0.177852, 0.0225998, 0.185984, 55.4366, 3.65028, DIS
457, 26, 0, 0.0578666, 0.2512, 0.0113138, 0.229388, 73.9034, 4.80681, DIS
214, 10, 0, 0.00498936, 0.194078, -0.0260408, 0.220206, 46.5243, 3.086, DIS
1, 1, 0, 0, 0, 0, 0, 9.87321, 0, DIS
352, 10, 0, -0.153645, 0.207857, -0.0441847, 0.207042, 42.7002, 4.41764, DIS
298, 2, 0, 0.128435, 0.185269, 0.145548, 0.22843, 27.1712, 2.22744, DIS
216, 3, 0, 0.093728, 0.268175, -0.124352, 0.243839, 17.3577, 1.1958, DIS
2, 1, 0, -1.15222e-05, 0.329258, 2.24332e-06, 0.0641047, 8.07598, 0.00390625, DIS
384, 17, 1, -0.00423136, 0.263553, 0.000256388, 0.233292, 69.6426, 4.56966, DIS
292, 6, 0, 0.110033, 0.202618, 0.133191, 0.220796, 38.8576, 3.76655, DIS
199, 6, 0, 0.048373, 0.195711, -0.0263727, 0.198305, 35.1319, 3.79247, DIS
233, 13, 0, 0.0154092, 0.224818, 0.0547249, 0.190751, 46.8099, 4.86244, DIS
46, 3, 0, -0.0776966, 0.252612, 0.16587, 0.236735, 13.5653, 0.144055, DIS
3, 1, 1, -2.68011e-05, 0.380177, -0.00018076, 3.57553, 17.4115, 0, DIS
69, 2, 0, 0.109273, 0.225013, -0.0584379, 0.245148, 9.65897, 0.267628, DIS
109, 3, 0, -0.0475836, 0.217179, -0.0727919, 0.81626, 14.3067, 2.41808, DIS
2, 1, 1, -1.53071e-07, 0.329264, -2.98022e-08, 0.0641063, 13.4855, 0, DIS
349, 19, 0, 0.0106215, 0.192178, 0.024013, 0.199074, 61.5098, 3.72249, DIS
214, 2, 0, -0.0633598, 0.177181, 0.179204, 0.236636, 15.3257, 1.35335, DIS
248, 6, 0, -0.0113188, 0.214544, -0.394194, 2.30764, 29.5373, 2.7896, DIS
3, 1, 1, -7.21227e-05, 0.380141, -0.000820469, 3.57516, 20.7986, 0, DIS
350, 8, 0, -0.0384644, 0.190871, 0.0664095, 0.221585, 35.1498, 2.71574, DIS
431, 8, 0, -0.185547, 0.226485, -2.09988, 3.04211, 44.1436, 6.18449, DIS
268, 4, 0, 0.00523963, 0.209386, 0.0199201, 0.192757, 33.0072, 2.88879, DIS
269, 6, 0, -0.0534755, 0.238896, -0.00259605, 0.209484, 33.1782, 4.4175, DIS
3, 1, 1, -4.69231e-06, 0.380196, -4.24113e-07, 0.0740235, 24.3173, 0.0078125, DIS
466, 10, 0, 0.0326758, 0.211116, -0.043102, 0.200286, 62.4473, 5.34395, DIS
68, 2, 0, -0.0444747, 0.275531, 0.521851, 1.41064, 8.85149, 0.274857, DIS
236, 5, 0, 0.0592711, 0.250624, 0.0672068, 0.188671, 32.8129, 3.10782, DIS
388, 22, 0, 0.00104527, 0.157156, -0.0355962, 1.04384, 99.183, 5.34905, DIS
316, 6, 0, 0.0780941, 0.221235, -0.0242007, 0.214952, 32.7184, 3.20045, DIS
3, 1, 0, -3.72015e-05, 0.380169, -5.96448e-06, 0.0740235, 9.77077, 0, DIS
194, 4, 0, 0.0300515, 0.225476, -0.0589894, 0.204869, 17.97, 1.54954, DIS
253, 11, 0, 0.00960174, 0.235078, -0.0391796, 0.191985, 40.8976, 4.37173, DIS
260, 4, 0, 0.0294291, 0.195089, -0.0695713, 0.221154, 23.0664, 2.0546, DIS
4, 1, 0, -1.21933e-05, 0.256198, 3.61751e-06, 0.215906, 8.51245, 0.00276214, DIS
3, 1, 1, -7.84546e-05, 0.380136, -0.000508728, 3.57534, 14.5669, 0.00552427, DIS
224, 10, 0, 0.00529586, 0.163124, 0.145518, 0.211551, 40.2558, 3.38498, DIS
182, 5, 0, 0.0531835, 0.185909, -0.0266481, 0.222153, 23.7585, 3.61577, DIS
268, 14, 0, 0.0465889, 0.153808, -0.0734176, 0.217214, 69.6803, 6.29156, DIS
235, 9, 0, 0.174987, 0.267682, 0.0183389, 0.194185, 36.3265, 4.18906, DIS
342, 14, 0, -0.0319859, 0.165779, -0.055422, 0.170093, 91.962, 4.33776, DIS
231, 5, 0, -0.0277631, 0.223259, 0.0189674, 0.194866, 26.1163, 3.44391, DIS
88, 0, 0, 0.0826512, 0.163058, 0.216938, 0.234127, 5.6991, 0.465778, DIS
182, 4, 0, 0.0502823, 0.189865, 1.32275, 3.50461, 32.0453, 2.49157, DIS
398, 14, 0, 0.0385469, 0.190868, -0.00563631, 0.200451, 64.8468, 4.18932, DIS
312, 26, 0, -0.0487714, 0.176022, -0.0943778, 0.17656, 70.3834, 4.81785, DIS
60, 4, 0, -0.083974, 0.230717, -0.0320566, 0.252035, 18.9081, 0.363428, DIS
268, 8, 0, -0.0194481, 0.210527, -1.75885, 2.45888, 33.6542, 3.71879, DIS
242, 8, 0, -0.13665, 0.207941, -0.011503, 0.205449, 28.2597, 2.16015, DIS
216, 16, 0, -0.0167927, 0.203962, 0.0557721, 0.988203, 56.918, 3.38524, DIS
270, 5, 0, -0.0858087, 0.164105, 0.22457, 0.216182, 35.1507, 4.82858, DIS
348, 8, 0, 0.00410183, 0.219548, 0.00841839, 0.198885, 39.5237, 3.45951, DIS
2, 1, 1, -3.03581e-05, 0.329243, -5.9106e-06, 0.0641021, 12.4281, 0, DIS
3, 1, 1, -0.00286332, 0.377865, 0.000549074, 0.0740255, 32.8556, 0.0398361, DIS
248, 10, 0, 0.0414589, 0.167823, 0.00355107, 0.188693, 60.0878, 2.90429, DIS
295, 11, 1, -0.0167808, 0.245534, -0.00132478, 0.202535, 57.1337, 6.79024, DIS
229, 7, 0, 0.150139, 0.171277, -0.104889, 0.213818, 41.1438, 5.88271, DIS
450, 22, 0, 0.0100144, 0.180252, 0.0533807, 0.213348, 108.795, 6.66131, DIS
312, 0, 0, 0.139896, 0.178722, -0.22012, 0.238673, 36.998, 4.05393, DIS
39, 2, 0, -0.0509619, 0.261484, 0.0780932, 0.248669, 14.2365, 0.158961, DIS
244, 12, 2, 0.0106974, 0.17952, 0.0365627, 0.205275, 63.8087, 3.72046, DIS
356, 18, 0, 0.0680716, 0.187303, -2.01741, 3.19098, 67.2197, 5.47532, DIS
254, 15, 1, 0.00748648, 0.155194, 0.0437163, 0.174528, 51.2783, 2.4029, DIS
150, 7, 0, -0.0177061, 0.180973, -0.704064, 3.11708, 26.2566, 2.80439, DIS
290, 18, 0, 0.0125226, 0.163774, -0.00767063, 0.185634, 66.5852, 4.33449, DIS
3, 1, 1, -0.000145166, 0.380081, -2.82421e-05, 0.0740235, 16.5377, 0, DIS
214, 7, 2, 0.0185634, 0.286304, -0.0225848, 1.21575, 51.8893, 3.37116, DIS
268, 10, 0, -0.0363143, 0.183717, 0.0457231, 0.192798, 51.0259, 3.07462, DIS
57, 3, 0, -0.054478, 0.222599, 0.0986743, 0.315142, 10.8819, 0.185413, DIS
306, 4, 0, -0.0608458, 0.219818, -0.0897245, 0.696661, 36.6042, 4.11294, DIS
325, 15, 0, -0.0079576, 0.230165, 0.00358825, 0.196446, 61.159, 6.41328, DIS
1, 1, 1, 0, 0, 0, 0, 10.6187, 0, DIS
288, 10, 0, 0.0953947, 0.208218, -0.0619673, 0.189381, 55.7587, 4.37478, DIS
430, 11, 0, 0.115731, 0.200425, -0.0224761, 0.219666, 53.0382, 5.13739, DIS
320, 6, 0, -0.0914844, 0.187789, 0.111021, 0.210181, 40.4359, 3.74981, DIS
228, 6, 0, 0.0211648, 0.19867, -0.0368983, 0.225229, 43.4336, 3.50689, DIS
344, 18, 0, -0.0289618, 0.21724, 0.00434031, 0.491657, 79.9221, 6.67796, DIS
232, 16, 0, -0.0226157, 0.182624, 0.0257276, 0.215979, 47.4694, 3.65949, DIS
360, 8, 0, 0.00821525, 0.209705, 0.082693, 0.985225, 44.1572, 4.45815, DIS
138, 0, 0, 0.000921807, 0.212798, 0.00565698, 0.24765, 13.0567, 1.68443, DIS
202, 7, 0, -0.0227621, 0.220312, 0.161152, 1.62235, 28.2094, 5.22157, DIS
264, 2, 0, -0.0241363, 0.180667, -0.0716259, 0.226321, 26.724, 2.46073, DIS
368, 16, 0, 0.0351255, 0.170731, -0.100863, 0.228623, 74.4663, 5.36323, DIS
251, 9, 0, -0.0266455, 0.232143, 0.00274832, 0.200334, 38.0125, 5.32138, DIS
2, 1, 1, -1.95844e-05, 0.329249, 3.813e-06, 0.0641035, 27.3223, 0, DIS
266, 10, 0, 0.0189159, 0.173844, -0.0696888, 1.25347, 49.8125, 4.35711, DIS
224, 8, 0, -0.273132, 0.213896, -0.134964, 0.224679, 42.4096, 4.36151, DIS
310, 4, 0, -0.233936, 0.212197, 0.628182, 2.2235, 31.3129, 3.34899, DIS
346, 6, 0, -0.0325944, 0.192282, 0.0185382, 0.214123, 39.8091, 3.62909, DIS
266, 4, 0, -0.0622679, 0.190506, 3.25263, 2.9872, 31.7191, 3.0861, DIS
2, 1, 1, -3.5169e-05, 0.329238, -6.84727e-06, 0.0641014, 12.4276, 0, DIS
110, 6, 2, 0.00692818, 0.168987, -0.00145871, 0.1602, 48.0583, 1.30267, DIS
370, 6, 0, 0.0432626, 0.209523, 0.900285, 2.7227, 53.2697, 4.04365, DIS
210, 4, 0, 0.00282036, 0.175501, 1.7806, 2.69012, 31.2699, 2.22997, DIS
424, 14, 0, 0.0566424, 0.187492, 0.00252094, 0.221044, 70.5835, 5.01799, DIS
170, 9, 0, -0.0263461, 0.158766, -0.0668471, 2.38903, 37.7044, 3.55561, DIS
400, 10, 0, -0.0534082, 0.154307, -0.0469673, 0.22622, 57.8932, 4.86246, DIS
254, 10, 0, 0.148581, 0.204415, -0.540588, 2.49121, 38.591, 2.86577, DIS
424, 6, 0, 0.0798522, 0.189814, 0.0430411, 0.182687, 61.4134, 5.08629, DIS
248, 8, 0, -0.092899, 0.197298, -0.0245164, 0.214036, 37.3127, 2.88089, DIS
338, 14, 1, -0.0561211, 0.195503, -0.146799, 2.93517, 65.4066, 2.86633, DIS
256, 12, 0, 0.145143, 0.167147, -0.306378, 1.64511, 39.8283, 4.34883, DIS
7, 1, 1, -0.00133929, 0.30511, 0.00040988, 0.215453, 11.342, 0.0117188, DIS
179, 6, 1, -0.0205212, 0.168259, 0.00230023, 0.227971, 41.3734, 4.13229, DIS
208, 4, 0, -0.00116237, 0.170551, -0.0335042, 1.52173, 34.7459, 2.04039, DIS
210, 2, 0, -0.0375096, 0.21646, -0.0277144, 0.168303, 23.686, 2.42276, DIS
393, 2, 0, 0.219704, 0.223207, 0.0545909, 0.239138, 22.3809, 3.50015, DIS
348, 4, 0, -0.084035, 0.204386, 0.493578, 2.70223, 41.787, 3.18524, DIS
288, 8, 0, -0.121306, 0.252597, 0.0675361, 0.177048, 34.5894, 2.65907, DIS
209, 4, 0, 0.0510975, 0.270506, 0.261864, 0.166463, 21.3656, 3.59701, DIS
48, 3, 0, -0.11819, 0.318754, 0.158308, 0.233971, 8.02767, 0.193231, DIS
393, 8, 0, 0.0465501, 0.194697, -0.0756403, 0.216441, 38.7933, 3.74091, DIS
141, 5, 0, 0.0734275, 0.189091, -0.035953, 0.186949, 25.2957, 3.64624, DIS
205, 8, 0, -0.111719, 0.188737, 0.128121, 0.205206, 29.9076, 4.45893, DIS
364, 10, 0, 0.128533, 0.188146, 0.154354, 0.217221, 50.905, 5.36813, DIS
236, 10, 0, 0.0162528, 0.169819, -0.0135502, 0.2212, 35.0284, 2.92394, DIS
308, 12, 0, 0.0145906, 0.167206, 0.00792042, 0.208897, 54.3397, 3.28147, DIS
450, 22, 0, -0.041443, 0.179872, 0.0816814, 0.194599, 75.4716, 4.70861, DIS
316, 12, 0, -0.0964661, 0.202795, -0.0174133, 0.205451, 44.4372, 4.24423, DIS
398, 16, 0, -0.0359839, 0.20539, 0.0651697, 0.218754, 59.8507, 5.46295, DIS
268, 7, 0, -0.0117187, 0.257683, 0.00107503, 0.21297, 31.3276, 2.80359, DIS
218, 10, 0, 0.0390154, 0.208347, 0.0266689, 0.184601, 43.9435, 3.94207, DIS
204, 8, 0, 0.107722, 0.200083, 0.434974, 2.53334, 31.633, 2.31854, DIS
259, 5, 0, -0.0931235, 0.170685, -0.150935, 0.21296, 38.2391, 5.8624, DIS
181, 2, 0, 0.0453681, 0.211485, -0.133429, 0.196754, 19.7432, 2.98548, DIS
194, 6, 0, -0.0195692, 0.179786, 0.0135555, 0.17468, 32.1482, 2.0361, DIS
344, 24, 0, -0.164932, 0.20188, 0.141663, 0.197356, 71.8135, 6.64038, DIS
146, 10, 0, 0.0308347, 0.185242, 0.0261066, 0.214359, 32.2705, 2.06168, DIS
252, 2, 0, -0.0067823, 0.246576, 0.232552, 0.201565, 24.0333, 3.51197, DIS
45, 3, 0, 0.147152, 0.220746, -0.0848992, 0.271632, 17.6011, 0.226226, DIS
172, 10, 0, 0.0165175, 0.151632, 0.0101437, 0.196231, 35.7273, 2.10919, DIS
299, 5, 0, 0.0404877, 0.189687, -0.0608601, 0.231842, 19.4077, 1.36389, DIS
332, 6, 0, -0.0100321, 0.184602, -0.00770506, 0.210374, 64.1759, 4.49858, DIS
204, 6, 2, 0.0255052, 0.171439, -0.00248693, 0.174616, 50.5714, 2.25119, DIS
336, 4, 0, 0.0283143, 0.203083, -0.0367189, 0.194095, 39.2309, 3.73039, DIS
246, 14, 0, 0.0283217, 0.204332, -2.60062, 3.12054, 69.0641, 4.08077, DIS
230, 6, 0, 0.0590481, 0.194052, -0.0443564, 0.216242, 32.2799, 3.32176, DIS
440, 12, 0, -0.0257067, 0.194968, -0.0516376, 0.206627, 56.8091, 4.02069, DIS
254, 14, 0, -0.0230537, 0.220853, -0.104589, 0.193556, 50.3566, 4.03469, DIS
2, 1, 1, -4.54495e-06, 0.32926, -8.84884e-07, 0.0641056, 20.4664, 0.00552427, DIS
1, 1, 0, 0, 0, 0, 0, 5.36826, 0.00138107, DIS
372, 20, 0, -0.021056, 0.183682, 0.0645001, 0.197425, 78.878, 5.14742, DIS
312, 8, 0, -0.00352515, 0.224506, -0.00984865, 0.201236, 36.5204, 4.20695, DIS
6, 1, 0, -0.00011509, 0.271906, 5.59034e-05, 0.23277, 5.62007, 0, DIS
284, 8, 0, -0.00176801, 0.188237, 0.0226156, 0.206582, 31.2065, 2.3379, DIS
3, 1, 0, -1.88191e-05, 0.204, 2.74267e-05, 0.242556, 6.28628, 0, DIS
82, 0, 0, -0.0110883, 0.131666, -0.173, 0.275879, 5.31476, 0.478695, DIS
8, 1, 1, -0.00173347, 0.302154, -0.00162481, 0.215915, 16.1879, 0.0227772, DIS
204, 2, 0, -0.0425635, 0.169796, 0.0142892, 0.217912, 20.5337, 1.50852, DIS
448, 10, 0, 0.0945444, 0.22796, -0.0224196, 0.205801, 67.1789, 6.42514, DIS
297, 1, 0, -0.162398, 0.269408, -0.284229, 0.219828, 21.7208, 4.03915, DIS
391, 17, 1, 0.0278224, 0.173735, -2.00462, 3.16378, 81.9199, 4.76104, DIS
1, 1, 1, 0, 0, 0, 0, 21.3871, 0, DIS
398, 16, 0, 0.232688, 0.18889, 0.123162, 0.207715, 71.3406, 6.84283, DIS
245, 5, 0, -0.0386703, 0.202417, 0.701289, 3.23758, 31.0922, 2.40458, DIS
336, 6, 0, 0.0627571, 0.19326, -0.0463274, 0.214973, 38.3844, 3.47192, DIS
3, 1, 1, -5.23622e-05, 0.380154, 3.97132e-06, 0.0740235, 23.2414, 0, DIS
332, 8, 0, 0.000445077, 0.180881, 0.0612777, 0.22096, 32.9981, 2.69756, DIS
246, 4, 0, 0.044255, 0.191183, -0.0341326, 0.217195, 31.2886, 3.36377, DIS
144, 6, 0, -0.0187359, 0.174807, 0.0205135, 0.236567, 34.8642, 1.7286, DIS
8, 1, 1, -0.000599075, 0.303176, -0.000434326, 0.215909, 18.1235, 0.0123526, DIS
240, 8, 0, 0.0328243, 0.173404, -0.00613962, 0.218752, 38.7063, 3.14946, DIS
212, 6, 0, 0.0758726, 0.199112, -0.104743, 2.29729, 35.9022, 2.54926, DIS
360, 12, 0, -0.030771, 0.207868, -0.0733944, 0.225929, 61.8412, 5.45134, DIS
258, 1, 0, 0.0728661, 0.257194, -0.0287286, 0.196285, 12.7853, 1.88898, DIS
132, 8, 0, -0.000862964, 0.180268, -0.00231753, 0.191687, 39.9451, 3.01571, DIS
210, 12, 0, -0.000269905, 0.156548, 0.00751707, 0.183952, 55.0735, 2.6808, DIS
302, 6, 0, 0.0233074, 0.155349, -0.0461635, 0.25321, 49.1668, 4.3825, DIS
386, 10, 0, 0.0439641, 0.186469, 0.0944372, 0.212806, 66.2702, 5.88531, DIS
272, 2, 0, 0.021962, 0.22456, -1.40535, 2.8577, 29.9903, 3.40059, DIS
184, 10, 0, -0.0111129, 0.182228, -0.102447, 0.225206, 40.653, 2.59644, DIS
382, 4, 0, 0.0646735, 0.197929, -0.0683504, 0.231855, 41.5601, 4.43918, DIS
302, 10, 0, 0.0389133, 0.169185, 0.0148704, 0.195184, 50.8585, 3.46172, DIS
256, 6, 0, -0.0577012, 0.202178, -0.0110065, 0.201677, 34.3135, 3.26146, DIS
172, 2, 0, 0.0792524, 0.166754, 0.0348419, 0.190871, 15.6154, 0.862061, DIS
250, 6, 0, 0.107712, 0.213182, -0.0693119, 0.202828, 32.9847, 3.07174, DIS
198, 7, 0, -0.00710002, 0.245223, -0.0365116, 0.181603, 34.5766, 3.66577, DIS
296, 10, 0, 0.152016, 0.219491, -0.165895, 0.191623, 39.6383, 3.67728, DIS
400, 6, 0, 0.0228553, 0.186479, -0.0856553, 0.220494, 50.8405, 4.57596, DIS
374, 6, 0, 0.261639, 0.21029, -0.111899, 0.210032, 50.2892, 5.60219, DIS
296, 10, 0, 0.0444712, 0.192949, -0.014387, 0.174187, 44.0329, 3.00995, DIS
398, 8, 0, -0.0207919, 0.200328, 0.0316249, 0.203726, 62.7353, 5.4901, DIS
256, 4, 0, 0.00787719, 0.173993, 0.0097017, 0.221304, 24.7603, 2.49929, DIS
228, 2, 0, 0.0730862, 0.213626, -0.120875, 0.20975, 24.797, 3.19604, DIS
346, 4, 0, -0.118756, 0.258271, 0.59543, 2.51926, 22.8488, 3.58935, DIS
306, 14, 0, 0.0227909, 0.180589, 0.0260727, 0.217965, 58.4471, 4.20086, DIS
369, 11, 1, -0.0279557, 0.194492, 0.0217947, 0.228814, 58.231, 3.60501, DIS
223, 3, 0, -0.0149843, 0.197863, -0.0352406, 0.213605, 32.6495, 4.29011, DIS
224, 4, 0, -0.0417214, 0.266043, 0.0117863, 0.207277, 22.8651, 3.41816, DIS
185, 4, 0, 0.0225039, 0.238621, 0.0463339, 0.195141, 14.2831, 1.43718, DIS
372, 12, 0, -0.0252101, 0.188245, 0.131777, 0.225021, 59.5995, 4.55226, DIS
261, 6, 0, 0.247549, 0.214468, -0.0385042, 0.189502, 31.4098, 3.80382, DIS
3, 1, 1, -2.7909e-05, 0.380177, -3.9186e-06, 0.0740235, 14.6865, 0, DIS
430, 8, 0, -0.00265408, 0.176323, 0.0270872, 0.215296, 58.1304, 3.58581, DIS
266, 10, 0, -0.0188762, 0.225759, 0.0897509, 0.20804, 37.6073, 4.56331, DIS
220, 8, 0, -0.0193929, 0.212553, 0.0341276, 0.197733, 39.049, 4.38947, DIS
53, 1, 0, 0.00553245, 0.220871, 0.00888125, 0.249333, 7.61247, 0.0717358, DIS
226, 6, 0, -0.0246275, 0.187903, -0.0398123, 0.191835, 32.8117, 2.53504, DIS
246, 6, 0, 0.0600168, 0.24827, 0.0607539, 0.187291, 34.0509, 3.29054, DIS
344, 20, 0, 0.0937609, 0.206545, 0.0702108, 0.194393, 62.0661, 4.72602, DIS
324, 6, 0, -0.0889951, 0.206415, 1.45137, 2.67785, 31.354, 2.7283, DIS
190, 8, 0, 0.0550947, 0.202055, -0.0186047, 0.225799, 35.795, 5.21715, DIS
340, 10, 0, -0.0179445, 0.180415, 0.00985476, 0.195347, 58.1601, 4.23711, DIS
45, 3, 0, -0.000665421, 0.208062, 2.06218, 2.71205, 16.2495, 0.201844, DIS
332, 0, 0, 0.114857, 0.195869, -0.0598719, 0.204201, 29.1602, 2.82099, DIS
311, 3, 0, -0.254221, 0.219806, -0.046594, 0.208309, 17.9305, 2.7218, DIS
41, 2, 1, 0.00158064, 0.231664, -0.0107526, 0.266799, 18.3631, 0.090773, DIS
296, 9, 1, -0.00884815, 0.172792, -0.0394715, 0.23556, 43.2896, 2.53689, DIS
186, 4, 2, -0.0171877, 0.198656, -0.0172773, 0.184635, 63.3135, 3.10266, DIS
2, 1, 1, -4.37862e-05, 0.329231, -0.000582303, 4.37837, 35.435, 0, DIS
318, 10, 0, -0.0231215, 0.203154, -0.0189575, 0.210111, 57.7844, 4.15571, DIS
392, 10, 0, 0.0960388, 0.176102, 0.121869, 0.192118, 56.9515, 4.19527, DIS
420, 20, 0, 0.0762938, 0.168036, -0.0485393, 0.194237, 64.1146, 3.34328, DIS
242, 10, 2, -0.03853, 0.167386, 0.0662254, 0.224566, 59.2279, 5.11985, DIS
376, 6, 0, -0.0785831, 0.175689, -0.0454071, 0.222372, 54.7215, 4.58914, DIS
264, 6, 0, -0.0144215, 0.196519, 0.0202087, 0.212353, 37.031, 3.02455, DIS
208, 10, 0, 0.00214456, 0.162582, -0.44237, 2.73636, 38.2579, 2.48519, DIS
380, 17, 0, 0.0762379, 0.233001, 0.0984263, 0.222925, 57.6495, 4.02761, DIS
384, 22, 0, 0.00251877, 0.1731, -0.0260513, 0.201993, 76.2482, 4.21016, DIS
3, 1, 1, -0.000135944, 0.380089, -0.00162192, 3.57469, 23.8906, 0, DIS
244, 6, 0, 0.118097, 0.231005, -0.106503, 0.180295, 27.2261, 2.59381, DIS
40, 4, 0, 0.0563307, 0.222163, -2.13455, 2.79571, 12.6532, 0.153938, DIS
124, 10, 2, 0.00780759, 0.157711, -0.0343998, 1.28775, 49.3958, 1.77259, DIS
210, 12, 0, -0.0135933, 0.154884, -0.0145481, 0.162359, 57.0145, 2.12332, DIS
340, 16, 0, 0.00608175, 0.187727, -0.255556, 2.12424, 50.0067, 3.40379, DIS
3, 1, 1, -3.31671e-05, 0.380171, 4.73109e-09, 0.0740235, 12.9878, 0, DIS
190, 6, 0, 0.0412836, 0.212369, -0.0598863, 0.150673, 29.3715, 2.18194, DIS
260, 10, 0, 0.0596571, 0.191922, 0.0362777, 0.212086, 36.9381, 3.33462, DIS
330, 16, 0, 0.0376462, 0.211036, -0.0125096, 0.194678, 62.2669, 4.55148, DIS
346, 18, 0, 0.0246488, 0.182121, -0.0619953, 0.232294, 67.7212, 4.96008, DIS
295, 11, 1, -0.0605197, 0.182709, 0.00914576, 0.211764, 56.6773, 3.17388, DIS
294, 10, 0, -0.00313088, 0.209068, -0.0749102, 0.216412, 43.2226, 3.78263, DIS
2, 1, 0, -2.28612e-06, 0.329261, 4.451e-07, 0.0641059, 9.29428, 0, DIS
234, 10, 0, -0.0184272, 0.18835, -0.0353175, 0.19432, 48.3806, 3.51524, DIS
3, 1, 1, -8.32625e-05, 0.380131, -0.000676525, 3.57524, 29.9764, 0, DIS
274, 9, 1, 0.0401777, 0.185037, 0.785345, 3.32752, 55.5071, 4.46356, DIS
250, 14, 0, 0.00402071, 0.172462, 0.0545978, 0.194271, 42.087, 3.96325, DIS
214, 10, 0, 0.0308179, 0.233617, 0.00300716, 0.594987, 53.6188, 3.36313, DIS
350, 16, 0, 0.00450886, 0.201929, 0.038383, 0.193253, 61.7584, 3.36896, DIS
236, 15, 0, -0.0403857, 0.211177, 0.0162601, 0.182071, 53.9058, 5.17232, DIS
53, 3, 0, -0.102772, 0.251124, 0.0527225, 0.251356, 12.7114, 0.120525, DIS
258, 12, 0, 0.0115011, 0.179409, 0.00706964, 0.202273, 51.2162, 3.15039, DIS
192, 4, 0, 0.144727, 0.192347, 0.00273799, 0.205454, 22.1342, 1.53257, DIS
172, 10, 0, -0.050463, 0.181964, 0.0239572, 0.192853, 35.3657, 2.40514, DIS
26, 2, 0, 0.10922, 0.260778, -0.0666704, 0.192072, 9.31146, 0.157998, DIS
380, 10, 0, 0.00291197, 0.219796, 0.0200162, 0.207727, 51.0707, 5.30268, DIS
228, 12, 2, 0.083285, 0.206637, 0.0412019, 0.20301, 51.1782, 3.48097, DIS
210, 6, 2, -0.00092184, 0.199047, 0.0127486, 0.212875, 44.1769, 2.87144, DIS
322, 16, 0, -0.0135828, 0.197064, -0.00232973, 0.196635, 67.7476, 4.67616, DIS
302, 14, 0, -0.0321849, 0.219049, -0.00263635, 0.19226, 54.5272, 3.93176, DIS
292, 12, 0, 0.00860335, 0.205085, -0.0470669, 0.226833, 62.2711, 3.58311, DIS
416, 10, 0, 0.204045, 0.221531, 0.192378, 0.191661, 57.1686, 5.7362, DIS
244, 11, 1, -0.0226661, 0.147101, -0.00937033, 0.18569, 62.9835, 2.04246, DIS
199, 5, 0, -0.0396706, 0.180228, 0.121294, 1.16565, 38.611, 5.88581, DIS
3, 1, 1, -0.000404341, 0.37987, -0.0027181, 3.57405, 21.7341, 0.00956832, DIS
3, 1, 1, -2.93662e-05, 0.380176, -9.12955e-07, 0.0740235, 17.3917, 0, DIS
3, 1, 1, -4.57631e-06, 0.380197, 8.20334e-07, 0.0740235, 18.3711, 0, DIS
343, 11, 1, -0.0481711, 0.179765, 0.0130832, 1.99772, 47.0255, 2.53424, DIS
209, 10, 0, -0.021892, 0.224761, 0.0176978, 0.19411, 35.2766, 4.16238, DIS
294, 12, 0, 0.108557, 0.18055, 0.0709221, 0.192928, 40.9993, 3.51462, DIS
228, 14, 0, 0.00794445, 0.182092, 0.175129, 0.215356, 44.9167, 3.68846, DIS
200, 4, 0, 0.136022, 0.19953, 0.0178542, 0.199027, 20.8913, 1.71826, DIS
224, 4, 0, 0.0409733, 0.182802, 0.0382744, 0.198112, 33.419, 2.13721, DIS
292, 14, 0, 0.061614, 0.203458, 0.0492099, 0.190255, 59.5418, 4.42543, DIS
1, 1, 1, 0, 0, 0, 0, 13.4346, 0, DIS
306, 14, 0, -0.0343121, 0.162291, 0.000959707, 0.237492, 56.9341, 3.50383, DIS
296, 12, 0, -0.0433018, 0.1901, 0.0193154, 0.213265, 39.4143, 3.03058, DIS
342, 18, 0, 0.0293136, 0.188176, -0.0721013, 0.190496, 77.473, 5.05014, DIS
202, 12, 0, -0.00414783, 0.224232, 0.0290169, 0.214342, 36.8673, 3.04916, DIS
266, 8, 0, 0.00379782, 0.189525, 0.122174, 0.213621, 29.487, 3.04258, DIS
6, 1, 0, -0.00355463, 0.268866, -0.00135065, 0.232571, 5.60218, 0.00936686, DIS
454, 16, 0, -0.0129395, 0.194961, -0.0355543, 0.214911, 82.3831, 6.46683, DIS
352, 10, 0, 0.183048, 0.208099, 0.00708551, 0.196259, 43.5005, 3.76693, DIS
308, 12, 0, 0.0785904, 0.175782, 0.0864628, 0.200129, 43.6232, 2.89127, DIS
364, 10, 0, -0.0820562, 0.19664, 0.115177, 0.198852, 63.5301, 5.44172, DIS
218, 14, 0, -0.00551332, 0.15938, 0.0962288, 0.183171, 45.3089, 4.96863, DIS
173, 9, 0, 0.0138586, 0.191749, -0.0162345, 0.192678, 34.5139, 3.61688, DIS
266, 8, 0, 0.0692372, 0.197851, 0.0642802, 0.216491, 46.7883, 3.6306, DIS
358, 9, 0, 0.028332, 0.173016, 0.0170447, 0.23157, 47.1518, 3.18068, DIS
360, 14, 0, -0.0170842, 0.184672, -0.028345, 0.204015, 50.8676, 3.30854, DIS
290, 8, 0, 0.000758273, 0.173674, -0.0597808, 0.205311, 39.468, 3.55115, DIS
144, 8, 0, 0.0643397, 0.223417, -0.0191559, 0.17818, 38.2163, 2.66269, DIS
288, 12, 0, -0.00881046, 0.178404, -0.114637, 0.202319, 52.581, 3.89544, DIS
196, 10, 2, 0.0568003, 0.194537, 0.0513868, 0.209204, 68.2878, 4.02097, DIS
290, 6, 0, 0.10662, 0.216306, 0.0358894, 0.204312, 36.6739, 4.23337, DIS
320, 8, 0, 0.0356111, 0.211449, -0.0814853, 0.194018, 49.6684, 4.22202, DIS
330, 8, 0, 0.0274582, 0.190834, 0.104497, 0.22065, 43.2331, 4.10459, DIS
302, 6, 0, 0.0135813, 0.205553, -0.248539, 0.223089, 27.6167, 3.33942, DIS
282, 4, 1, 0.0234347, 0.269884, -0.0134303, 0.200298, 32.1517, 3.83703, DIS
298, 14, 0, 0.0195715, 0.214197, 0.0704443, 0.221194, 45.7088, 3.58389, DIS
260, 10, 0, -0.0736899, 0.189852, 0.17326, 0.251939, 31.2134, 3.9168, DIS
322, 4, 0, 0.0614515, 0.200842, -0.352887, 1.7802, 35.7201, 3.6975, DIS
250, 2, 0, -0.0732346, 0.21108, -0.00446956, 0.201757, 25.9666, 2.37993, DIS
318, 6, 2, 0.00256791, 0.183291, -0.0313884, 0.229047, 59.336, 3.72855, DIS
308, 14, 2, 0.0382452, 0.172175, 0.0150552, 0.181891, 79.45, 4.26157, DIS
2, 1, 0, -0.000131389, 0.329171, -2.55808e-05, 0.0640882, 4.15297, 0, DIS
408, 12, 0, 0.0291545, 0.189074, 0.0383414, 0.217056, 62.2445, 4.93091, DIS
284, 2, 0, 0.140055, 0.195501, 0.32249, 0.232773, 27.3771, 3.34064, DIS
288, 4, 0, -0.00109656, 0.191849, 0.0503111, 0.206099, 37.2759, 2.91944, DIS
3, 1, 1, -0.000331147, 0.37993, 2.15094e-05, 0.0740235, 10.676, 0.00276214, DIS
190, 2, 0, 0.171442, 0.179274, -0.0971214, 0.216508, 13.7823, 1.5706, DIS
172, 8, 0, 0.0523482, 0.2368, 0.0216631, 0.202365, 27.8237, 3.64347, DIS
314, 10, 0, 0.263682, 0.200746, 0.0961794, 0.189432, 53.5638, 5.56387, DIS
290, 6, 0, 0.0252228, 0.172872, -0.0445116, 0.176024, 38.2391, 3.22653, DIS
244, 13, 0, -0.0381743, 0.211905, 0.039216, 0.203495, 43.789, 5.01741, DIS
278, 12, 0, -0.0291586, 0.169353, 0.0136419, 0.238843, 57.8997, 4.30197, DIS
423, 8, 0, -0.0634423, 0.187048, -0.0345566, 0.234799, 42.3342, 3.28335, DIS
110, 3, 0, -0.124835, 0.199156, -0.0217802, 0.171926, 13.4493, 1.3628, DIS
386, 12, 0, 0.0150213, 0.190126, 0.00499857, 0.172909, 57.1129, 3.53488, DIS
231, 2, 0, 0.0400429, 0.271123, 0.0457267, 0.194501, 17.4452, 2.12819, DIS
31, 5, 0, -0.16026, 0.325457, 0.233281, 0.290059, 14.5135, 0.155859, DIS
51, 1, 0, -0.0115305, 0.189061, 0.0183272, 0.247578, 7.52972, 0.0583, DIS
304, 12, 0, 0.058273, 0.190341, -0.0110198, 0.198574, 45.3813, 4.22086, DIS
276, 12, 0, -0.0063474, 0.180875, -0.0128191, 0.182769, 56.5969, 3.2136, DIS
424, 10, 0, 0.0102155, 0.188955, -0.0633414, 0.198451, 58.7406, 3.78747, DIS
222, 2, 0, -0.0580979, 0.232768, 0.0546251, 0.182984, 24.0918, 2.1139, DIS
296, 6, 0, -0.0698602, 0.204526, 0.042799, 0.216646, 41.0335, 3.71613, DIS
7, 1, 0, -0.00171952, 0.272351, -0.000473141, 0.230817, 5.42524, 0.00617632, DIS
3, 1, 1, -0.00016119, 0.380068, 7.61993e-06, 0.0740235, 16.5527, 0, DIS
288, 6, 0, 0.0248801, 0.197591, -0.0462889, 0.180231, 35.1397, 2.44009, DIS
378, 12, 0, 0.0116512, 0.196577, 0.00626408, 0.216755, 57.664, 4.92524, DIS
377, 10, 0, 0.120221, 0.18302, 0.00842847, 0.215514, 46.1524, 3.00784, DIS
270, 0, 0, -0.0299256, 0.216952, -0.0227408, 0.208332, 24.5494, 2.59125, DIS
276, 4, 0, 0.270147, 0.225492, 0.126868, 0.207404, 26.4132, 3.43441, DIS
205, 16, 0, -0.0100955, 0.193231, 0.143933, 0.188677, 54.2482, 5.64071, DIS
358, 14, 0, 0.0248594, 0.212156, -0.0673761, 0.20605, 56.8374, 4.51292, DIS
248, 6, 0, -0.0410093, 0.204858, -0.0760592, 0.228355, 33.0376, 3.14065, DIS
2, 1, 0, -3.88113e-07, 0.329264, -7.55639e-08, 0.0641061, 4.19735, 0.00195312, DIS
252, 2, 0, 0.00867192, 0.242268, -0.247827, 0.229032, 17.36, 2.28733, DIS
340, 19, 1, 0.0274978, 0.190994, -0.062478, 0.199683, 64.9771, 3.46938, DIS
244, 4, 0, 0.0131055, 0.209819, 0.0432162, 0.202086, 28.9093, 2.05145, DIS
2, 1, 1, -6.26599e-06, 0.329262, -8.33289e-05, 4.37872, 13.267, 0, DIS
192, 11, 0, -0.160082, 0.209747, 0.160714, 0.199223, 37.6998, 4.78533, DIS
302, 8, 0, 0.0355376, 0.259687, -0.0358011, 0.187618, 46.6994, 5.41155, DIS
184, 4, 0, -0.0343667, 0.206968, -0.0233482, 0.251568, 13.4527, 1.07471, DIS
272, 4, 0, -0.0250277, 0.185384, -0.150327, 0.208931, 32.3073, 3.02738, DIS
188, 10, 0, -0.0133503, 0.202394, -0.0213332, 0.196934, 40.3888, 2.53549, DIS
160, 6, 0, -0.0368438, 0.194542, 0.107536, 0.208962, 26.7631, 2.74014, DIS
406, 10, 0, 0.0595326, 0.199781, 0.218461, 0.187735, 47.6804, 3.72542, DIS
420, 18, 0, 0.0405051, 0.214362, -0.0143827, 0.228578, 67.1924, 6.2761, DIS
1, 1, 0, 0, 0, 0, 0, 8.33318, 0.00276214, DIS
342, 5, 0, -0.0260632, 0.2582, -0.0221142, 0.191814, 35.9648, 4.37257, DIS
375, 13, 0, -0.000846767, 0.164775, -0.0459216, 0.229309, 49.7782, 3.99273, DIS
250, 12, 0, 0.0218262, 0.199758, -0.0176838, 0.185443, 43.3208, 3.37836, DIS
310, 6, 0, -0.0182798, 0.205115, 0.214479, 0.257053, 34.2687, 3.81269, DIS
468, 17, 0, 0.042751, 0.207177, 0.343629, 2.69009, 61.2165, 4.46648, DIS
206, 4, 0, 0.0529118, 0.238389, 0.00455253, 0.1441, 29.7089, 2.75511, DIS
264, 10, 0, -0.0931724, 0.200875, -0.040684, 0.209108, 42.8606, 3.71045, DIS
147, 5, 0, 0.0563345, 0.214783, 0.00649799, 0.181922, 19.5237, 1.57021, DIS
365, 15, 0, 0.0274447, 0.199351, -0.0145099, 0.207964, 65.864, 4.41997, DIS
238, 2, 0, 0.0100524, 0.202169, -0.0123201, 0.187588, 35.2114, 3.28006, DIS
2, 1, 1, -3.76998e-06, 0.329267, 7.33985e-07, 0.0641057, 16.2409, 0.00552427, DIS
148, 8, 0, -0.0032128, 0.164833, 0.000725374, 0.163742, 52.2075, 2.12284, DIS
164, 0, 0, 0.053196, 0.160801, 0.0237128, 0.227421, 8.28457, 0.621326, DIS
182, 4, 0, -0.115569, 0.173075, -1.11168, 2.82746, 28.6855, 3.22094, DIS
352, 12, 0, -0.0282648, 0.181592, 0.00826541, 0.184725, 62.7729, 3.9427, DIS
368, 16, 0, -0.0345889, 0.187692, -0.130147, 0.976712, 61.4063, 5.06104, DIS
368, 4, 0, 0.0122097, 0.182147, -0.285943, 1.39365, 41.7453, 4.25756, DIS
285, 6, 0, -0.171798, 0.171293, 0.0443639, 0.23213, 24.3373, 2.34009, DIS
268, 2, 0, 0.00472636, 0.180115, -0.192067, 0.209135, 28.9187, 3.17256, DIS
2, 1, 1, -2.04864e-05, 0.329248, -3.98864e-06, 0.0641034, 11.6148, 0.00390625, DIS
303, 4, 0, 0.0964443, 0.260339, 0.0759605, 0.203383, 32.0981, 4.77057, DIS
114, 8, 1, -0.00669369, 0.244037, 0.00258175, 0.150924, 44.9711, 2.23161, DIS
251, 8, 0, 0.0733416, 0.245197, -1.79218, 2.71998, 35.5761, 4.69155, DIS
229, 19, 0, -0.0747501, 0.17766, 0.0491843, 0.183416, 54.6885, 2.76245, DIS
232, 1, 0, 0.227895, 0.20148, -0.202902, 0.251906, 11.262, 1.4747, DIS
320, 12, 0, -0.153801, 0.21288, -0.0619505, 0.199009, 51.7953, 5.63822, DIS
178, 12, 0, 0.0425813, 0.187112, 0.0478559, 0.893871, 42.1673, 4.8755, DIS
382, 12, 0, -0.0175973, 0.17097, 1.43452, 3.16834, 60.8092, 4.18348, DIS
222, 6, 0, -0.0713177, 0.136555, -0.138275, 0.191727, 28.9941, 1.35313, DIS
256, 14, 0, -0.0331471, 0.177424, -0.0523052, 0.229958, 44.6656, 4.01833, DIS
228, 8, 0, 0.0475799, 0.173215, -0.107942, 1.57561, 38.2264, 3.27458, DIS
268, 6, 0, -0.0441009, 0.215191, 0.13063, 0.192155, 29.4834, 3.1119, DIS
384, 14, 0, 0.0412297, 0.208199, -0.0220242, 0.209834, 58.5636, 5.20799, DIS
238, 4, 0, -0.00657273, 0.194319, 0.617426, 2.47553, 36.9952, 4.99917, DIS
208, 6, 0, -0.154965, 0.161123, 0.00100559, 0.175375, 30.5053, 2.15631, DIS
1, 1, 1, 0, 0, 0, 0, 10.5836, 0, DIS
2, 1, 1, -5.84744e-06, 0.329258, -1.13847e-06, 0.0641054, 21.9311, 0, DIS
234, 10, 0, -0.0130591, 0.175007, -0.0207027, 0.195841, 40.8218, 4.69477, DIS
204, 10, 0, -0.0108402, 0.163218, 0.0139653, 0.21206, 42.6989, 4.74079, DIS
290, 8, 0, 0.0227376, 0.195209, -0.0427501, 0.230439, 37.4805, 3.7038, DIS
3, 1, 1, -4.75086e-05, 0.380162, -0.00019428, 3.57553, 30.4066, 0, DIS
1, 1, 0, 0, 0, 0, 0, 8.22238, 0, DIS
43, 8, 1, -0.0674459, 0.222592, -0.0870129, 0.254099, 28.1324, 0.389608, DIS
232, 14, 0, 0.0806417, 0.18903, -0.08995, 1.86052, 49.9683, 3.67069, DIS
317, 4, 0, 0.216631, 0.247646, 0.0407987, 0.212367, 21.6329, 3.06533, DIS
286, 7, 0, -0.124374, 0.256121, 1.76608, 3.16886, 30.5818, 4.28356, DIS
215, 9, 0, -0.0185221, 0.188468, -0.0116935, 0.199614, 36.586, 3.78546, DIS
328, 14, 0, -0.161198, 0.20502, -0.0385654, 0.205963, 51.5656, 4.34478, DIS
288, 8, 0, -0.0270724, 0.201072, -0.0984628, 0.521861, 41.6291, 3.18626, DIS
3, 1, 1, -0.000230022, 0.380012, -3.82254e-07, 0.0740235, 18.6389, 0.00552427, DIS
384, 16, 0, 0.0630851, 0.17608, -0.00992739, 0.198966, 75.2051, 4.81671, DIS
204, 3, 0, -0.0574541, 0.208344, -0.0431549, 0.19275, 33.63, 3.83731, DIS
162, 8, 0, -0.00540994, 0.19202, 0.0139909, 0.200839, 37.9688, 1.76448, DIS
352, 14, 2, -0.0422341, 0.211204, 0.080539, 0.179445, 78.1183, 6.0083, DIS
274, 6, 0, -0.0402, 0.227156, 0.100429, 0.187557, 30.8255, 2.96867, DIS
230, 4, 0, 0.0855598, 0.202424, -0.00255839, 0.243325, 26.6731, 2.79858, DIS
392, 10, 0, 0.0316745, 0.193275, 0.0502305, 0.19391, 55.6487, 4.84102, DIS
380, 12, 0, 0.0449931, 0.193554, 0.0337152, 0.212087, 53.4611, 4.61832, DIS
258, 2, 0, -0.0539267, 0.177081, 0.0857884, 0.182441, 26.4408, 1.83867, DIS
2, 1, 1, -0.000141353, 0.329162, -2.75211e-05, 0.0640867, 18.3631, 0.00552427, DIS
223, 7, 0, 0.0599551, 0.24787, -0.991755, 2.88797, 34.795, 4.64679, DIS
218, 6, 0, 0.0262659, 0.221815, -0.0454386, 0.208087, 40.7513, 3.58018, DIS
280, 13, 1, -0.0198931, 0.182343, -0.0206385, 0.196989, 77.5649, 4.79109, DIS
296, 8, 0, -0.0888128, 0.197743, 0.273265, 2.544, 53.6433, 3.847, DIS
4, 1, 0, -9.91298e-05, 0.256124, 8.99291e-06, 0.215911, 6.54445, 0.00195312, DIS
350, 6, 0, 0.127656, 0.184711, -1.79326, 2.77496, 60.2432, 4.59194, DIS
342, 12, 0, -0.131592, 0.179236, -0.832139, 2.52016, 58.3763, 4.75035, DIS
232, 2, 0, 0.111971, 0.151481, -0.160994, 0.189368, 26.5586, 1.42588, DIS
340, 4, 0, 0.0261614, 0.221507, -0.0262665, 0.19285, 38.033, 3.3238, DIS
3, 1, 0, -0.000943384, 0.379434, 9.4338e-05, 0.0740236, 7.96225, 0.00552427, DIS
208, 12, 0, -0.0968835, 0.170169, -0.0853546, 0.209853, 43.7172, 6.14386, DIS
62, 2, 0, 0.0645205, 0.224776, 0.167685, 0.282232, 7.27257, 0.121172, DIS
285, 2, 0, -0.0874206, 0.162479, 0.0294508, 0.228478, 18.2972, 1.9149, DIS
234, 12, 0, 0.00800088, 0.228313, -0.0520666, 0.209167, 49.217, 5.82486, DIS
254, 2, 0, 0.0262607, 0.212016, 0.134797, 0.197354, 27.6034, 2.80733, DIS
270, 14, 0, 0.0213179, 0.225476, 0.0200738, 0.194824, 59.8703, 4.79067, DIS
123, 4, 1, -0.00421966, 0.270013, 0.00885481, 0.165752, 31.5405, 1.41443, DIS
242, 4, 0, -0.107444, 0.246412, -0.140285, 0.217565, 27.3229, 3.82498, DIS
384, 20, 1, 0.00856395, 0.202127, -0.0561858, 0.198875, 91.3789, 5.32379, DIS
167, 5, 0, 0.0628531, 0.241913, 0.00356209, 0.199625, 23.331, 1.92508, DIS
272, 6, 0, 0.0833358, 0.198494, 0.139687, 0.221172, 33.6786, 3.75057, DIS
392, 12, 0, 0.0123096, 0.215607, 0.00106107, 0.185597, 67.0622, 4.59343, DIS
455, 26, 0, -0.110705, 0.259785, 0.068213, 0.225383, 88.8937, 7.48028, DIS
432, 16, 0, 0.0314832, 0.236366, -0.0115885, 0.241144, 82.9767, 4.31646, DIS
301, 10, 0, -0.00110784, 0.175517, 0.0201909, 1.03295, 48.5971, 2.96682, DIS
46, 2, 0, 0.00348254, 0.275484, 0.1086, 0.228346, 9.54627, 0.247392, DIS
280, 0, 0, 0.0276431, 0.224905, -0.0631053, 0.865151, 19.4382, 1.99541, DIS
190, 8, 0, 0.004571, 0.166746, -0.0239128, 0.172255, 38.1399, 2.31923, DIS
104, 0, 0, 0.0987997, 0.225661, -0.0832382, 0.227455, 8.14425, 0.663558, DIS
300, 10, 0, -0.00935543, 0.20851, 0.0164398, 0.163793, 44.507, 3.18178, DIS
254, 10, 0, -0.00992791, 0.188485, 0.00662526, 0.542214, 51.5273, 3.98949, DIS
218, 6, 0, 0.134272, 0.193698, -0.124306, 2.26116, 36.5852, 2.63228, DIS
308, 6, 0, -0.0427792, 0.2024, -0.0208043, 0.222044, 40.8471, 4.44793, DIS
210, 3, 0, -0.0435261, 0.161523, 0.0763208, 0.19081, 32.1156, 3.6387, DIS
242, 12, 0, -0.0367843, 0.194091, 0.049793, 0.184089, 44.7406, 3.85028, DIS
2, 1, 1, -5.84645e-05, 0.329222, -1.13828e-05, 0.0640982, 14.3313, 0.00552427, DIS
338, 18, 0, 0.0118687, 0.202925, 0.0407509, 0.195013, 74.1269, 5.09872, DIS
262, 10, 0, -0.0851359, 0.216228, 0.10298, 0.222727, 45.3643, 4.56723, DIS
151, 5, 0, -0.0243423, 0.203567, -0.0555068, 0.692766, 29.6788, 3.61843, DIS
146, 2, 0, 0.0813257, 0.186736, -0.129579, 0.208608, 13.0023, 1.30471, DIS
292, 8, 0, 0.0344802, 0.216855, 0.0358312, 0.196964, 36.5558, 3.25896, DIS
319, 9, 0, -0.190292, 0.206527, -0.152603, 0.210385, 34.4011, 2.90249, DIS
231, 7, 0, -0.0983571, 0.179501, 0.0155167, 0.184702, 40.0627, 5.86943, DIS
234, 4, 0, 0.0716162, 0.177138, 0.00342423, 0.209629, 28.8579, 2.55844, DIS
166, 6, 0, 0.0142872, 0.179797, 0.0827777, 0.216491, 34.7513, 2.29239, DIS
302, 4, 0, -0.176819, 0.233224, 0.216041, 0.252707, 27.5975, 3.55074, DIS
166, 10, 0, 0.0550071, 0.186543, -0.00188802, 0.189364, 39.7366, 3.92424, DIS
333, 10, 0, -0.0471908, 0.19937, -0.0265382, 0.197202, 49.286, 4.66481, DIS
267, 4, 0, 0.0744986, 0.252712, -0.00425306, 0.209317, 17.9525, 2.25131, DIS
280, 10, 0, -0.0227888, 0.193557, 0.0692638, 0.209687, 38.3312, 3.25413, DIS
244, 10, 0, 0.00685376, 0.181002, 0.0193756, 0.186125, 54.4688, 4.52047, DIS
254, 2, 0, -0.0533016, 0.203994, 0.0915252, 0.204708, 21.8069, 1.93476, DIS
197, 5, 0, -0.0414329, 0.200901, 0.0337595, 0.247297, 24.8979, 3.78374, DIS
214, 8, 0, -0.0596432, 0.176427, -0.0369541, 0.205629, 47.0182, 3.5318, DIS
375, 11, 0, -0.0869262, 0.224954, 0.0663134, 0.193555, 53.9209, 6.02931, DIS
284, 2, 0, 0.117236, 0.20845, 0.115045, 0.227698, 25.1198, 3.41384, DIS
504, 14, 0, 0.0605585, 0.18021, 0.0202107, 0.249749, 63.0249, 5.04903, DIS
378, 10, 0, -0.0271079, 0.222656, -0.0499777, 0.210683, 55.8365, 4.10402, DIS
1, 1, 1, 0, 0, 0, 0, 11.9464, 0, DIS
409, 7, 0, -0.0632316, 0.188074, -0.0496677, 0.23103, 35.7967, 3.03732, DIS
1, 1, 1, 0, 0, 0, 0, 16.9285, 0, DIS
230, 6, 0, 0.0172946, 0.220897, 0.0879718, 0.20783, 35.2581, 3.29435, DIS
216, 6, 0, 0.104619, 0.192929, 0.0894553, 0.594472, 32.2236, 2.60328, DIS
3, 1, 0, -0.000200383, 0.380039, -5.7504e-06, 0.0740235, 5.28537, 0.00195312, DIS
328, 6, 0, -0.0256233, 0.197573, 0.0785359, 0.199678, 39.7082, 4.25749, DIS
231, 10, 0, -0.0208613, 0.233809, -0.0220474, 0.161362, 41.1505, 3.6961, DIS
210, 10, 0, -0.0437317, 0.1823, 0.00458411, 0.197459, 39.0569, 3.22772, DIS
244, 8, 0, 0.0105598, 0.188563, 0.0535103, 0.221236, 37.5274, 3.40567, DIS
260, 8, 0, 0.0723793, 0.21983, 0.180311, 0.206438, 36.8623, 4.49323, DIS
375, 17, 1, -0.035213, 0.261159, -0.203396, 2.70179, 71.9751, 3.91293, DIS
314, 8, 0, 0.0872245, 0.192013, 0.048883, 0.171486, 53.0526, 4.05944, DIS
2, 1, 1, -6.19018e-06, 0.329257, -8.23218e-05, 4.37872, 12.4407, 0, DIS
298, 2, 0, 0.0276724, 0.234967, 0.143831, 0.220111, 28.625, 3.29442, DIS
92, 4, 0, 0.0156697, 0.282245, -0.266515, 0.284142, 13.7455, 0.644815, DIS
17, 2, 0, -0.082135, 0.300547, -0.114172, 0.260369, 8.13083, 0.0696036, DIS
338, 12, 0, -0.0123956, 0.209805, -0.0627756, 0.200511, 52.9182, 4.86718, DIS
278, 4, 0, 0.0211177, 0.244083, 0.0494504, 0.184362, 31.7565, 3.47518, DIS
1, 1, 1, 0, 0, 0, 0, 10.0592, 0, DIS
37, 4, 0, -0.0171764, 0.238685, -0.0200809, 0.243627, 16.9664, 0.147302, DIS
286, 10, 0, 0.0681754, 0.181319, -0.0151338, 0.212348, 44.9013, 4.15511, DIS
177, 5, 0, -0.116549, 0.264973, -0.0647011, 0.235612, 26.2312, 1.4149, DIS
222, 8, 0, 0.0376505, 0.23463, 0.0519359, 0.175943, 36.6281, 4.64411, DIS
330, 10, 0, -0.044597, 0.193338, 0.0728253, 0.219394, 42.8683, 3.40921, DIS
225, 3, 1, 0.0367851, 0.265249, 0.0446737, 0.187077, 39.2235, 3.78746, DIS
360, 6, 0, 0.0174586, 0.196791, 0.00267896, 0.223476, 43.0718, 4.00288, DIS
1, 1, 0, 0, 0, 0, 0, 7.24252, 0, DIS
294, 6, 2, 0.0731164, 0.222105, -0.0111969, 0.207548, 60.6738, 5.01535, DIS
332, 6, 0, 0.018697, 0.241694, -0.035861, 0.19474, 36.6853, 4.48414, DIS
190, 4, 0, 0.110478, 0.228875, 0.0958112, 0.218164, 20.8692, 2.05587, DIS
278, 12, 0, 0.12294, 0.21225, -1.58895, 2.98877, 40.6449, 3.33802, DIS
402, 20, 0, 0.00913503, 0.1588, 0.00767948, 0.221077, 76.1248, 4.11749, DIS
348, 12, 0, -0.112395, 0.210162, 0.0405361, 0.179195, 60.4273, 5.40345, DIS
188, 6, 0, -0.0929121, 0.16246, 0.0337726, 0.211544, 32.2556, 4.55186, DIS
