250, 10, 0, -0.0670521, 0.173225, 1.10858, 2.7802, 35.2239, 1.76521, tau
72, 0, 0, 0.0598703, 0.210337, 2.22831, 2.91171, 2.848, 0.346272, tau
50, 3, 0, -0.0242993, 0.191084, -0.0309127, 0.181695, 13.7512, 0.199372, tau
133, 0, 0, 0.0287501, 0.180612, 0.185016, 0.197575, 2.35645, 0.152403, tau
94, 5, 1, 0.00909592, 0.20025, -0.00869498, 0.236228, 26.9472, 0.839726, tau
10, 0, 0, -0.0773721, 0.0665158, -0.0196193, 0.0421507, 1.5814, 0.0324331, tau
13, 0, 0, 0.0768875, 0.0725694, 0.0130688, 0.0246982, 1.90883, 0.0534038, tau
109, 4, 0, 0.0468258, 0.223368, -0.530152, 2.73493, 12.1475, 0.606388, tau
82, 1, 0, -0.0314289, 0.249701, -0.0482111, 0.213417, 6.94672, 0.31264, tau
51, 7, 2, -0.0718178, 0.24533, 0.0162568, 0.269395, 52.6395, 0.6675, tau
19, 1, 0, -0.0544027, 0.212268, -0.01466, 0.216253, 11.6252, 0.12216, tau
82, 5, 0, -0.00581872, 0.155628, -0.022504, 0.139337, 24.3893, 0.366272, tau
133, 2, 1, -0.0180374, 0.215297, 0.0111645, 0.191392, 20.9798, 0.773063, tau
154, 7, 0, -0.0442653, 0.266007, -0.0255005, 0.243265, 33.9187, 1.19748, tau
241, 8, 1, 0.0429386, 0.247733, 0.218005, 2.37528, 40.4263, 1.70763, tau
145, 6, 2, 0.00172136, 0.256918, -5.39978e-05, 0.22555, 50.2759, 1.46725, tau
207, 9, 1, -0.0065385, 0.151595, -0.0104882, 0.1987, 48.1201, 1.43069, tau
329, 1, 0, 0.0564852, 0.217943, 0.103663, 0.22512, 10.7616, 0.774896, tau
207, 2, 0, -0.0563878, 0.236115, 0.0469324, 1.36189, 11.9098, 0.505825, tau
186, 8, 2, 0.00582328, 0.229896, -0.00181357, 0.231214, 59.5639, 1.86016, tau
172, 5, 1, -0.0505032, 0.162564, 0.0702784, 0.178792, 46.422, 1.43342, tau
90, 7, 2, 0.119082, 0.287572, -0.0674699, 0.236408, 47.8423, 1.25798, tau
28, 4, 1, -0.0777427, 0.267648, -0.0595214, 0.22986, 38.4834, 0.235673, tau
107, 8, 2, -0.0808779, 0.256604, 0.0689422, 0.227246, 56.69, 1.29093, tau
67, 4, 1, -0.014847, 0.183196, -0.0182555, 2.88313, 40.3878, 0.977656, tau
95, 7, 1, 0.0407471, 0.275383, -0.0443798, 0.245006, 47.7689, 1.14105, tau
76, 10, 2, -0.0846966, 0.259425, -0.0348106, 0.24559, 70.0452, 1.63429, tau
13, 0, 0, 0.000687015, 0.0784803, -0.00284465, 0.0741309, 1.89048, 0.0372856, tau
149, 4, 0, 0.00845943, 0.217069, -0.0895027, 0.218701, 12.9266, 0.571622, tau
188, 4, 1, -0.00437513, 0.200937, -0.0253112, 0.228481, 38.296, 1.14516, tau
13, 0, 0, 0.0591126, 0.0679046, 0.020876, 0.0352082, 1.77857, 0.048043, tau
175, 9, 2, -0.0292791, 0.152293, 0.037572, 0.203048, 50.1532, 1.54118, tau
11, 0, 0, -0.0118952, 0.0973418, 0.0242238, 0.0697759, 1.62079, 0.0256615, tau
117, 0, 0, 0.0279396, 0.158152, 0.100023, 0.241555, 2.40714, 0.17815, tau
53, 4, 0, -0.0126358, 0.117804, 0.0211681, 0.0915816, 8.48697, 0.138465, tau
149, 4, 0, 0.012047, 0.242819, 0.0694237, 2.19314, 19.0978, 0.436557, tau
202, 8, 0, 0.0543558, 0.15652, -0.0382003, 0.449387, 33.0999, 1.50106, tau
204, 7, 0, -0.00568131, 0.223081, -0.0276073, 0.22859, 34.9484, 1.46808, tau
57, 4, 1, -0.0317755, 0.254887, -0.0081395, 0.236179, 32.0188, 0.422453, tau
39, 8, 2, -0.00161221, 0.259262, 0.337697, 2.41472, 79.7459, 1.68692, tau
74, 0, 0, -0.212294, 0.139872, -3.28025, 2.89733, 2.808, 0.293056, tau
180, 10, 0, 0.024248, 0.234782, 0.152127, 0.232544, 41.2435, 1.94052, tau
198, 9, 2, 0.0174907, 0.182194, 1.02293, 3.16377, 43.2059, 1.48248, tau
154, 6, 0, -0.123747, 0.252019, -0.139077, 0.252824, 31.451, 1.36699, tau
209, 6, 0, -0.00970962, 0.260939, -0.0974513, 0.234631, 31.2769, 1.62952, tau
111, 3, 0, -0.116971, 0.237597, -0.0304533, 0.231592, 13.3917, 0.502375, tau
3, 1, 1, -0.000391271, 0.379881, -3.98251e-05, 0.0740235, 40.7436, 0.0110485, tau
102, 4, 2, -0.0203417, 0.135364, 0.0031033, 0.148588, 35.4531, 0.566393, tau
153, 8, 0, -0.00482522, 0.17249, -0.017807, 0.211111, 35.4986, 1.40786, tau
18, 0, 0, 0.0382162, 0.163282, 0.00697666, 0.0564352, 1.77985, 0.106452, tau
83, 3, 0, 0.0110812, 0.111011, -0.00106563, 0.0926456, 21.6027, 0.333842, tau
134, 4, 0, 0.000593781, 0.203586, 0.0246974, 0.191742, 12.8863, 0.440333, tau
15, 0, 0, -0.0581607, 0.157497, -0.00251141, 0.0422683, 1.58607, 0.0793664, tau
214, 6, 0, -0.083874, 0.231185, 0.235966, 2.58715, 26.6305, 1.21577, tau
131, 2, 0, 0.211677, 0.263431, 0.143033, 0.24384, 9.66174, 0.482687, tau
131, 9, 1, 0.0740818, 0.233248, -0.0257847, 0.240219, 42.6361, 1.19911, tau
15, 0, 0, -0.00372241, 0.0890842, -0.0162692, 0.0591854, 1.6758, 0.0365494, tau
162, 3, 0, -0.0843353, 0.235733, 0.16992, 1.50944, 12.6132, 0.866166, tau
197, 10, 2, -0.0042868, 0.1818, -0.0126523, 0.189346, 53.1522, 1.39264, tau
192, 8, 3, -0.00411975, 0.226867, 0.0240223, 0.211271, 61.1587, 1.53396, tau
9, 0, 0, 0.0581455, 0.0747334, 0.021665, 0.0281033, 1.55477, 0.0305946, tau
100, 5, 0, -0.0834003, 0.264228, -0.00824372, 0.238904, 24.6188, 0.764787, tau
84, 0, 0, 0.192776, 0.235476, -0.183338, 0.224776, 3.184, 0.384427, tau
96, 6, 1, 0.00544158, 0.270892, -0.035713, 0.23387, 35.6346, 0.735206, tau
131, 6, 0, -0.147451, 0.205137, -0.00106676, 0.185092, 19.3812, 0.891652, tau
108, 3, 0, -0.0359557, 0.158463, -0.0197665, 0.164905, 13.9075, 0.503088, tau
43, 4, 1, 0.0768268, 0.264981, 0.00830668, 0.243992, 21.2864, 0.272319, tau
52, 5, 0, -0.0595161, 0.281014, 1.32668, 2.12839, 22.3485, 0.630445, tau
11, 0, 0, 0.0033777, 0.120958, -0.0178949, 0.031259, 1.74117, 0.0342842, tau
206, 10, 0, -0.0918287, 0.164717, 0.0225016, 0.199496, 33.9249, 1.23101, tau
118, 4, 1, 0.0185773, 0.23675, 0.0110051, 0.232259, 43.5237, 0.736864, tau
135, 0, 0, 0.133441, 0.145634, -0.237928, 0.188714, 2.52764, 0.266743, tau
76, 4, 0, -0.0772482, 0.254479, 0.0355128, 0.245306, 21.0568, 0.587108, tau
8, 0, 0, -0.100153, 0.147586, -0.103763, 0.137923, 1.45909, 0.0205717, tau
138, 5, 1, -0.0173653, 0.252481, -0.0173781, 0.222992, 43.5699, 0.970575, tau
107, 7, 0, -0.0799819, 0.207206, 0.0198291, 0.820661, 31.3279, 0.948921, tau
66, 0, 0, -0.0567352, 0.182676, 0.105981, 0.259499, 2.528, 0.287506, tau
58, 6, 1, -0.0974328, 0.283756, 0.0377829, 0.231727, 33.3274, 0.825689, tau
263, 8, 0, -0.00150651, 0.160928, 0.00340411, 0.194352, 36.0895, 1.17552, tau
213, 4, 0, 0.10949, 0.222541, 0.0251513, 0.225522, 13.4989, 0.690501, tau
109, 5, 3, 0.0241632, 0.153547, -0.00516235, 1.91674, 47.0506, 0.76355, tau
67, 4, 1, 0.00427612, 0.230587, 0.00323128, 0.244487, 52.9922, 0.597643, tau
51, 2, 0, -0.0186664, 0.147751, -0.00606091, 0.125742, 7.31596, 0.0973237, tau
219, 7, 2, 0.00200773, 0.167251, 1.17706, 3.2839, 46.8006, 1.4174, tau
139, 6, 1, 0.0191122, 0.261376, -0.0996477, 0.231747, 44.2508, 1.55804, tau
65, 1, 0, -0.0558171, 0.269521, -0.154343, 0.224002, 8.54954, 0.199735, tau
145, 6, 0, 0.0185221, 0.138713, -0.0791918, 0.216095, 29.0513, 1.67794, tau
176, 6, 1, 0.00612169, 0.240645, -0.078139, 0.223613, 43.1777, 1.38173, tau
170, 6, 1, -0.0234432, 0.198143, -0.0229986, 0.184022, 46.5876, 1.35271, tau
145, 9, 0, 0.0371117, 0.196182, -0.0657337, 0.231462, 38.0625, 1.09453, tau
11, 0, 0, 0.0418258, 0.058989, 0.000817246, 0.0401483, 1.75223, 0.0362908, tau
180, 4, 0, 0.0982224, 0.18577, 0.0331787, 0.170246, 13.3462, 0.951378, tau
59, 2, 0, 0.160518, 0.242299, -0.0155992, 0.222132, 11.8299, 0.228507, tau
122, 3, 1, -0.0325907, 0.238224, -0.0568175, 0.21764, 31.6901, 0.901083, tau
59, 4, 0, 0.0970265, 0.250319, -0.0981114, 0.225032, 18.7727, 0.352949, tau
134, 6, 2, -0.0191665, 0.19041, -0.0400227, 0.189903, 36.2245, 1.20363, tau
78, 5, 1, -0.0342043, 0.206577, -1.34238, 3.64614, 43.4247, 0.91503, tau
261, 7, 0, 0.0480744, 0.237122, -0.00768322, 0.217102, 38.2241, 1.24805, tau
184, 4, 0, -0.0488113, 0.263649, -0.00533227, 0.23393, 18.9512, 0.83292, tau
77, 2, 0, 0.00827668, 0.158035, -0.031441, 0.22157, 16.8566, 0.640601, tau
64, 3, 0, 0.00702909, 0.133947, -0.00522264, 0.167563, 12.3836, 0.38792, tau
38, 2, 0, -0.0467967, 0.193308, 0.0198585, 0.207316, 6.1639, 0.0935463, tau
174, 6, 0, -0.0256325, 0.231731, -0.0178765, 0.232681, 31.0506, 0.976281, tau
280, 7, 0, -0.13106, 0.256881, -0.0463729, 0.222515, 28.2163, 1.63668, tau
211, 9, 0, -0.149208, 0.249501, -0.0383704, 0.231366, 46.5411, 1.97284, tau
54, 2, 0, -0.0562693, 0.182359, -0.0060342, 0.160719, 4.45609, 0.257264, tau
32, 3, 0, -0.0540402, 0.237343, 0.0703892, 0.247888, 19.8703, 0.476787, tau
59, 3, 0, -0.00974359, 0.160452, 0.0175184, 0.135674, 10.6829, 0.155589, tau
37, 4, 0, -0.0148967, 0.255419, 0.0690481, 0.230215, 18.6569, 0.476723, tau
25, 0, 0, -0.0543655, 0.185653, 0.0382416, 0.160365, 2.25002, 0.0400629, tau
139, 7, 1, 0.055942, 0.202703, 0.0268336, 0.196104, 49.1782, 1.10761, tau
21, 1, 0, -0.0188353, 0.146441, -0.00997852, 0.152647, 1.92719, 0.0298212, tau
319, 10, 0, 0.0311121, 0.247714, -0.0199522, 0.225487, 45.6559, 2.04938, tau
8, 0, 0, 0.00639073, 0.15401, 0.0498796, 0.0866465, 1.58565, 0.031074, tau
111, 2, 0, 0.013224, 0.236205, 0.0236449, 0.206297, 10.4716, 0.359428, tau
50, 3, 1, -0.00946284, 0.207752, 0.013335, 0.2457, 28.7295, 0.152494, tau
18, 0, 0, 0.0264396, 0.155591, -0.00255498, 0.0606767, 2.40728, 0.116853, tau
137, 2, 0, -0.00582868, 0.215455, -0.0330727, 0.226321, 12.6983, 0.638908, tau
196, 5, 0, 0.0315132, 0.245247, -0.0607099, 0.225755, 27.8592, 0.976094, tau
145, 4, 1, -0.0111175, 0.130575, -0.0277551, 0.207092, 26.6387, 1.07424, tau
267, 8, 0, -0.0904589, 0.160909, -0.0417522, 0.187056, 24.8334, 1.47605, tau
106, 6, 0, -0.0551895, 0.20948, -0.0718235, 1.53871, 25.6359, 0.780625, tau
205, 5, 0, -0.0234904, 0.219765, -0.0076737, 0.215019, 21.0168, 0.740088, tau
224, 7, 1, 0.00545467, 0.151458, -0.0244045, 0.200054, 40.8137, 1.44846, tau
159, 10, 0, 0.0821901, 0.226591, -0.0935761, 0.217193, 38.1325, 1.42667, tau
10, 0, 0, -0.00748257, 0.0972375, 0.0146425, 0.0511513, 1.53416, 0.0343015, tau
196, 8, 1, 0.0617014, 0.178093, 0.0137836, 0.163059, 49.3085, 1.7122, tau
216, 8, 1, -0.0191648, 0.218841, -0.00318765, 0.222815, 49.1702, 1.44985, tau
280, 8, 1, 0.0225251, 0.192273, 0.060809, 0.230619, 33.5456, 1.50674, tau
106, 7, 0, 0.0680552, 0.230397, 0.155518, 0.241357, 22.879, 0.800619, tau
6, 0, 0, 0.0586186, 0.0611889, -0.00394398, 0.0392772, 1.37897, 0.0207189, tau
55, 2, 0, -0.000980284, 0.199482, -0.0719433, 0.175433, 6.06007, 0.168071, tau
149, 7, 0, 0.11053, 0.259316, 0.483739, 2.72334, 32.7299, 1.1465, tau
129, 9, 1, -0.0150293, 0.241445, -0.0250381, 0.224142, 52.2187, 1.56172, tau
142, 7, 2, 0.00177401, 0.238931, 0.0376318, 0.227231, 57.4815, 1.13408, tau
38, 0, 0, -0.200096, 0.222539, -0.0338615, 0.228123, 2.50626, 0.387765, tau
126, 3, 0, 0.00214682, 0.178294, 0.609771, 3.27349, 15.676, 0.930868, tau
284, 8, 0, 0.00470734, 0.214805, 0.00791195, 0.206833, 32.6316, 1.43597, tau
136, 6, 0, -0.0311065, 0.179064, -0.0162033, 0.170781, 15.5597, 0.75264, tau
147, 8, 0, -0.107411, 0.175681, -0.142118, 0.234794, 31.6078, 1.54826, tau
127, 7, 2, 0.024668, 0.234929, 0.00435776, 0.230488, 68.1783, 1.12587, tau
12, 0, 0, -0.0492553, 0.199666, -0.693272, 3.62574, 2.22674, 0.109061, tau
76, 0, 0, 0.318557, 0.228242, -0.335655, 0.209363, 2.912, 0.428587, tau
144, 10, 1, 0.0456422, 0.205948, -0.00106452, 0.194772, 47.3455, 1.29244, tau
5, 0, 0, 0.0442354, 0.079466, 0.0085663, 0.078164, 1.54557, 0.0169638, tau
62, 4, 0, 0.0293694, 0.208599, -0.0304769, 0.241093, 27.4737, 0.672556, tau
64, 0, 0, 0.0943741, 0.195667, -0.0783406, 0.224294, 2.564, 0.31243, tau
66, 0, 0, 0.207988, 0.19137, 0.0190078, 0.276453, 2.536, 0.299162, tau
75, 9, 1, -0.0327842, 0.266281, -0.141602, 0.246289, 35.7413, 0.93724, tau
207, 10, 0, -0.103493, 0.263575, 0.0711, 0.241812, 40.4966, 1.66888, tau
57, 6, 1, -0.017927, 0.283209, -0.0140502, 0.244067, 33.4648, 0.89425, tau
39, 1, 0, 0.0125601, 0.261769, 0.00447951, 0.246847, 5.07766, 0.0547224, tau
53, 4, 1, -0.0170352, 0.21526, -0.0237963, 0.240492, 38.8073, 0.259111, tau
98, 6, 1, -0.0317434, 0.213334, -0.00635692, 0.238916, 48.9273, 1.10496, tau
58, 2, 1, -0.0212271, 0.258946, 0.0634237, 0.262518, 32.3692, 0.34018, tau
81, 4, 0, -0.0633879, 0.255329, -0.0773406, 0.229561, 24.2271, 0.695137, tau
10, 0, 0, -0.0779825, 0.0780272, -0.00556312, 0.0531732, 1.91456, 0.0410185, tau
82, 7, 2, 0.0672627, 0.283409, 0.0238308, 0.238251, 42.4556, 0.889391, tau
81, 3, 0, -0.0342732, 0.256778, -0.174481, 2.4168, 21.7662, 0.523438, tau
168, 7, 0, -0.0174407, 0.173669, -2.75481, 3.00715, 44.452, 1.78522, tau
29, 2, 0, 0.028171, 0.250857, -0.0201082, 0.233902, 9.44345, 0.16245, tau
181, 5, 0, -0.0201788, 0.141434, -0.0598002, 0.19339, 13.2718, 0.799618, tau
227, 3, 0, 0.0127859, 0.165534, -0.101276, 0.177281, 17.3481, 0.920036, tau
158, 8, 2, -0.114079, 0.218023, -0.0201262, 0.218528, 61.4717, 2.15908, tau
12, 0, 0, -0.0286673, 0.117195, -0.0186902, 0.0503607, 1.66034, 0.031368, tau
59, 5, 0, -0.0854426, 0.244124, -0.0271516, 0.240671, 18.1735, 0.566069, tau
49, 3, 0, -0.0195413, 0.271698, 0.0414547, 0.249506, 20.2577, 0.314253, tau
131, 6, 0, 0.0414426, 0.13333, -0.0619656, 0.145938, 23.6457, 1.22312, tau
42, 3, 0, 0.0497944, 0.272996, -0.0334489, 2.71623, 10.0979, 0.25102, tau
63, 7, 1, -0.0670942, 0.25412, -0.011732, 0.241464, 41.821, 0.799017, tau
184, 7, 1, -0.0164188, 0.173692, -0.0113007, 0.166215, 52.2072, 1.42196, tau
62, 7, 1, -0.117409, 0.288876, -0.00433856, 0.239172, 40.7962, 1.19575, tau
164, 11, 0, -0.0188332, 0.267368, 0.162355, 0.2385, 39.4718, 1.31408, tau
50, 2, 0, -0.0311643, 0.256464, 0.00659069, 0.240223, 14.3378, 0.178495, tau
69, 1, 1, -0.00802732, 0.193767, -0.00633644, 0.173259, 14.1803, 0.18405, tau
70, 0, 0, 0.169229, 0.264285, 0.0678792, 0.220835, 2.748, 0.376131, tau
185, 8, 2, -0.0786777, 0.262787, 0.0277557, 0.221902, 56.9679, 1.71156, tau
75, 4, 0, -0.0297722, 0.119634, -0.00700221, 0.125916, 20.5736, 0.334116, tau
106, 6, 1, -0.0277076, 0.135315, 0.00664298, 0.127012, 33.1744, 0.774896, tau
3, 1, 0, -5.21223e-05, 0.380158, 8.04404e-06, 0.0740235, 8.59055, 0.00390625, tau
30, 0, 0, -0.0103014, 0.230224, 0.0120523, 0.119041, 2.14493, 0.213091, tau
209, 5, 0, -0.0611087, 0.219997, 0.0120499, 0.198315, 19.4727, 0.836886, tau
105, 5, 0, -0.0107993, 0.149782, -0.00983818, 0.154475, 23.946, 0.989847, tau
37, 2, 0, 0.0555664, 0.228127, -0.0184223, 0.25051, 5.68696, 0.0328566, tau
127, 3, 0, -0.0358814, 0.20048, 0.0120762, 0.219618, 14.8761, 0.480548, tau
84, 2, 1, -0.0131024, 0.129676, -0.0044344, 0.144586, 22.278, 0.330119, tau
181, 4, 0, 0.00630385, 0.18322, -0.0176966, 0.197276, 28.3299, 0.834403, tau
28, 1, 0, 0.00335885, 0.129717, 0.00521606, 0.103509, 2.64905, 0.0350884, tau
70, 0, 0, 0.220484, 0.24453, -0.220824, 0.233358, 2.816, 0.448925, tau
84, 0, 0, 0.108988, 0.208252, -0.141633, 0.246751, 3.296, 0.398038, tau
209, 2, 0, 0.0416148, 0.221348, -0.00187403, 0.219567, 13.798, 0.573674, tau
97, 7, 0, 0.0537808, 0.27262, 0.0323058, 0.227478, 35.641, 1.19646, tau
9, 0, 0, 0.0248247, 0.0873707, -0.0251682, 0.0519271, 1.84682, 0.0347778, tau
61, 3, 0, 0.037103, 0.259242, -0.00221339, 0.232156, 17.4495, 0.346711, tau
260, 6, 0, 0.016508, 0.198812, -0.00666889, 0.225887, 32.7229, 1.60269, tau
50, 9, 1, -0.11506, 0.216459, 0.111947, 1.85367, 67.6237, 0.943212, tau
37, 1, 0, -0.0034418, 0.285827, 0.0157261, 0.2401, 8.61886, 0.0865567, tau
82, 2, 1, -0.0154287, 0.216873, 0.02475, 0.190073, 20.4699, 0.458947, tau
7, 0, 0, -0.026648, 0.103696, -0.0125413, 0.0677143, 1.4556, 0.0175781, tau
261, 4, 1, 0.0417235, 0.181214, -0.00895391, 0.181727, 32.5205, 1.19733, tau
92, 4, 0, -0.00426587, 0.223777, -0.0168252, 0.221304, 16.696, 0.539289, tau
200, 10, 0, -0.0794889, 0.170383, -0.031542, 0.191718, 46.5282, 2.03989, tau
54, 9, 2, -0.0583851, 0.285001, -0.0289535, 0.244532, 117.625, 1.73261, tau
102, 2, 0, -0.0314561, 0.175477, -0.0324793, 0.608456, 7.54855, 0.534393, tau
81, 6, 1, -0.119976, 0.2863, 0.00831173, 0.226211, 28.3902, 1.05913, tau
88, 5, 1, -0.00741029, 0.122149, 0.00552554, 0.123804, 31.3451, 0.678969, tau
91, 4, 1, 0.00893605, 0.204628, 0.00995035, 0.207389, 40.2812, 0.593133, tau
64, 8, 0, 0.0298427, 0.25879, 1.30954, 3.04818, 24.2755, 0.692718, tau
308, 8, 0, 0.00445742, 0.168787, 0.0634932, 0.224049, 46.5785, 2.26093, tau
44, 0, 0, 0.0480784, 0.254849, -0.010634, 0.217793, 1.93861, 0.0364351, tau
87, 4, 2, -0.0445032, 0.221029, 0.00950113, 0.227503, 39.2313, 0.552538, tau
349, 8, 0, 0.0110897, 0.213772, -0.0293922, 0.227366, 25.2969, 1.46819, tau
139, 6, 0, 0.0159858, 0.231309, -0.00202196, 0.170708, 32.1096, 0.888979, tau
102, 5, 0, 0.298673, 0.297294, -0.0255046, 0.240843, 30.1093, 1.19365, tau
2, 1, 1, -3.08987e-05, 0.329241, 6.01585e-06, 0.064102, 11.5897, 0, tau
9, 0, 0, 0.00980912, 0.0723677, -0.0117069, 0.0339992, 1.77657, 0.0341203, tau
37, 1, 0, 0.00579387, 0.122128, 0.00274997, 0.107624, 2.91505, 0.0400748, tau
148, 10, 3, 0.0441535, 0.229396, -0.00672668, 0.230335, 83.6774, 1.53698, tau
97, 5, 1, -0.0052447, 0.141792, 0.0100478, 0.174521, 30.3429, 0.471865, tau
168, 7, 0, -0.0983741, 0.207336, 0.0320367, 0.801198, 27.6619, 0.992249, tau
110, 7, 1, -0.023527, 0.197443, -0.000559379, 0.188943, 38.7427, 1.04781, tau
42, 3, 1, -0.000235251, 0.206022, -0.00429872, 0.265372, 26.7732, 0.161059, tau
98, 4, 2, 0.0394213, 0.262102, 0.00179816, 0.238856, 64.3225, 0.901929, tau
93, 6, 1, -0.000351468, 0.235847, -0.00284543, 0.236382, 46.161, 1.18647, tau
124, 10, 2, 0.0331324, 0.25332, -0.0163454, 0.242415, 59.8979, 2.03221, tau
216, 5, 0, -0.0980971, 0.251626, -0.0212366, 0.225992, 29.1119, 1.37569, tau
187, 4, 0, -0.0832945, 0.133894, 0.0964576, 1.47831, 17.3147, 0.833708, tau
68, 0, 0, -0.1694, 0.206177, -0.253127, 0.25685, 2.732, 0.402253, tau
194, 10, 0, -0.0831874, 0.202024, 0.482743, 2.89017, 49.3104, 1.61309, tau
211, 10, 0, 0.114398, 0.18129, -0.0306299, 0.185344, 30.3174, 1.76735, tau
216, 3, 0, 0.095475, 0.178892, -0.119177, 0.198929, 16.8586, 1.04894, tau
1, 1, 1, 0, 0, 0, 0, 34.8673, 0, tau
95, 6, 1, -0.0107912, 0.219581, 0.0506778, 0.235196, 38.6814, 0.859162, tau
289, 4, 0, -0.0041851, 0.172082, 0.0179624, 0.196922, 40.7838, 1.85747, tau
161, 0, 0, -0.123413, 0.209059, -0.0750965, 0.208127, 6.13368, 0.560115, tau
170, 4, 0, -0.0479201, 0.242149, -0.00132935, 0.231667, 21.4604, 0.680921, tau
88, 13, 2, 0.0351216, 0.271725, -0.0366514, 0.238814, 57.0981, 1.7281, tau
242, 10, 0, -0.0337663, 0.216948, -0.136169, 1.58859, 31.9315, 1.11423, tau
163, 1, 0, 0.0407395, 0.247198, -0.0145002, 0.202698, 9.05253, 0.41502, tau
102, 4, 0, -0.0309989, 0.245174, 0.463626, 3.34828, 24.9018, 0.671966, tau
171, 5, 1, 0.105187, 0.212242, 0.0194675, 0.219903, 27.7407, 1.33505, tau
41, 2, 0, -0.0211457, 0.112007, -0.00235611, 0.144049, 5.11968, 0.0707587, tau
159, 10, 2, 0.0924229, 0.22749, -0.0625561, 0.23619, 66.409, 1.98702, tau
130, 6, 0, 0.00713316, 0.202584, 0.0625175, 0.208742, 23.8593, 0.679822, tau
185, 8, 1, 0.0325244, 0.169036, -0.0279553, 0.184218, 38.1551, 1.15519, tau
319, 3, 0, -0.00893449, 0.165292, 0.0154178, 0.215351, 17.5429, 1.05016, tau
9, 0, 0, -0.0594834, 0.100172, 0.0149108, 0.10834, 1.77381, 0.0260899, tau
43, 1, 0, -0.0255137, 0.164881, 0.0143828, 0.146809, 5.37257, 0.0899286, tau
45, 1, 0, 0.0157285, 0.172391, 0.0168709, 0.192104, 4.19851, 0.134461, tau
104, 4, 0, 0.0443668, 0.197838, -0.128922, 0.201416, 17.106, 0.697132, tau
84, 0, 0, 0.0362492, 0.211436, -0.297712, 0.302505, 3.172, 0.412982, tau
108, 4, 0, 0.00127094, 0.220687, 0.846854, 2.82719, 17.5969, 0.749919, tau
54, 2, 0, -0.134286, 0.216792, 0.137436, 0.192113, 5.80549, 0.237841, tau
59, 3, 0, -0.0380104, 0.128704, 0.00991291, 0.133534, 7.2794, 0.118063, tau
229, 3, 1, 0.00428221, 0.185422, 0.0101048, 0.167285, 29.3735, 1.12925, tau
115, 2, 0, -0.0635519, 0.247433, 0.114972, 0.237016, 7.23753, 0.275709, tau
278, 10, 1, 0.0538844, 0.253664, -0.0170193, 0.242812, 53.2241, 2.18622, tau
7, 0, 0, 0.0440489, 0.0779689, 0.00635695, 0.0156642, 1.87645, 0.0387192, tau
47, 2, 0, -0.015924, 0.129729, 0.0250499, 0.138353, 6.80507, 0.0994752, tau
16, 0, 0, -0.00938967, 0.125349, 0.000857498, 0.0609004, 1.82983, 0.0315121, tau
17, 0, 0, 0.00944177, 0.0678047, 0.0134518, 0.0440056, 2.75995, 0.0690223, tau
223, 3, 0, 0.0853036, 0.189793, -0.0810571, 0.184428, 11.1757, 0.779084, tau
177, 5, 0, 0.0171525, 0.208719, 1.98987, 3.01816, 13.5811, 0.477842, tau
136, 4, 0, -0.0348723, 0.212385, -0.00487182, 0.181306, 22.2375, 0.810206, tau
54, 2, 0, 0.0185992, 0.201516, -0.000865486, 0.192891, 12.098, 0.169461, tau
254, 15, 0, 0.00995473, 0.255149, 0.0709808, 0.237803, 47.8622, 1.99082, tau
9, 0, 0, 0.0633293, 0.0688868, 0.00507573, 0.00564496, 1.53711, 0.035349, tau
85, 4, 2, 0.0101593, 0.231891, 0.0290389, 0.231815, 60.573, 0.797641, tau
129, 13, 2, -0.0499812, 0.24771, -0.0731683, 0.243397, 81.7988, 2.13245, tau
317, 4, 0, 0.0236264, 0.210285, -0.0298829, 0.224172, 15.9992, 0.924487, tau
116, 6, 1, 0.0205361, 0.129093, 0.850147, 3.56717, 42.5185, 0.980523, tau
115, 5, 0, -0.0411572, 0.200397, 0.0919331, 0.197715, 23.9965, 0.912793, tau
146, 9, 1, -0.00383216, 0.21816, 0.020215, 0.229104, 52.0246, 1.76126, tau
212, 15, 0, 0.0420066, 0.149784, 0.0322462, 0.158842, 56.5193, 2.0987, tau
76, 4, 1, 0.00697703, 0.22683, -0.143642, 3.40612, 35.0719, 0.491753, tau
220, 9, 0, -0.0129059, 0.249456, 0.00324821, 0.236492, 32.2832, 1.35267, tau
59, 4, 3, 0.0323081, 0.27096, -0.0654673, 0.240364, 96.8088, 1.32803, tau
178, 9, 0, -0.0515144, 0.20728, 0.0371988, 0.178247, 33.1009, 0.924784, tau
81, 4, 1, -0.0241582, 0.162568, 0.0201366, 0.162948, 25.721, 0.395593, tau
93, 4, 0, 0.0169898, 0.195732, 0.0534668, 0.234675, 26.1779, 0.668825, tau
61, 3, 0, -0.0287721, 0.133556, 0.0108962, 0.101613, 11.1034, 0.386581, tau
102, 6, 1, -0.0341633, 0.236903, -0.97709, 3.01339, 38.4409, 1.15207, tau
69, 13, 1, 0.151171, 0.284899, 0.0484495, 0.230441, 59.8203, 1.61324, tau
181, 5, 2, 0.0416391, 0.180781, 0.0179087, 0.211951, 46.209, 1.77342, tau
130, 10, 0, 0.0327625, 0.202416, -0.017344, 0.23258, 37.2075, 1.48893, tau
230, 4, 0, -0.0037351, 0.161859, -0.00633867, 0.204575, 22.4723, 1.19789, tau
136, 5, 0, 0.0716565, 0.2694, -0.0554395, 0.236431, 18.4756, 0.653104, tau
86, 0, 0, -0.0719659, 0.214492, 0.0181972, 0.252252, 3.264, 0.391141, tau
93, 2, 1, -0.00547957, 0.236541, -0.00800641, 0.243703, 34.0902, 0.595802, tau
171, 1, 0, -0.00092249, 0.169351, -0.051309, 0.197635, 6.67647, 0.309328, tau
41, 2, 0, 0.0370411, 0.220691, 0.0272868, 0.25864, 9.61554, 0.0651888, tau
172, 6, 1, -0.0379289, 0.204889, 0.00222576, 0.223875, 47.984, 1.33115, tau
76, 5, 0, 0.00295011, 0.123759, -0.00520764, 0.123543, 17.6252, 0.417439, tau
93, 5, 2, -0.0339942, 0.25676, 0.00195952, 0.240449, 68.3282, 1.16152, tau
343, 8, 0, -0.0794322, 0.252971, 0.0165029, 0.224775, 31.0431, 1.7439, tau
169, 8, 1, 0.0147528, 0.210525, -0.0204186, 0.211307, 43.1188, 1.16278, tau
240, 12, 3, 0.0614164, 0.201983, 0.00401848, 0.193011, 63.631, 2.26546, tau
68, 9, 0, -0.152866, 0.284443, 0.137892, 0.227171, 27.3363, 0.73703, tau
15, 0, 0, -0.00511575, 0.0556068, 0.00253499, 0.064367, 2.11113, 0.0444577, tau
222, 11, 0, -0.0283229, 0.189654, 0.0755861, 0.165873, 44.7733, 1.55616, tau
265, 4, 0, 0.0787948, 0.225358, 0.0310611, 0.216271, 20.576, 1.02992, tau
10, 0, 0, 0.0155424, 0.0590365, -0.0155716, 0.0220869, 1.70605, 0.0360502, tau
10, 1, 0, 0.0209503, 0.181695, -0.0231485, 0.151019, 5.44498, 0.0591445, tau
263, 9, 0, 0.0246444, 0.20124, 0.00354611, 0.223067, 38.6489, 1.4595, tau
154, 10, 0, 0.0590346, 0.1507, -0.02053, 0.131974, 50.2234, 1.89456, tau
13, 0, 0, -0.0267126, 0.0655424, -0.00995402, 0.0200515, 1.64369, 0.0416873, tau
32, 0, 0, -0.0371986, 0.130409, 0.004169, 0.0914527, 1.60383, 0.0943925, tau
76, 0, 0, 0.377288, 0.241028, -0.290886, 1.60348, 2.968, 0.377913, tau
176, 8, 1, -0.0181988, 0.244787, -0.0494362, 0.23832, 38.7234, 1.33788, tau
44, 7, 2, -0.114295, 0.253558, -0.0124204, 0.249042, 46.992, 0.507993, tau
40, 1, 0, -0.00396728, 0.208686, 0.0224002, 2.46371, 7.73007, 0.043542, tau
8, 0, 0, 0.071479, 0.139352, -0.0583222, 0.047705, 1.52689, 0.0252541, tau
82, 0, 0, 0.0363132, 0.262377, -0.281188, 0.252519, 3.32, 0.471303, tau
84, 0, 0, -0.0316607, 0.222938, 0.206095, 0.226191, 3.264, 0.416995, tau
82, 0, 0, -0.0821223, 0.229965, -0.0713143, 0.232973, 3.136, 0.408778, tau
36, 1, 0, 0.00689311, 0.11334, -0.0873983, 0.161624, 1.98499, 0.0638716, tau
60, 5, 1, -0.169589, 0.262751, -0.225438, 2.54976, 29.1482, 0.519458, tau
88, 0, 0, 0.198339, 0.208683, -0.287653, 0.239862, 3.572, 0.47476, tau
80, 0, 0, -0.0627565, 0.252093, 0.162801, 0.223021, 3.02, 0.408883, tau
59, 1, 0, 0.0654369, 0.141088, 0.0901078, 0.25347, 6.13501, 0.34426, tau
230, 5, 0, -0.030673, 0.20013, -1.48618, 2.84083, 17.7815, 1.08768, tau
73, 8, 1, -0.0901555, 0.304052, -0.0113271, 0.247911, 39.8904, 1.19753, tau
341, 11, 0, 0.00203654, 0.17032, 0.00867696, 0.212762, 36.8421, 1.70234, tau
224, 4, 0, 0.00744108, 0.248811, 0.00598119, 0.237193, 22.3855, 0.739613, tau
160, 4, 0, 0.00965855, 0.234068, 0.0965797, 0.19254, 15.1625, 0.66854, tau
9, 0, 0, -0.088301, 0.152094, 0.0575433, 0.207079, 1.52777, 0.0207103, tau
7, 0, 0, -0.0927314, 0.0789205, 0.00583885, 0.0552043, 1.77326, 0.0352646, tau
70, 2, 1, -0.0259741, 0.242909, -0.0281015, 0.250748, 27.5157, 0.377595, tau
118, 3, 0, -0.0185313, 0.181921, -0.0288412, 0.229575, 15.7298, 0.738994, tau
52, 3, 1, -0.00459094, 0.256018, 0.0163962, 0.217947, 35.1866, 0.626561, tau
14, 0, 0, -0.0923282, 0.0708891, 0.00522349, 0.064007, 1.82718, 0.048362, tau
62, 2, 1, -0.02183, 0.216922, -0.0155484, 0.216753, 16.4458, 0.218401, tau
25, 0, 0, 0.00359089, 0.245475, -0.0185725, 0.140709, 2.34978, 0.257652, tau
153, 4, 0, -0.0278659, 0.193864, 0.00840054, 0.219066, 18.5314, 0.836631, tau
270, 8, 0, 0.0292001, 0.193092, 0.0168482, 1.19394, 25.4045, 1.36663, tau
126, 5, 2, -0.0227089, 0.226758, 0.0168628, 0.219317, 72.2422, 1.01743, tau
53, 0, 0, -0.0681614, 0.187772, 0.0267652, 0.122767, 2.742, 0.288276, tau
100, 0, 0, 0.347962, 0.235517, -1.27805, 2.4931, 3.808, 0.545111, tau
28, 0, 0, 0.020701, 0.196469, -0.00771247, 0.106088, 1.89632, 0.175605, tau
220, 3, 0, 0.0320524, 0.165661, -0.0273317, 0.176503, 14.8043, 0.675702, tau
141, 6, 1, 0.00548679, 0.222854, 0.028706, 0.205763, 40.7471, 0.878967, tau
86, 2, 1, -0.0127221, 0.168528, 0.00261125, 0.168131, 19.7095, 0.264589, tau
246, 5, 0, 0.051279, 0.187849, 0.00770012, 0.182948, 26.4417, 1.51581, tau
310, 8, 1, -0.010996, 0.248099, 0.0277302, 1.74923, 47.5414, 1.78029, tau
66, 0, 0, -0.101524, 0.212511, 0.175934, 0.253233, 2.616, 0.33091, tau
165, 6, 0, -0.109461, 0.233584, -0.0592238, 0.222688, 17.5424, 0.986837, tau
67, 3, 0, -0.0877111, 0.222911, -0.143836, 0.226928, 11.2174, 0.440541, tau
97, 3, 2, -0.0224927, 0.127574, 0.00330934, 0.131877, 39.7896, 0.560326, tau
105, 1, 0, 0.228859, 0.268191, 0.0580957, 0.209225, 7.02887, 0.353893, tau
102, 4, 1, -0.00907567, 0.13106, 0.00123952, 0.126716, 38.4959, 0.526634, tau
76, 0, 0, 0.0243395, 0.152157, -0.180042, 0.254554, 2.968, 0.3102, tau
22, 4, 0, -0.171321, 0.249548, -0.00412965, 0.230987, 19.8789, 0.41999, tau
60, 3, 2, -0.0712648, 0.269991, -0.038469, 0.242722, 33.7289, 0.433013, tau
11, 0, 0, 0.0603819, 0.0692168, 0.0124139, 0.020618, 1.72236, 0.0474915, tau
76, 0, 0, -0.0680232, 0.212714, -0.319001, 0.246823, 2.916, 0.370678, tau
176, 6, 1, 0.0125004, 0.212117, -0.0362211, 0.210172, 42.7719, 1.28937, tau
56, 3, 0, -0.00542659, 0.118799, 0.0104172, 0.113191, 10.4706, 0.154852, tau
76, 2, 1, -0.0196163, 0.220702, -0.00396819, 0.199363, 21.2432, 0.469726, tau
166, 7, 1, -0.00844586, 0.169203, -0.0408232, 0.18582, 46.98, 1.30989, tau
66, 2, 0, 0.0101894, 0.127562, 0.00571095, 0.123643, 11.2947, 0.177767, tau
228, 8, 0, -0.0135215, 0.19222, -0.00207859, 0.20628, 25.2151, 1.09854, tau
261, 7, 0, -0.0177176, 0.200565, -0.0553242, 0.218611, 33.733, 1.39654, tau
178, 11, 1, -0.0225218, 0.263698, -0.0521475, 0.23656, 47.5603, 1.69745, tau
70, 0, 0, 0.114462, 0.225367, -0.0343258, 0.215897, 2.78, 0.3566, tau
10, 0, 0, -0.0636507, 0.142262, 0.0247402, 0.0746692, 1.58827, 0.0271073, tau
118, 3, 0, -0.0366293, 0.159821, -0.0257548, 0.213964, 11.5092, 0.434806, tau
49, 2, 0, -0.00112415, 0.209594, -0.0118844, 0.235592, 13.0516, 0.149921, tau
169, 5, 0, 0.0920662, 0.192055, 0.0278094, 0.199235, 23.4112, 0.85371, tau
193, 7, 1, -0.0240725, 0.185997, -0.0113191, 1.22, 41.628, 1.48339, tau
198, 7, 1, -0.00603707, 0.216347, 0.0198923, 0.221641, 51.4137, 1.43589, tau
194, 2, 0, -0.186874, 0.252861, 0.075514, 0.632328, 13.2919, 0.71773, tau
217, 9, 1, -0.03973, 0.19102, -0.0236842, 0.187451, 36.365, 1.14452, tau
249, 9, 0, -0.0036713, 0.196845, 0.049951, 0.214087, 34.0295, 1.46121, tau
170, 9, 0, 0.0312016, 0.261994, 0.0218253, 0.249308, 38.3805, 1.18441, tau
21, 1, 0, -0.0233146, 0.218165, -0.0313895, 0.192183, 2.07392, 0.0163118, tau
188, 9, 0, 0.0850649, 0.184473, -0.0521391, 0.171178, 31.7845, 1.29995, tau
89, 4, 2, -0.042184, 0.215844, 0.00387153, 0.214002, 43.2, 0.620196, tau
52, 6, 0, -0.0301626, 0.296977, -0.0141451, 0.236045, 16.672, 0.426122, tau
223, 3, 0, 0.00677425, 0.213705, 0.25524, 2.43791, 16.3711, 0.817891, tau
148, 4, 0, -0.111109, 0.260574, -0.0213225, 0.228993, 19.9955, 1.01493, tau
170, 3, 0, 0.0395614, 0.198766, 0.0374145, 0.210173, 12.0757, 0.690158, tau
58, 4, 0, -0.0323408, 0.172223, 0.0215588, 0.158424, 14.412, 0.216295, tau
59, 6, 2, 0.066766, 0.250075, 0.0123186, 0.218817, 55.7184, 0.855388, tau
67, 7, 0, -0.0774139, 0.289621, -0.134648, 0.20937, 26.3055, 0.734333, tau
96, 6, 1, -0.00433367, 0.155509, 0.00234286, 0.117576, 25.7973, 0.602019, tau
39, 5, 0, -0.272032, 0.22433, -0.135155, 0.242937, 16.1917, 0.23632, tau
10, 0, 0, -0.0606772, 0.0971506, 0.0243664, 0.0273665, 1.65897, 0.0391052, tau
111, 4, 0, 0.0309286, 0.266705, -0.0351241, 0.246847, 23.9174, 0.549047, tau
11, 0, 0, -0.0397487, 0.0703106, 0.00411242, 0.0191187, 1.77233, 0.043542, tau
184, 6, 0, -0.0370081, 0.215085, 0.243379, 2.39569, 24.2675, 1.02624, tau
86, 0, 0, 0.130011, 0.225218, 0.333948, 0.232216, 3.312, 0.39957, tau
8, 0, 0, -0.0545951, 0.0632959, 0.0218994, 0.0935038, 1.78135, 0.0211488, tau
193, 4, 0, -0.0293463, 0.165258, -0.0415539, 0.258642, 15.1367, 0.912668, tau
119, 5, 2, -0.0144599, 0.143259, 0.0122906, 0.147522, 46.5034, 0.706243, tau
46, 1, 0, -0.00800724, 0.193402, -0.0127893, 0.200554, 6.36379, 0.0804346, tau
11, 0, 0, -0.0247839, 0.0667429, -0.0148973, 0.0221533, 1.56067, 0.0360072, tau
142, 2, 0, -0.053083, 0.229588, 0.217578, 2.6385, 9.92908, 0.37133, tau
228, 7, 0, -0.0208361, 0.240075, 0.0300156, 0.223398, 29.996, 1.3255, tau
109, 3, 0, -0.0879746, 0.168542, -0.0298457, 0.151554, 11.5334, 1.01101, tau
8, 1, 0, -0.0115835, 0.089302, 0.0115079, 0.097585, 2.05212, 0.0288375, tau
161, 10, 0, -0.0997911, 0.250553, -0.0102172, 0.228139, 30.8088, 1.13367, tau
214, 6, 0, 0.0930961, 0.246476, 0.0617049, 0.241669, 18.2476, 0.771719, tau
203, 8, 0, 0.0254529, 0.181818, -0.0495164, 1.10024, 31.0392, 1.32255, tau
166, 8, 0, 0.0607955, 0.207032, -0.0500078, 0.187263, 20.3927, 0.835426, tau
93, 5, 2, 0.00203833, 0.163687, 0.0145963, 0.131542, 41.243, 1.0506, tau
162, 9, 2, -0.0097446, 0.22664, -0.0120256, 0.200519, 53.9263, 1.27341, tau
22, 0, 0, -0.0843658, 0.158012, 0.00102785, 0.0965823, 1.83839, 0.126361, tau
211, 4, 1, 0.0056117, 0.261856, 0.00276325, 0.220503, 32.9168, 0.998412, tau
41, 2, 0, 0.0133826, 0.209451, -0.0378855, 0.212591, 7.18039, 0.0965761, tau
72, 0, 0, 0.0225018, 0.295269, -0.298344, 0.193282, 2.776, 0.458564, tau
180, 4, 1, -0.0233751, 0.194832, -0.00413162, 0.175914, 55.1775, 1.16236, tau
147, 5, 0, -0.00724369, 0.11344, -0.0538215, 0.147898, 23.0526, 1.0984, tau
90, 0, 0, -0.256372, 0.297053, -0.0139367, 0.232165, 3.656, 0.528078, tau
135, 5, 1, -0.0734355, 0.207242, 0.00876966, 0.185342, 34.4827, 1.25487, tau
85, 4, 2, -0.0496047, 0.256994, 0.0462399, 0.249025, 41.0548, 0.692013, tau
109, 5, 0, -0.00369054, 0.227782, 0.009144, 0.194255, 23.5126, 0.73674, tau
92, 3, 1, 5.14891e-05, 0.220307, 0.031434, 0.206337, 32.6992, 0.496447, tau
213, 7, 1, 0.0329298, 0.223316, -0.0423328, 0.228623, 44.1827, 1.78245, tau
92, 5, 1, -0.0439996, 0.257139, 0.0370565, 0.250915, 46.8678, 1.2539, tau
74, 1, 0, 0.00900457, 0.21041, 0.009104, 0.23404, 8.30595, 0.224686, tau
64, 3, 0, 0.0590071, 0.276463, 0.034411, 0.243411, 10.3844, 0.278387, tau
104, 8, 0, -0.0550653, 0.244979, 0.880982, 3.49016, 39.8442, 0.804877, tau
141, 3, 0, -0.187712, 0.234534, -0.145812, 0.249574, 12.5043, 0.703103, tau
6, 1, 0, -0.078199, 0.173403, -0.0573429, 0.130246, 1.80134, 0.019924, tau
29, 3, 1, -0.0919797, 0.269265, -0.0448492, 0.22265, 24.733, 0.487265, tau
73, 8, 0, 0.174564, 0.265745, -0.0142, 1.94402, 27.243, 0.882328, tau
332, 9, 0, 0.0200915, 0.185592, -0.0237674, 0.220444, 43.3523, 1.52614, tau
222, 12, 1, -0.0418217, 0.20967, 0.0185322, 0.189864, 57.4555, 1.97432, tau
73, 2, 1, 0.00388688, 0.17175, -0.0030628, 0.167258, 21.5972, 0.272935, tau
68, 0, 0, -0.335067, 0.288005, 0.0429235, 0.18991, 2.628, 0.363666, tau
57, 4, 2, -0.0498661, 0.256769, 0.0485383, 0.240258, 65.0238, 0.804346, tau
171, 5, 0, 0.0677479, 0.198466, -0.164578, 3.26242, 22.8259, 0.934174, tau
94, 0, 0, 0.36746, 0.249566, 0.0512108, 1.19192, 3.56, 0.501882, tau
208, 8, 0, 0.0163713, 0.233199, -0.0705315, 0.20464, 48.1977, 1.62808, tau
59, 3, 0, 0.0327202, 0.178682, 0.0045058, 0.139576, 9.5824, 0.153715, tau
94, 0, 0, 0.0809045, 0.254998, 0.00473609, 0.249505, 3.752, 0.641877, tau
189, 2, 0, 0.0988901, 0.210081, -0.011479, 0.224484, 12.1864, 0.617916, tau
88, 0, 0, -0.330114, 0.246686, -0.0968723, 0.234434, 3.392, 0.454921, tau
204, 6, 2, 0.0110547, 0.192113, -0.0862866, 3.02919, 72.2922, 1.38455, tau
146, 8, 0, 0.117463, 0.234552, 0.0125095, 0.22786, 28.6198, 1.00724, tau
13, 0, 0, -0.0119527, 0.0618837, -0.00781454, 0.0406789, 1.98072, 0.0434845, tau
185, 3, 0, 0.0234323, 0.257358, -0.00429027, 0.232095, 19.1464, 0.795476, tau
47, 2, 0, -0.00142193, 0.252344, -2.0627, 2.8929, 11.0868, 0.180429, tau
56, 2, 0, 0.0146785, 0.196496, -0.0206205, 0.212725, 14.4043, 0.215376, tau
92, 4, 0, 0.0299472, 0.179634, -0.0063774, 0.155348, 25.3082, 0.405949, tau
98, 4, 0, 0.0761325, 0.234375, 0.155464, 0.20359, 9.87727, 0.42943, tau
80, 1, 0, -0.0324586, 0.215772, 0.0377892, 0.23858, 10.0206, 0.442907, tau
78, 4, 0, -0.0434501, 0.162516, 0.0040751, 0.196608, 23.5963, 0.815499, tau
23, 1, 0, -0.0167071, 0.259372, -0.0478336, 2.44816, 5.21162, 0.0226933, tau
1, 1, 0, 0, 0, 0, 0, 5.90469, 0, tau
43, 3, 0, -0.0236115, 0.271411, -0.0381206, 0.243419, 11.6957, 0.153888, tau
163, 14, 1, -0.145178, 0.255329, 0.0191815, 0.241189, 58.7451, 2.28478, tau
187, 7, 0, 0.0843068, 0.184717, 0.0103924, 0.184467, 30.2483, 1.44208, tau
121, 10, 0, -0.0377164, 0.143706, -0.0287669, 0.135376, 40.9878, 1.00408, tau
25, 0, 0, 0.012553, 0.0829654, -0.00807014, 0.0690943, 2.12351, 0.0301155, tau
313, 8, 0, -0.0132154, 0.15788, -0.00433838, 0.218844, 27.5729, 1.42271, tau
13, 0, 0, 0.0399863, 0.0560772, 0.0188844, 0.0349133, 2.11248, 0.0524124, tau
123, 7, 1, 0.0122477, 0.140226, -0.00632794, 0.143719, 45.3902, 1.10739, tau
70, 0, 0, 0.27523, 0.230177, -0.227865, 0.24159, 2.788, 0.421073, tau
249, 4, 0, -0.0605344, 0.230706, -0.0432097, 0.203822, 19.8673, 1.14644, tau
132, 6, 1, 0.0916314, 0.252559, -1.97241, 3.11313, 34.4084, 1.13537, tau
161, 8, 1, 0.00421827, 0.192759, 0.069738, 0.214299, 37.4282, 1.28144, tau
6, 0, 0, -0.117145, 0.122627, -0.00324278, 0.103706, 1.84494, 0.0282698, tau
115, 4, 2, -0.0283514, 0.143808, -0.0186212, 0.16536, 31.0956, 0.978529, tau
201, 7, 0, -0.0555417, 0.164649, -0.00599196, 0.178597, 30.1432, 1.01156, tau
94, 3, 0, -0.0297504, 0.19149, 0.00922378, 0.202134, 17.4956, 0.527676, tau
12, 0, 0, -0.0488822, 0.0909537, 0.0127399, 0.0288276, 1.67669, 0.045927, tau
61, 1, 1, -0.0153025, 0.231199, -0.00212047, 0.187347, 13.4016, 0.333109, tau
212, 3, 0, 0.0913477, 0.229867, -0.00500495, 0.212739, 13.2968, 0.642765, tau
210, 7, 1, -0.00427789, 0.149532, -0.0274078, 2.34927, 44.3838, 1.33001, tau
28, 1, 0, -0.0498594, 0.225176, 0.00226026, 0.190728, 2.34959, 0.0350748, tau
50, 2, 0, -0.000289785, 0.109506, 0.0221215, 0.0976935, 6.62968, 0.168558, tau
90, 6, 2, 0.0602729, 0.236918, -0.0588835, 0.232503, 45.5967, 0.996331, tau
347, 0, 0, -0.0331462, 0.218519, -0.916602, 3.16542, 13.2915, 0.801933, tau
257, 6, 0, -0.122601, 0.254354, -0.127882, 0.239992, 33.243, 1.83383, tau
156, 4, 0, 0.0110157, 0.18309, 0.0161189, 0.136469, 18.6521, 0.899134, tau
258, 10, 0, 0.00910939, 0.187091, 0.029228, 1.82377, 44.4754, 1.82762, tau
100, 2, 2, -0.0207674, 0.217059, 0.013187, 0.221098, 36.3564, 0.628312, tau
8, 1, 0, -0.000427589, 0.30333, 7.06099e-05, 0.215909, 5.40819, 0.00338291, tau
116, 5, 0, -0.0045413, 0.167605, 0.0457658, 0.181328, 22.425, 1.07757, tau
166, 8, 0, 0.0252285, 0.23104, 0.0266344, 0.816169, 33.0415, 1.12081, tau
183, 3, 0, -0.0132479, 0.205767, 0.0176599, 0.198224, 17.7398, 0.641957, tau
253, 8, 0, -0.0584023, 0.221821, -0.000474411, 0.233308, 36.4327, 1.54865, tau
280, 6, 1, 0.0241659, 0.204571, -0.00294112, 0.217743, 40.6794, 1.38891, tau
62, 5, 1, 0.135342, 0.250823, 0.0169263, 0.245764, 28.6245, 0.522445, tau
104, 5, 1, 0.00762708, 0.177089, 0.0110088, 0.155141, 39.5325, 0.594674, tau
104, 8, 1, -0.0650134, 0.262227, -0.578413, 3.25847, 58.1599, 1.51973, tau
198, 6, 0, -0.0590758, 0.229954, -0.0526803, 0.18336, 36.5112, 1.36422, tau
42, 2, 0, 0.0329838, 0.144887, 0.0141357, 0.132601, 4.25949, 0.0659017, tau
1, 1, 0, 0, 0, 0, 0, 1.64756, 0.000488281, tau
101, 3, 0, -0.035067, 0.201948, -0.0213514, 0.215786, 15.4266, 0.336142, tau
226, 6, 0, 0.104392, 0.254396, -3.02551, 2.93737, 30.1838, 1.44599, tau
194, 4, 0, -0.00423605, 0.251241, -0.0741403, 0.222237, 26.0258, 0.978373, tau
190, 8, 2, 0.0581885, 0.226141, -0.0369708, 0.222092, 62.9914, 1.66346, tau
13, 0, 0, 0.0827148, 0.0610399, 0.0095617, 0.0239836, 1.52909, 0.0386822, tau
329, 7, 0, -0.0761957, 0.242092, 0.0390549, 0.212444, 39.8046, 1.85013, tau
122, 3, 0, 0.0146012, 0.175225, 0.082548, 2.89263, 20.4032, 0.741426, tau
54, 3, 0, -0.0141787, 0.100287, -0.00123159, 0.103196, 10.3924, 0.137692, tau
16, 2, 1, 0.0209557, 0.214446, 0.0117263, 0.200032, 17.2009, 0.143631, tau
10, 0, 0, 0.0468594, 0.078873, 0.00869286, 0.027129, 1.76607, 0.0379637, tau
139, 4, 1, -0.012836, 0.203127, -0.010408, 0.224215, 39.9009, 0.896159, tau
67, 3, 0, 0.0242044, 0.288278, -0.0618025, 0.230809, 15.5079, 0.36433, tau
130, 9, 1, 0.021027, 0.193798, -0.0309324, 0.211496, 44.6756, 1.36216, tau
14, 0, 0, 0.0160979, 0.127768, 0.00164562, 0.0463027, 1.72762, 0.0783718, tau
200, 8, 2, 0.00258255, 0.153016, -0.0311139, 1.49007, 50.5135, 1.41973, tau
307, 11, 0, -0.0241308, 0.199444, 0.00764014, 0.211283, 42.0948, 1.89237, tau
143, 11, 0, -0.172763, 0.174803, 0.0281437, 0.15754, 32.861, 1.63541, tau
170, 9, 1, -0.0486862, 0.230136, 0.00826759, 0.207529, 38.7495, 1.3042, tau
228, 3, 0, -0.0197788, 0.190666, 0.0229353, 0.220624, 20.6172, 1.18872, tau
55, 3, 0, 0.00169372, 0.176577, 0.00433887, 0.146269, 9.75257, 0.146106, tau
11, 0, 0, 0.0474586, 0.0810455, -0.00167022, 0.0272176, 1.49673, 0.0334143, tau
102, 3, 0, -0.0211853, 0.137265, -0.0103782, 0.163717, 14.6952, 0.518193, tau
139, 7, 2, -0.03189, 0.210774, 0.0685307, 0.226319, 38.8416, 1.2914, tau
156, 9, 1, -0.013846, 0.187074, -0.0330425, 0.185712, 48.631, 1.31899, tau
161, 4, 0, 0.0116033, 0.117809, -0.028743, 1.75189, 26.0358, 1.13367, tau
145, 5, 0, -0.0365646, 0.237033, -0.0179015, 0.189419, 24.8216, 0.913328, tau
29, 3, 0, -0.132297, 0.262142, 0.0100138, 0.247974, 9.52968, 0.256552, tau
13, 0, 0, 0.0716348, 0.073396, 0.0133174, 0.0316602, 1.6321, 0.0394089, tau
15, 0, 0, 0.0565222, 0.0841773, 0.00312049, 0.0416965, 1.46897, 0.035838, tau
177, 4, 0, -0.116463, 0.198218, 0.0271485, 0.203143, 14.3932, 0.739603, tau
171, 8, 2, 0.00240899, 0.225509, 0.0209964, 0.206433, 74.3008, 1.65831, tau
255, 6, 1, -0.00479781, 0.222102, -0.0032302, 0.230904, 52.8722, 1.5916, tau
302, 18, 0, -0.0189745, 0.244118, -0.0387425, 0.240658, 54.6718, 2.50955, tau
182, 10, 0, -0.157685, 0.271054, 0.0226183, 0.242527, 35.9668, 1.56994, tau
149, 5, 0, -0.0802103, 0.238413, -0.225953, 2.33021, 13.1101, 0.515521, tau
47, 2, 1, 0.00931328, 0.253537, -0.019194, 2.10075, 33.1285, 0.324383, tau
90, 3, 1, -0.00157546, 0.22149, 0.00136512, 0.17725, 26.5775, 0.382094, tau
285, 10, 1, -0.0584099, 0.191205, 0.0123506, 0.185018, 42.8312, 1.74543, tau
110, 5, 0, -0.144996, 0.209367, -0.073224, 0.219745, 21.158, 0.694104, tau
36, 2, 0, 0.0134819, 0.0752112, -0.0193037, 0.0691162, 3.68708, 0.0571519, tau
85, 6, 1, 0.0256835, 0.253225, 0.0119789, 0.241802, 70.3523, 1.06204, tau
201, 2, 0, 0.013357, 0.198782, 0.00247981, 0.213899, 14.3018, 0.591239, tau
265, 12, 2, -0.0323963, 0.200443, 0.00533963, 0.200234, 82.3381, 2.8025, tau
163, 3, 0, 0.076266, 0.245366, 0.00543358, 0.240442, 18.8742, 0.62712, tau
95, 4, 1, 0.0118978, 0.262184, 0.00658253, 0.246016, 29.5935, 0.68976, tau
251, 4, 0, 0.0311246, 0.19925, 0.0349479, 0.217474, 31.2342, 1.54399, tau
95, 3, 0, 0.0878754, 0.195078, 0.14333, 0.216156, 9.17252, 0.578033, tau
281, 6, 0, -0.102299, 0.174149, -0.00429356, 0.212202, 28.1241, 1.91744, tau
97, 6, 0, -0.0523676, 0.244087, 0.0774225, 0.235426, 25.3831, 0.753167, tau
151, 7, 1, 0.00361119, 0.136577, -0.0446962, 0.179819, 34.7702, 1.34928, tau
65, 0, 0, 0.275713, 0.211962, -0.046019, 0.264034, 2.52143, 0.175966, tau
173, 13, 1, -0.00343352, 0.203369, 0.0801375, 0.229507, 59.8182, 1.78378, tau
180, 8, 0, -0.0190509, 0.228745, 0.0167097, 0.202023, 24.0662, 0.8721, tau
80, 0, 0, -0.33813, 0.240973, -0.195868, 0.239831, 3.264, 0.483978, tau
80, 0, 0, -0.112691, 0.191534, -0.220862, 0.244392, 3.168, 0.369641, tau
319, 4, 0, 0.00969092, 0.204411, -0.0400295, 0.23122, 20.6206, 1.05935, tau
88, 0, 0, -0.135778, 0.260596, 0.423117, 0.257677, 3.192, 0.558564, tau
80, 0, 0, -0.328964, 0.235333, -0.0726895, 0.240831, 3.128, 0.402142, tau
82, 0, 0, 0.216921, 0.21379, 0.371924, 0.256666, 3.152, 0.388122, tau
74, 4, 1, -0.0461824, 0.240458, -1.80173, 3.18428, 40.6412, 0.612273, tau
181, 5, 1, 0.0314915, 0.20017, 0.00387303, 0.210477, 31.2292, 0.970355, tau
158, 4, 0, 0.00550524, 0.166515, 0.033108, 0.190829, 20.2175, 0.630929, tau
107, 4, 0, -0.00407676, 0.191134, -0.0382155, 0.210949, 14.4914, 0.449253, tau
178, 0, 0, 0.0148776, 0.19833, 0.0742934, 0.215575, 6.44901, 0.820108, tau
76, 2, 1, -0.0252212, 0.183423, -0.0184067, 0.199185, 23.7407, 0.330442, tau
123, 7, 0, -0.0573819, 0.216115, 0.000653358, 0.197804, 27.496, 0.928834, tau
181, 11, 0, 0.0240488, 0.129334, 0.0417823, 0.173842, 44.7315, 1.85329, tau
11, 0, 0, -0.0656927, 0.0885334, 0.00727141, 0.0291, 1.48499, 0.0322155, tau
74, 8, 1, -0.0207002, 0.236491, 0.029623, 0.253143, 54.9358, 1.44208, tau
15, 0, 0, 0.0379337, 0.0643674, 0.00544109, 0.0330141, 2.51366, 0.0583205, tau
180, 9, 0, -0.063706, 0.173597, -0.0700875, 0.178416, 35.8622, 1.55435, tau
50, 2, 0, 0.0114933, 0.191964, 0.000162054, 0.212856, 12.9626, 0.157901, tau
99, 4, 2, -0.0434305, 0.189957, -0.00659934, 0.180574, 34.1117, 0.544526, tau
335, 10, 0, 0.0689263, 0.21772, -0.0072616, 0.212574, 38.0508, 1.83359, tau
60, 5, 1, -0.0571395, 0.258123, 0.0086611, 0.252685, 32.2079, 0.825615, tau
77, 3, 0, 0.00711162, 0.140917, 0.000470394, 0.146964, 15.1173, 0.232545, tau
71, 7, 1, -0.0773528, 0.277338, 2.58452, 2.87753, 37.8765, 1.0332, tau
59, 2, 0, -0.00532702, 0.190438, -0.00961718, 0.173815, 12.5056, 0.166371, tau
90, 11, 1, -0.0508933, 0.268685, 0.0386537, 0.242771, 54.7169, 1.51522, tau
187, 8, 0, 0.00900124, 0.216022, -0.0352865, 0.222746, 37.0504, 1.49204, tau
91, 9, 2, -0.0133729, 0.273004, -0.101209, 0.241967, 79.6743, 1.53682, tau
77, 4, 1, -0.0282379, 0.205391, 0.0117756, 0.188893, 22.1239, 0.328218, tau
128, 5, 0, -0.0670738, 0.193903, 0.0613423, 1.90729, 15.0137, 0.484044, tau
212, 9, 0, -0.087995, 0.149501, -0.0310091, 0.179221, 26.0015, 1.57173, tau
178, 5, 0, 0.0308631, 0.237043, -0.123994, 0.188828, 18.1868, 0.721737, tau
134, 7, 1, 0.029739, 0.220649, -0.0309915, 0.227372, 50.9697, 1.56858, tau
156, 6, 1, 0.0141424, 0.170849, 0.00764723, 0.178357, 35.2803, 1.1807, tau
136, 5, 0, -0.00926829, 0.160036, 0.0309471, 0.199889, 18.2712, 0.660838, tau
128, 5, 0, 0.0267976, 0.193718, -0.00188539, 0.15399, 22.2168, 1.08274, tau
121, 4, 0, 0.0468033, 0.239234, -0.0492016, 0.247325, 13.659, 0.539869, tau
358, 5, 0, -0.145563, 0.214859, 0.0265726, 0.370423, 25.6962, 1.99641, tau
110, 6, 2, 0.0117254, 0.139601, 0.0098931, 0.146332, 40.4246, 0.704166, tau
175, 8, 1, 0.0205458, 0.193336, -0.0456958, 0.197368, 52.5184, 1.7859, tau
76, 4, 1, -0.0184197, 0.157736, 0.0281245, 0.191609, 25.5491, 0.39513, tau
265, 8, 0, -0.00358981, 0.211288, 0.00238721, 0.245642, 36.4982, 1.50965, tau
274, 6, 0, -0.0447786, 0.209202, -0.0296217, 0.219296, 25.9061, 1.25546, tau
47, 1, 0, -0.01359, 0.12714, -0.00786337, 0.125866, 5.27533, 0.084539, tau
260, 5, 0, -0.0682293, 0.212697, -0.0373648, 0.230613, 33.6406, 1.2501, tau
62, 2, 1, -0.0132408, 0.217128, 0.00281616, 0.215153, 17.1401, 0.231954, tau
15, 0, 0, 0.0189341, 0.061352, -0.00844941, 0.0625029, 1.80305, 0.0354736, tau
55, 2, 0, -0.0298289, 0.175451, 0.00788547, 0.128641, 6.03267, 0.374903, tau
135, 4, 0, 0.0569112, 0.23473, -0.0191357, 0.214571, 28.5503, 0.781562, tau
131, 4, 0, -0.10306, 0.265245, -0.00339144, 0.21516, 16.9381, 0.554302, tau
13, 0, 0, 0.00473658, 0.0698402, 0.00192398, 0.0568414, 2.05373, 0.0384783, tau
211, 7, 0, -0.0508772, 0.171038, 0.0291286, 0.174968, 37.9528, 1.90333, tau
51, 1, 0, -0.0528667, 0.240309, -0.0107034, 0.204584, 3.97058, 0.105965, tau
302, 9, 0, 0.0479685, 0.251579, 0.142426, 0.227955, 28.9197, 1.49413, tau
17, 0, 0, -0.0411543, 0.210348, -0.00313521, 0.0371251, 2.04138, 0.128906, tau
43, 1, 1, 0.00263664, 0.294297, 0.00539978, 0.227799, 29.939, 0.272655, tau
70, 6, 2, -0.0950993, 0.237328, 0.0432669, 0.240185, 36.7783, 1.02162, tau
105, 3, 2, 0.00956405, 0.193974, -0.0219959, 0.207147, 40.3824, 0.581284, tau
104, 5, 2, 0.0246594, 0.149112, 0.00532947, 0.139432, 43.64, 0.694214, tau
90, 4, 1, -0.0155244, 0.151222, -0.00253898, 0.14285, 26.0181, 0.785962, tau
202, 4, 0, -0.0120656, 0.226605, -0.157167, 0.239481, 18.827, 0.840997, tau
95, 6, 0, -0.00211282, 0.138401, 0.0147991, 0.121574, 32.1917, 0.626463, tau
45, 7, 3, -0.00779877, 0.206308, 0.0843126, 3.05167, 66.9496, 0.882501, tau
82, 7, 1, 0.0633388, 0.28155, 0.0253743, 0.235964, 36.7498, 0.878967, tau
88, 0, 0, -0.0254335, 0.231785, -0.298686, 0.273906, 3.444, 0.595152, tau
76, 0, 0, -0.109496, 0.218234, -0.0925452, 0.225145, 2.86, 0.365085, tau
86, 4, 1, 0.00933262, 0.24307, -0.00687386, 0.220338, 49.2513, 0.620295, tau
80, 0, 0, 0.139395, 0.227063, -0.00228988, 0.20953, 3.044, 0.369275, tau
29, 1, 0, 0.00163885, 0.124311, 0.00888888, 0.0889794, 3.54123, 0.0611269, tau
89, 5, 0, 0.0141975, 0.126604, 0.00626681, 0.108994, 25.5345, 0.435122, tau
189, 6, 1, 0.0202218, 0.184875, -0.0598056, 0.184409, 32.5927, 1.30392, tau
106, 4, 1, 0.00163621, 0.150038, 0.00872522, 1.67772, 41.9678, 0.678564, tau
82, 0, 0, 0.211391, 0.224432, 4.48474, 2.42674, 3.24, 0.405027, tau
186, 8, 1, 0.0298096, 0.174969, -0.0288472, 0.204485, 46.22, 1.81969, tau
192, 6, 0, -0.0228418, 0.222859, -0.00922894, 0.237234, 20.672, 0.726205, tau
197, 8, 0, 0.0157455, 0.144847, 0.111316, 0.187387, 27.2248, 1.58665, tau
100, 3, 2, 0.0204361, 0.219975, 0.0239808, 0.206722, 44.6653, 0.638143, tau
68, 3, 0, -0.0213388, 0.127539, -0.00519175, 0.0953775, 15.8445, 0.316117, tau
82, 0, 0, -0.213789, 0.27002, 0.0240196, 0.192087, 3.184, 0.430259, tau
49, 4, 1, 0.0424178, 0.186062, 0.0041871, 0.208521, 19.4872, 0.386186, tau
269, 10, 2, -0.0301488, 0.225464, 0.00287238, 0.198162, 71.6727, 2.14888, tau
88, 3, 0, -0.0494338, 0.249863, 0.0251182, 0.241382, 17.0489, 0.483492, tau
132, 4, 1, -0.00154129, 0.229087, 0.00739419, 0.217048, 32.0469, 0.646316, tau
248, 10, 1, 0.0265234, 0.207262, 0.0665526, 0.206416, 48.9271, 1.96527, tau
126, 5, 1, -0.0428859, 0.220589, -0.00559493, 0.239104, 36.2386, 1.17702, tau
316, 4, 0, 0.0261323, 0.249655, -0.00572315, 0.207269, 16.2316, 0.846134, tau
96, 8, 1, -0.00358486, 0.260959, 0.0292789, 0.244773, 67.6599, 1.26476, tau
70, 2, 1, 0.00838105, 0.238262, 0.018072, 0.230506, 28.0797, 0.382254, tau
119, 2, 0, 0.0142744, 0.181248, -0.0230358, 0.196964, 9.32139, 0.241304, tau
82, 0, 0, -0.0485293, 0.228571, 0.0207632, 0.260319, 3.324, 0.423209, tau
92, 5, 1, -0.0024943, 0.135024, -0.00881376, 0.116884, 30.8345, 0.526055, tau
161, 5, 0, 0.0125147, 0.189509, 0.0546562, 0.179436, 28.2769, 1.5146, tau
10, 0, 0, 0.0799727, 0.143252, -0.00145181, 0.115586, 1.60208, 0.0246908, tau
86, 0, 0, 0.0974873, 0.178549, -0.414689, 0.252195, 3.344, 0.375586, tau
52, 1, 0, -0.042709, 0.210541, -0.0243535, 0.262904, 8.1149, 0.101035, tau
9, 0, 0, -0.00384578, 0.0722416, 0.0314225, 0.0878438, 1.51397, 0.0275133, tau
95, 5, 1, -0.0708644, 0.245515, -0.0467765, 0.213756, 25.7236, 0.710422, tau
185, 4, 0, 0.0304804, 0.159235, -0.0574027, 0.206769, 17.0005, 1.02787, tau
48, 3, 0, -0.0450209, 0.198872, -0.0101281, 0.165919, 9.27305, 0.136047, tau
55, 2, 0, -0.0236956, 0.125405, 0.000194393, 0.10468, 8.74181, 0.252883, tau
77, 9, 1, -0.0227827, 0.273519, -0.00451381, 0.238328, 40.3797, 1.17692, tau
76, 1, 0, -0.00791666, 0.242703, 0.1219, 2.49356, 5.195, 0.114886, tau
10, 0, 0, -0.0142682, 0.084245, 0.00652953, 0.0470693, 1.46413, 0.0262539, tau
108, 4, 2, -0.0064494, 0.240065, -0.0208057, 0.248607, 49.2406, 1.28468, tau
90, 6, 1, -0.00197429, 0.144221, -0.00152565, 0.143142, 27.0109, 0.43931, tau
59, 6, 0, 0.0426106, 0.25706, 0.0330561, 0.253453, 28.4768, 0.766661, tau
212, 11, 2, 0.00331465, 0.23903, -0.0162645, 0.22352, 75.3772, 2.0418, tau
10, 0, 0, 0.021995, 0.101776, 0.0444261, 0.0959063, 1.7149, 0.0257681, tau
65, 3, 0, 0.00105415, 0.131889, -0.0236095, 0.138274, 11.8013, 0.185537, tau
34, 3, 1, -0.000345817, 0.226114, 1.26388, 3.26599, 37.9319, 0.184216, tau
90, 0, 0, -0.346018, 0.246263, -0.0182695, 0.210905, 3.552, 0.431419, tau
62, 7, 0, 0.123903, 0.264729, -0.088849, 0.24633, 31.3337, 0.679418, tau
296, 6, 1, -0.0136913, 0.169723, -0.0142632, 0.20233, 46.7674, 2.08686, tau
202, 3, 0, 0.0671796, 0.246675, 0.00886221, 0.229648, 21.0473, 0.742578, tau
42, 3, 1, 0.0179528, 0.204807, -0.0857218, 3.00974, 20.1074, 0.119508, tau
65, 3, 0, -0.0129247, 0.142704, 0.0240044, 0.135362, 11.4028, 0.214168, tau
310, 11, 0, -0.0623828, 0.204603, -0.0196719, 0.22159, 42.8756, 1.8124, tau
164, 11, 0, 0.000897311, 0.141924, 0.0676926, 0.146974, 43.5189, 1.66661, tau
106, 4, 1, -0.0244465, 0.14968, 0.0106375, 0.159703, 33.771, 0.562283, tau
72, 0, 0, -0.0377232, 0.257951, 0.391823, 0.214136, 2.8, 0.430009, tau
32, 4, 0, -0.0183034, 0.222124, -3.06009, 2.94999, 15.4154, 0.223477, tau
67, 6, 2, -0.0621151, 0.291183, 0.0636113, 0.220038, 55.8519, 0.901523, tau
247, 6, 0, 0.125903, 0.260068, 0.0391756, 0.235532, 29.0266, 1.41078, tau
13, 0, 0, 0.0581387, 0.0698959, -0.0183291, 0.0494992, 1.45427, 0.0291009, tau
113, 3, 1, -0.017974, 0.244518, 0.0394704, 0.227125, 34.4874, 0.984251, tau
171, 8, 1, -0.00864106, 0.213042, -0.0300669, 0.234258, 49.8009, 1.40989, tau
72, 0, 0, -0.200264, 0.201201, 0.171591, 0.248925, 2.736, 0.366253, tau
228, 5, 0, -0.0330369, 0.199815, 0.0267664, 0.185231, 27.4753, 0.963, tau
87, 5, 0, 0.0166329, 0.267189, 0.0457509, 1.27086, 20.2011, 0.533772, tau
355, 8, 1, -0.0420785, 0.218036, 0.0290813, 0.216755, 41.444, 1.67581, tau
149, 9, 0, 0.0486563, 0.252284, -0.0626065, 0.243114, 38.3833, 1.41572, tau
116, 3, 0, -0.114233, 0.267305, -0.0092865, 0.230978, 8.21362, 0.306037, tau
33, 1, 0, -0.0316808, 0.158351, 0.000381944, 1.47872, 3.82751, 0.0485834, tau
269, 7, 0, 0.0582871, 0.194317, 0.212793, 3.14484, 15.9294, 0.594816, tau
49, 2, 0, 0.00154357, 0.20509, 0.0278973, 1.69351, 7.3094, 0.0973433, tau
8, 1, 1, -0.00038498, 0.303368, 0.000242719, 0.215909, 45.0308, 0.03125, tau
130, 12, 1, -0.0540918, 0.169093, -0.0340542, 0.191292, 47.4756, 1.49127, tau
49, 2, 1, 0.015363, 0.249276, -0.00443054, 0.230128, 16.6896, 0.20934, tau
361, 7, 1, -0.02547, 0.1805, -0.00772126, 0.212538, 40.6705, 1.64345, tau
62, 4, 0, -0.0329999, 0.207173, 0.0055087, 0.197793, 16.7551, 0.254656, tau
52, 2, 0, -0.0247221, 0.229365, -0.0172089, 0.161861, 14.0882, 0.323536, tau
7, 1, 0, 0.0670096, 0.140337, -0.0383196, 0.138527, 2.10967, 0.0269308, tau
349, 3, 0, -0.0641315, 0.194189, -0.0689128, 0.214381, 21.779, 1.38714, tau
186, 13, 0, -0.0460035, 0.24089, 0.029442, 0.233013, 49.2945, 1.87409, tau
181, 7, 1, -0.0150337, 0.240996, -0.0173534, 0.198653, 52.5473, 1.5494, tau
68, 3, 1, -0.0107085, 0.207069, -0.0153734, 0.221113, 16.9497, 0.225482, tau
197, 8, 0, -0.0472663, 0.219969, -0.0652058, 0.205754, 27.5258, 0.971455, tau
82, 0, 0, -0.00932058, 0.219462, -0.404231, 0.26144, 3.116, 0.506547, tau
274, 11, 0, 0.00956299, 0.239886, 0.0422717, 0.241585, 39.5963, 1.81344, tau
69, 4, 0, 0.0861297, 0.281457, -0.0522822, 0.248626, 16.077, 0.408684, tau
9, 0, 0, -0.00242222, 0.0670734, -0.0252176, 0.0327773, 1.56434, 0.0293009, tau
245, 5, 0, 0.00494045, 0.16326, 0.0211657, 0.208154, 29.77, 1.24878, tau
220, 5, 0, -0.00488454, 0.166699, 0.0475412, 0.174268, 20.0242, 1.19716, tau
133, 6, 0, 0.0670484, 0.184452, -0.0174406, 0.170068, 22.8395, 0.983755, tau
193, 6, 2, -0.0115578, 0.214117, -0.0102494, 0.189245, 54.4978, 1.19222, tau
72, 4, 0, 0.0291076, 0.241111, -0.000573363, 0.242274, 20.0961, 0.53125, tau
118, 1, 0, -0.00493096, 0.171964, -0.0157733, 0.215876, 2.87718, 0.0928043, tau
127, 6, 1, -0.0315122, 0.272092, -0.020102, 0.244079, 62.5836, 1.48503, tau
84, 0, 0, -0.162052, 0.201969, 0.18738, 0.263345, 3.24, 0.381761, tau
2, 1, 1, -8.00815e-06, 0.329257, 1.55916e-06, 0.0641052, 18.0975, 0, tau
86, 0, 0, 0.000286151, 0.244044, -0.143318, 0.246838, 3.236, 0.461578, tau
257, 7, 1, 0.051887, 0.204326, -0.083501, 0.214444, 54.5464, 1.99591, tau
142, 8, 0, 0.0360667, 0.222474, -0.0278588, 0.206242, 28.4149, 1.17008, tau
49, 3, 1, -0.0283067, 0.234965, -0.026597, 0.25781, 26.2903, 0.201314, tau
85, 8, 2, -0.0277142, 0.274594, 0.0641491, 0.247204, 52.8233, 1.17177, tau
142, 4, 0, 0.0146837, 0.210037, -0.0188367, 0.192948, 22.4497, 0.460408, tau
18, 0, 0, -0.119936, 0.239002, 0.0103611, 0.151023, 1.76332, 0.161858, tau
142, 6, 1, -0.0129019, 0.234789, -0.0353734, 0.240514, 44.4316, 1.14153, tau
164, 8, 1, -0.0799872, 0.254071, -0.0291754, 0.239125, 49.9768, 1.93876, tau
47, 3, 0, 0.0524135, 0.247791, -0.0842282, 0.239905, 17.8864, 0.274829, tau
1, 1, 0, 0, 0, 0, 0, 4.77202, 0.00138107, tau
164, 7, 2, -0.0281259, 0.250929, 0.887134, 3.42031, 58.9502, 1.72237, tau
266, 4, 0, 0.0262014, 0.257535, 0.0490211, 0.216212, 16.8648, 0.929146, tau
55, 2, 0, -0.012876, 0.107556, 0.00318135, 0.108375, 7.84654, 0.114204, tau
173, 7, 1, 0.0203877, 0.254217, 0.042625, 0.241734, 36.0312, 1.15672, tau
149, 5, 0, 0.00510304, 0.220697, 0.0752486, 0.235475, 30.2027, 0.920782, tau
38, 1, 0, -0.0118011, 0.112102, -0.00713547, 0.0738752, 4.02536, 0.0998866, tau
117, 5, 1, -0.00765811, 0.222175, 0.00187204, 0.224345, 44.1118, 1.01376, tau
86, 10, 2, -0.121387, 0.273296, 0.100535, 0.241729, 53.9153, 1.56391, tau
51, 2, 0, 0.0264796, 0.211705, 0.0102115, 0.215243, 10.5007, 0.138658, tau
255, 9, 0, -0.0544899, 0.21349, 0.0412901, 0.218186, 35.9897, 2.17951, tau
237, 7, 0, -0.0912171, 0.154738, -0.0391817, 0.684476, 38.0852, 1.42526, tau
6, 0, 0, -0.0354769, 0.0866845, 0.0116803, 0.0259322, 1.57056, 0.0219781, tau
17, 1, 0, 0.0317897, 0.250065, 0.03907, 0.210478, 3.67646, 0.0727981, tau
91, 3, 1, 0.00156582, 0.142966, -0.0029478, 0.122932, 22.9372, 0.327287, tau
131, 4, 2, -0.0132015, 0.168182, 0.0150454, 0.176257, 56.8921, 0.883193, tau
10, 0, 0, -0.0932561, 0.0814732, 0.0333947, 0.027591, 1.62655, 0.0413341, tau
8, 0, 0, -0.0464384, 0.074237, 0.0105688, 0.0167213, 1.49973, 0.0309163, tau
51, 5, 0, -0.0437876, 0.26278, 0.0785121, 0.252753, 22.9485, 0.45299, tau
143, 5, 0, 0.0644956, 0.242876, 0.0451299, 0.228227, 26.8568, 0.610126, tau
94, 0, 0, -0.270756, 0.257783, 0.240696, 0.217052, 3.624, 0.479476, tau
105, 9, 0, -0.0584192, 0.264421, 0.00600232, 0.246147, 31.8004, 0.848799, tau
9, 1, 0, 0.0367174, 0.223326, 0.0269339, 0.219941, 2.80957, 0.0240401, tau
13, 0, 0, 0.0181179, 0.11532, -0.0414994, 0.158237, 1.45062, 0.0248688, tau
156, 8, 1, 0.0260385, 0.209201, -0.0347531, 0.183218, 50.8115, 1.36117, tau
115, 5, 0, 0.113168, 0.299498, 0.00898125, 0.246792, 25.1873, 0.986883, tau
126, 8, 1, 0.0077955, 0.228617, 1.15503, 3.38943, 54.7649, 1.79565, tau
250, 14, 2, 0.016554, 0.206026, -0.0501003, 1.18679, 73.8808, 2.68559, tau
148, 4, 2, 0.00234599, 0.146413, -0.0884468, 3.33074, 50.3747, 0.965089, tau
181, 6, 0, -0.00935506, 0.247087, 0.0378887, 0.244771, 26.0299, 0.938639, tau
144, 6, 2, 0.0153917, 0.177609, -0.00956776, 0.176502, 51.5583, 0.967237, tau
253, 12, 0, 0.013017, 0.163181, -0.0833006, 0.207679, 43.5467, 1.899, tau
159, 5, 0, -0.061096, 0.243293, -0.115343, 0.249091, 30.169, 1.3087, tau
172, 10, 0, -0.1145, 0.248388, 0.14975, 0.242483, 45.3521, 2.02993, tau
46, 1, 0, 0.000105776, 0.174775, 0.0130947, 0.160626, 5.97453, 0.0848655, tau
316, 5, 0, -0.0408006, 0.224449, 0.00614789, 0.211399, 21.1052, 1.00369, tau
91, 4, 1, -0.0117388, 0.156981, -0.00441929, 0.640386, 26.8499, 0.40278, tau
36, 4, 0, -0.126814, 0.281492, 0.00745417, 0.23266, 15.2704, 0.460043, tau
105, 6, 1, 0.0133692, 0.238832, 0.0775909, 0.241195, 39.3727, 1.17562, tau
93, 12, 0, 0.00183623, 0.279306, -0.0259746, 0.226253, 41.7216, 1.48079, tau
86, 2, 1, -0.0144939, 0.206804, 0.00817105, 0.191221, 29.017, 0.35946, tau
159, 0, 0, 0.0207148, 0.247684, -0.00712064, 0.237941, 6.58426, 0.282178, tau
185, 2, 0, -0.0578435, 0.214001, -0.0258313, 0.202475, 11.0324, 0.546009, tau
172, 11, 0, 0.190318, 0.247131, -0.0932523, 0.244201, 28.6212, 1.18207, tau
149, 7, 0, 0.1033, 0.256492, -0.0350122, 0.24815, 19.447, 0.596212, tau
12, 0, 0, 0.00774511, 0.110084, -0.00405728, 0.0818891, 1.50669, 0.0231097, tau
197, 8, 0, 0.0411609, 0.259682, 0.131609, 0.213781, 29.7949, 1.42834, tau
82, 4, 2, 0.025153, 0.155392, -0.00787471, 0.164403, 35.8992, 0.497062, tau
75, 3, 1, -0.0143528, 0.238149, -0.0308348, 0.204438, 25.3669, 0.357673, tau
51, 4, 0, -0.0526163, 0.267058, 0.00469856, 0.262622, 24.5947, 0.525939, tau
44, 3, 1, -0.0232123, 0.28175, 0.0385093, 2.00199, 20.3673, 0.229107, tau
29, 2, 0, 0.0327431, 0.0955944, 0.0350714, 0.13419, 3.94967, 0.0898703, tau
113, 7, 0, -0.009666, 0.134215, 0.0155125, 0.121695, 39.8509, 1.04132, tau
6, 1, 0, -0.0305277, 0.12825, 0.0376271, 0.130376, 1.58127, 0.0161428, tau
119, 8, 0, 0.0750143, 0.247188, 0.0129461, 0.187539, 37.9429, 1.49678, tau
59, 3, 0, 0.0367243, 0.267521, -0.0418432, 0.223155, 16.0767, 0.230568, tau
193, 6, 1, -0.0100704, 0.204171, -0.0136512, 0.187426, 44.4994, 0.807073, tau
51, 2, 0, -0.0405532, 0.208322, -0.077297, 0.253297, 12.9741, 0.122472, tau
165, 6, 1, 0.0192615, 0.222949, 0.0304387, 0.204463, 45.3353, 0.975406, tau
111, 7, 0, -0.0768578, 0.261089, -0.14792, 0.241458, 28.6391, 0.877925, tau
65, 3, 1, -0.0169697, 0.139977, -0.00193086, 0.134345, 19.8432, 0.273884, tau
153, 7, 1, -0.00576048, 0.153542, 0.00509716, 1.66913, 36.1896, 0.758899, tau
82, 2, 1, -0.00536143, 0.243512, 0.027872, 0.682626, 20.3532, 0.361069, tau
151, 6, 1, 0.0081367, 0.184419, -0.0201332, 0.227801, 44.9054, 1.33262, tau
217, 3, 0, 0.0477411, 0.209723, -1.48246, 2.86793, 22.7733, 1.00911, tau
135, 7, 1, -0.0281607, 0.149755, 0.0155675, 0.134875, 39.7499, 1.41525, tau
253, 6, 1, 0.0245212, 0.204927, 0.108987, 2.57088, 38.5756, 1.37615, tau
144, 2, 0, 0.0662016, 0.165446, 0.0668994, 0.229894, 12.3911, 0.540772, tau
6, 0, 0, 0.0229031, 0.0884972, 0.00447803, 0.0349802, 1.3025, 0.0194732, tau
65, 4, 0, 0.00358713, 0.131244, -0.0170905, 0.126124, 13.7274, 0.256893, tau
144, 8, 1, -0.0443924, 0.197403, -0.0316712, 0.247797, 41.8675, 1.84567, tau
29, 2, 0, -0.0162303, 0.194458, -0.0209733, 0.152962, 4.73574, 0.0967832, tau
260, 8, 0, -0.0145472, 0.228566, -0.0544072, 0.227471, 38.5031, 1.20165, tau
110, 4, 1, -0.0215735, 0.209386, 0.0237613, 0.165571, 32.0497, 0.514084, tau
171, 8, 0, 0.0627237, 0.233852, 0.115797, 0.236568, 35.2523, 1.4256, tau
225, 5, 0, -0.0424858, 0.177029, -0.0257859, 0.194887, 19.997, 0.837415, tau
78, 2, 1, -0.0171162, 0.194108, -0.00274669, 0.20507, 20.011, 0.270238, tau
73, 6, 0, -0.209794, 0.28083, 0.0787948, 0.228, 19.8878, 0.580364, tau
124, 5, 1, -0.00468095, 0.226187, -0.0243664, 0.232694, 37.6026, 0.908067, tau
226, 9, 2, -0.000628615, 0.236556, 0.00958677, 0.191962, 57.6384, 1.56258, tau
8, 0, 0, -0.00351617, 0.0737029, 0.0287192, 0.0340541, 1.60071, 0.0299528, tau
98, 0, 0, -0.321629, 0.235365, 0.192386, 0.238252, 3.864, 0.482832, tau
14, 1, 0, -0.00293853, 0.260818, 0.0325027, 0.215221, 7.28999, 0.108816, tau
74, 0, 0, -0.0876004, 0.248279, -0.0733625, 0.244101, 2.924, 0.463837, tau
21, 1, 0, 0.0055857, 0.200715, 0.026124, 0.173889, 2.17659, 0.0151131, tau
171, 2, 0, 0.0230226, 0.230575, -0.5649, 3.4365, 12.2724, 0.410305, tau
244, 10, 0, -0.0681532, 0.157686, 1.23746, 3.3208, 42.3322, 1.83825, tau
6, 0, 0, 0.0706195, 0.22661, 0.0308162, 0.0798259, 1.62288, 0.0193781, tau
33, 0, 0, 0.0085744, 0.206509, -0.026141, 0.180395, 1.69411, 0.0124008, tau
122, 5, 0, -0.0246994, 0.146004, -0.000822286, 1.09281, 14.8328, 0.811316, tau
36, 4, 0, -0.0922365, 0.255916, 0.113076, 0.241012, 11.549, 0.127238, tau
44, 3, 0, 0.0128124, 0.241091, -0.0185738, 0.261857, 9.78636, 0.0783688, tau
124, 3, 0, -0.142288, 0.26658, -1.98328, 2.99342, 16.4532, 0.697657, tau
141, 8, 1, 0.014454, 0.212805, 0.0294135, 0.218444, 54.3716, 1.07552, tau
188, 7, 0, -0.0590974, 0.269619, -0.0262227, 0.21768, 24.7512, 1.08866, tau
46, 3, 0, -0.0108735, 0.132946, 0.0145009, 1.99169, 8.36369, 0.123526, tau
78, 4, 0, 0.00215216, 0.121536, 0.00886762, 0.134035, 17.7324, 0.310492, tau
70, 2, 0, -0.0073109, 0.136953, 0.000997398, 0.122803, 14.377, 0.380353, tau
15, 0, 0, 0.0229753, 0.0806456, 1.18552e-05, 0.0409157, 2.10669, 0.0404714, tau
21, 0, 0, -0.0814246, 0.225927, -0.025226, 0.0868316, 1.798, 0.159577, tau
69, 3, 0, 0.0267515, 0.144241, -0.00697829, 0.148212, 10.9677, 0.187052, tau
242, 9, 0, 0.0244719, 0.163893, 0.00837389, 0.20846, 37.785, 1.27848, tau
170, 7, 0, 0.018351, 0.219649, -0.0178966, 0.205315, 32.2962, 1.07614, tau
117, 4, 0, 0.0389971, 0.251231, -0.0645493, 0.244308, 10.994, 0.380443, tau
136, 6, 0, 0.147027, 0.237859, -0.0869073, 0.248754, 32.3915, 1.28662, tau
82, 0, 0, -0.0260786, 0.224892, -0.105282, 1.55142, 3.26, 0.402562, tau
124, 7, 2, -0.0135347, 0.253666, -0.030892, 0.24255, 39.9257, 0.968372, tau
66, 4, 0, -0.07487, 0.275446, -0.0275917, 0.236606, 17.7042, 0.339687, tau
72, 0, 0, 0.204141, 0.224943, -3.70471, 2.76922, 2.836, 0.358978, tau
61, 2, 0, -0.00982519, 0.179363, -0.00717357, 0.147629, 7.65635, 0.222725, tau
9, 0, 0, 0.0385237, 0.0887297, 0.0216031, 0.0424328, 1.73277, 0.0288293, tau
31, 0, 0, -0.0784327, 0.204503, -0.0159525, 0.137213, 2.32699, 0.239931, tau
49, 6, 1, -0.035239, 0.261938, -0.367653, 3.01939, 62.2178, 0.865038, tau
110, 11, 1, 0.0884537, 0.246171, 0.180528, 2.96442, 50.0696, 1.65765, tau
124, 4, 3, -0.0264638, 0.19781, 0.0173829, 0.173101, 68.5272, 1.09286, tau
79, 6, 0, 0.0516608, 0.21863, -0.0587449, 0.241197, 22.537, 0.865215, tau
56, 3, 0, -0.0175593, 0.177588, 0.0356036, 0.17283, 9.77812, 0.138768, tau
267, 8, 0, -0.0634421, 0.200152, -0.00806518, 0.208021, 39.7689, 1.79228, tau
194, 8, 0, -0.0906335, 0.236998, 0.0806105, 0.233626, 27.1077, 1.02882, tau
78, 6, 1, -0.104377, 0.210692, -0.0921495, 0.207078, 29.1078, 0.952452, tau
189, 7, 1, 0.0371918, 0.18803, 0.0425279, 0.218855, 41.3809, 1.92429, tau
156, 7, 0, -0.0519842, 0.234803, 0.0330888, 0.223741, 30.4444, 1.24699, tau
341, 6, 0, 0.0228469, 0.164873, 0.0224991, 0.219103, 42.9713, 1.81375, tau
80, 0, 0, 0.172972, 0.24397, -1.89779, 2.68979, 3.036, 0.380936, tau
40, 2, 0, -0.0296431, 0.10728, -0.00662514, 0.119525, 21.1543, 0.361365, tau
137, 7, 0, -0.109078, 0.218856, 0.0573989, 0.197186, 31.5791, 1.53095, tau
12, 1, 0, 0.0107874, 0.0935025, -0.00694646, 0.0394468, 2.39416, 0.0415125, tau
169, 12, 0, -0.00104419, 0.219316, -0.121411, 0.22102, 39.7162, 1.36739, tau
177, 9, 2, 0.043865, 0.24607, -0.0201915, 0.237453, 76.7322, 2.42505, tau
154, 9, 1, 0.0382029, 0.177665, 0.00403442, 0.2003, 57.9861, 1.43214, tau
85, 4, 1, -3.32371e-06, 0.236906, -0.00616324, 0.235253, 65.8278, 0.758094, tau
13, 0, 0, -0.0560396, 0.122545, -0.00891384, 0.084914, 2.21704, 0.0339206, tau
50, 7, 1, 0.0972794, 0.24607, 0.0402706, 0.253568, 47.643, 0.885953, tau
206, 3, 0, -0.0496143, 0.216286, -0.0772017, 0.236127, 17.9908, 0.885608, tau
153, 7, 0, -0.0092834, 0.148776, -0.0544182, 0.146614, 41.2723, 1.48191, tau
82, 2, 1, -0.0180235, 0.18258, 0.262291, 3.62449, 21.2542, 0.324101, tau
292, 10, 0, -0.0424897, 0.154035, -0.0155374, 0.21551, 37.0044, 2.1358, tau
197, 9, 2, -0.0374399, 0.180177, -0.141506, 3.14328, 58.2677, 1.51756, tau
67, 4, 0, 0.0036956, 0.140967, 0.0176615, 0.125365, 16.1681, 0.249634, tau
90, 3, 2, 0.00933893, 0.145947, -0.0212395, 0.171559, 36.581, 0.508233, tau
85, 8, 1, -0.0123161, 0.276703, -0.0334675, 0.218682, 40.0015, 1.13225, tau
22, 4, 0, -0.0867105, 0.253878, 0.0796023, 0.214224, 16.9112, 0.389569, tau
78, 0, 0, 0.0100091, 0.22357, 0.0128238, 1.57796, 3.024, 0.432526, tau
102, 0, 0, -0.00843879, 0.187853, 0.0541294, 0.170612, 2.18025, 0.0792852, tau
151, 4, 1, 0.0314645, 0.256755, 0.0167877, 1.36167, 35.6107, 1.16639, tau
86, 0, 0, -0.0887906, 0.228777, 0.502468, 0.254059, 3.404, 0.436257, tau
80, 0, 0, 0.00527904, 0.251157, -0.132314, 0.262267, 3.192, 0.523658, tau
82, 4, 0, 0.05514, 0.188925, -0.00356812, 0.18179, 13.1683, 0.274329, tau
51, 2, 0, -0.0235407, 0.146972, -0.00485652, 0.177513, 8.76064, 0.11462, tau
268, 6, 0, -0.0315256, 0.198866, 0.068163, 0.196546, 25.4008, 1.2981, tau
220, 6, 0, -0.0426413, 0.214958, -0.0440553, 0.979994, 21.2696, 0.746983, tau
122, 8, 1, -0.0426489, 0.236111, 0.14446, 0.242354, 40.7475, 1.64764, tau
70, 4, 1, -0.0235026, 0.221644, -0.00797384, 0.210043, 19.2689, 0.29169, tau
234, 4, 0, -0.0145676, 0.177151, -0.0525143, 0.179669, 19.6233, 0.993985, tau
100, 4, 2, 0.0297716, 0.217516, -0.00109907, 2.05958, 43.1497, 0.646977, tau
253, 0, 0, -0.13733, 0.200778, -0.106284, 0.211619, 4.83252, 0.358817, tau
105, 3, 0, -0.0205615, 0.23169, -0.0343969, 0.227779, 19.3739, 0.620418, tau
70, 0, 0, -0.0210982, 0.194117, -0.314244, 0.263685, 2.768, 0.337065, tau
301, 5, 0, -0.0484303, 0.217002, -0.0958598, 2.71772, 35.751, 1.97899, tau
82, 0, 0, -0.0789862, 0.27897, 0.0229849, 0.237018, 3.212, 0.441637, tau
181, 6, 0, 0.0156705, 0.15022, -0.0394372, 0.193621, 20.8111, 0.83422, tau
81, 7, 0, -0.114732, 0.276344, 0.149326, 0.223251, 32.1639, 1.01412, tau
97, 3, 0, 0.054105, 0.199174, -0.00834975, 0.200638, 10.0916, 0.41999, tau
88, 4, 1, 0.0262618, 0.146178, 0.00561322, 0.162801, 34.1595, 0.54721, tau
369, 6, 0, 0.0284381, 0.175117, 0.0869185, 0.222045, 25.8763, 1.67191, tau
69, 3, 0, 0.0106739, 0.133216, -0.00118897, 0.124359, 15.831, 0.229972, tau
25, 0, 0, 0.0603827, 0.118526, 0.0406046, 0.19851, 2.16394, 0.0327476, tau
145, 9, 1, -0.0926336, 0.210182, 0.0688386, 0.192845, 48.1366, 1.86311, tau
180, 14, 0, 0.0491648, 0.246196, 0.000463825, 0.242776, 50.5271, 1.92518, tau
69, 5, 0, -0.199608, 0.293064, -0.099566, 0.234334, 25.4065, 0.802751, tau
255, 7, 0, 0.0752065, 0.237192, 0.0296697, 0.235811, 24.9952, 1.22365, tau
66, 7, 1, -0.0198869, 0.283226, -0.0737777, 0.229833, 38.0331, 0.836485, tau
142, 6, 1, -0.032714, 0.25473, -0.0197344, 0.241211, 42.6729, 1.50419, tau
46, 1, 0, -0.0197884, 0.169471, -0.000961605, 0.167375, 6.58626, 0.0867548, tau
97, 7, 1, 0.0161939, 0.265862, -0.113055, 0.232571, 43.7241, 1.27337, tau
108, 5, 0, 0.092618, 0.183659, -0.0396734, 0.21381, 13.9482, 0.634137, tau
312, 12, 0, -0.00900803, 0.198796, 0.0439532, 0.241639, 46.1548, 1.91334, tau
85, 4, 1, -0.00552039, 0.191019, 0.0280756, 0.181202, 23.8559, 0.356305, tau
144, 5, 0, 0.049505, 0.189476, 0.0383399, 0.181081, 17.5292, 0.732294, tau
115, 6, 0, -0.234555, 0.202099, 0.0434358, 0.138979, 18.3486, 1.19693, tau
174, 0, 0, -0.0628626, 0.252789, 0.062076, 0.184901, 3.98031, 0.225569, tau
199, 7, 1, 0.015178, 0.235138, 0.371239, 3.14943, 34.5619, 1.91841, tau
52, 3, 0, 0.0133384, 0.239811, -0.00617381, 0.240816, 14.3201, 0.47996, tau
228, 6, 0, -0.0099592, 0.176717, 0.0507932, 2.54738, 22.1173, 0.886245, tau
78, 2, 0, 0.0186256, 0.143204, -0.00378058, 0.134446, 23.0564, 0.324383, tau
80, 5, 1, -0.0125917, 0.221419, 0.028349, 0.244225, 23.7592, 0.455543, tau
89, 4, 1, -0.02801, 0.213936, -0.0153142, 0.237905, 34.3529, 0.480072, tau
151, 9, 0, -0.00625221, 0.145472, -0.0493194, 0.154119, 29.5516, 0.915197, tau
72, 0, 0, -0.231351, 0.2319, -0.374971, 0.20847, 2.78, 0.333285, tau
137, 1, 0, 0.0080036, 0.181797, -0.00576345, 1.13132, 5.09598, 0.251309, tau
247, 5, 1, -0.0306464, 0.215693, 0.0213936, 2.10203, 28.0679, 0.815125, tau
92, 3, 2, -0.0347611, 0.191696, -0.0105179, 0.196414, 37.28, 0.522562, tau
121, 4, 2, -0.013446, 0.177564, -0.0119995, 0.173908, 53.5933, 0.772292, tau
215, 7, 0, -0.103582, 0.183239, -0.0513167, 0.169549, 30.376, 1.76975, tau
75, 4, 0, 0.0163106, 0.249558, 0.0373676, 0.239186, 24.5182, 0.795073, tau
97, 1, 0, -0.0217504, 0.183974, 0.0197874, 0.198265, 3.13856, 0.101928, tau
74, 9, 2, 0.167345, 0.262425, -0.0936416, 0.244893, 52.1764, 1.38834, tau
14, 0, 0, 0.122026, 0.155046, -0.039987, 0.218994, 2.00076, 0.0240599, tau
115, 5, 1, -0.00542817, 0.15831, -0.0244284, 0.180985, 39.8715, 1.0128, tau
97, 4, 0, -0.0415814, 0.267666, 0.245053, 1.55212, 20.466, 0.802618, tau
7, 0, 0, 0.0635396, 0.118975, -0.0268323, 0.077603, 1.71555, 0.0228451, tau
74, 0, 0, 0.209978, 0.277528, -0.394587, 0.216014, 2.86, 0.458025, tau
71, 3, 0, 0.017531, 0.148743, 0.812046, 3.56227, 16.8423, 0.246001, tau
169, 7, 0, -0.051588, 0.171739, 0.0542125, 0.169512, 35.0034, 1.37078, tau
99, 5, 1, 0.0145041, 0.137267, -0.00120026, 0.125163, 29.3837, 0.691925, tau
34, 0, 0, -0.00832657, 0.207606, 0.0235546, 0.178403, 2.41905, 0.298043, tau
185, 3, 0, -0.0485345, 0.208956, -0.00772091, 0.198526, 12.1156, 0.52069, tau
92, 4, 2, 0.0306122, 0.205554, 0.000372639, 1.07157, 32.4673, 0.489639, tau
167, 11, 0, 0.0313653, 0.147387, -0.0203718, 0.15986, 43.0439, 1.43401, tau
327, 6, 0, -0.0290398, 0.234092, -0.00443298, 0.241489, 36.553, 1.31807, tau
94, 4, 2, 0.0127244, 0.149123, 0.00896809, 0.137833, 35.8248, 0.522562, tau
147, 8, 1, -0.0576434, 0.213063, 0.0609394, 0.205437, 42.4747, 1.29419, tau
8, 1, 0, 0.0300152, 0.0933932, -0.00559567, 0.0766565, 2.0396, 0.0281599, tau
51, 3, 0, -0.290762, 0.209083, 0.0928142, 0.241107, 9.60394, 0.345565, tau
207, 9, 0, 0.0582349, 0.258524, 0.0730478, 0.235669, 24.9658, 1.10585, tau
154, 11, 0, 0.0365798, 0.175033, -0.0984931, 0.204908, 39.1559, 1.74291, tau
103, 3, 0, 0.0443426, 0.262119, -0.0260755, 0.229719, 19.6571, 0.545366, tau
122, 5, 0, 0.091811, 0.161957, -0.121957, 0.20479, 14.222, 0.989917, tau
172, 4, 1, 0.0420718, 0.176666, 0.0536009, 0.190032, 29.6027, 1.32121, tau
16, 0, 0, 0.0518466, 0.0910071, 0.01793, 0.0453484, 1.77419, 0.0461264, tau
37, 2, 0, 0.0756016, 0.270469, 0.320819, 3.5117, 17.3722, 0.215942, tau
220, 7, 0, -0.103312, 0.227485, 0.101563, 0.227867, 28.3919, 1.3899, tau
133, 6, 0, 0.0485568, 0.161587, -0.20647, 0.24347, 28.4835, 1.49709, tau
264, 12, 0, 0.0334504, 0.234651, -0.0873716, 0.228576, 39.0956, 1.9165, tau
8, 0, 0, -0.0589052, 0.0954651, 0.00497122, 0.0252165, 1.4928, 0.0231355, tau
80, 2, 0, -0.00731434, 0.275437, -0.0536714, 0.234769, 13.8982, 0.583929, tau
201, 7, 0, -0.0365168, 0.129718, 0.0109174, 0.167248, 29.5323, 0.696628, tau
52, 1, 0, 0.18042, 0.28505, -0.0535033, 0.240731, 4.19728, 0.114187, tau
105, 6, 1, 0.0815462, 0.261956, 0.0283551, 0.24479, 49.8811, 0.999267, tau
46, 7, 0, -0.16538, 0.216802, 0.150887, 0.234837, 22.5968, 0.543629, tau
100, 0, 0, 0.23961, 0.232766, -0.214041, 0.246565, 3.84, 0.483995, tau
108, 3, 2, -0.00249637, 0.204541, -0.0263257, 0.197957, 32.0965, 0.543067, tau
266, 11, 1, 0.0205342, 0.221579, -0.0124859, 0.197413, 59.113, 1.98228, tau
27, 0, 0, -0.0614467, 0.220005, -0.0305676, 0.123227, 2.34082, 0.232696, tau
313, 9, 0, -0.0460959, 0.158246, -0.0115193, 0.205732, 38.0862, 1.84636, tau
6, 0, 0, -0.0102037, 0.104737, -0.00146768, 0.0666326, 1.35907, 0.0193164, tau
29, 0, 0, -0.0381798, 0.228516, 0.0220047, 0.113304, 2.7555, 0.270949, tau
202, 3, 1, 0.0259205, 0.232216, -0.00208571, 0.231068, 32.1593, 0.999145, tau
107, 8, 0, 0.00700382, 0.252284, 0.157472, 0.252976, 26.6072, 0.959762, tau
121, 2, 0, 0.0537788, 0.194843, -0.00793533, 0.189848, 7.47731, 0.240012, tau
176, 7, 0, -0.0163894, 0.161798, -0.0278381, 0.212612, 36.3721, 1.81872, tau
287, 7, 0, -0.0154476, 0.228449, -0.0387143, 0.217005, 37.0239, 1.39071, tau
7, 0, 0, 0.0127266, 0.0789154, -0.000176756, 0.0177114, 1.5817, 0.0295803, tau
43, 5, 1, -0.0713617, 0.215859, 0.0578834, 0.266508, 41.0374, 0.494353, tau
227, 7, 0, -0.0883426, 0.253394, 0.0366616, 0.202857, 31.9461, 1.59643, tau
180, 7, 1, 0.00778059, 0.154592, 0.0115995, 0.145891, 41.954, 1.36354, tau
45, 3, 0, -0.0991754, 0.261281, 0.00108698, 0.23439, 7.68996, 0.115532, tau
137, 5, 1, -0.0657636, 0.25555, -0.0361691, 2.14167, 35.283, 0.945474, tau
45, 1, 0, -0.00804246, 0.148942, 0.00540944, 0.155005, 5.82169, 0.26819, tau
9, 0, 0, -0.0294095, 0.072439, -0.00138453, 0.0429682, 1.62135, 0.0340819, tau
260, 10, 2, 0.00415916, 0.234263, 0.0383099, 0.20154, 57.1383, 1.76611, tau
311, 12, 1, -0.0758743, 0.243016, -0.0441596, 1.77815, 46.8235, 1.96521, tau
186, 12, 2, 0.028117, 0.204031, 0.00695408, 0.201423, 59.3374, 1.83732, tau
283, 4, 0, 0.0678755, 0.199018, -0.0823818, 0.215824, 13.7886, 0.894054, tau
24, 3, 1, -0.0161261, 0.257489, 0.0392541, 0.244505, 24.9098, 0.116404, tau
8, 0, 0, -0.0157565, 0.192703, -0.0346236, 0.106517, 1.44058, 0.0161207, tau
92, 6, 0, -0.00472431, 0.211273, -0.051653, 0.197099, 27.0318, 0.678429, tau
109, 4, 1, -0.0174127, 0.196037, 0.0047105, 0.188539, 58.1834, 0.834732, tau
55, 3, 0, 0.00833095, 0.20427, 0.0098333, 0.248266, 15.3684, 0.126818, tau
76, 0, 0, -0.2966, 0.240841, 0.0312463, 0.243708, 3.032, 0.395094, tau
313, 5, 0, 0.0647154, 0.161149, -0.048063, 0.221145, 21.6616, 1.52173, tau
276, 2, 0, 0.121257, 0.174573, -0.00887224, 0.195248, 13.4096, 0.787766, tau
161, 8, 1, -0.00253382, 0.176156, -0.0349826, 0.186753, 51.2619, 1.12196, tau
17, 0, 0, -0.0440197, 0.197807, -0.0117637, 0.0588993, 1.96367, 0.120571, tau
113, 4, 2, 0.0270293, 0.224331, -0.0155514, 0.198592, 51.014, 0.834878, tau
61, 4, 0, 0.0403931, 0.265326, -0.0373231, 0.227071, 12.2795, 0.343328, tau
218, 9, 1, -0.0363862, 0.266382, -0.0292005, 0.24645, 53.1675, 2.59709, tau
34, 1, 0, -0.0374709, 0.118196, -0.00123476, 0.106982, 3.20592, 0.0472802, tau
41, 2, 0, 0.00713993, 0.0893003, 0.00963571, 0.0993704, 5.19799, 0.0744112, tau
12, 0, 0, 0.0383113, 0.0936636, -0.0151846, 0.0493493, 1.8529, 0.033482, tau
70, 6, 0, 0.00130408, 0.160659, -0.0302128, 0.132094, 18.9695, 0.661484, tau
35, 1, 0, -0.0220759, 0.254987, 0.0113437, 0.185535, 3.60707, 0.0581034, tau
130, 6, 0, -0.00161846, 0.25281, 2.47495, 3.06692, 21.0292, 0.640792, tau
199, 7, 0, -0.0121304, 0.155439, 0.0227447, 0.17518, 33.1315, 1.24275, tau
48, 4, 0, -0.0646094, 0.251564, 0.0363633, 0.239989, 15.8402, 0.471768, tau
48, 6, 0, -0.0845275, 0.252753, -0.517833, 3.38509, 32.1928, 0.455275, tau
131, 6, 0, -0.039024, 0.154838, -0.0349198, 0.178522, 28.2053, 1.20761, tau
33, 4, 1, 0.0699088, 0.259747, -0.0540234, 0.237122, 23.4172, 0.44394, tau
127, 8, 0, -0.010404, 0.224218, 0.00802864, 0.218626, 29.491, 1.02266, tau
18, 0, 0, 0.00146869, 0.0883004, -0.0153286, 0.111126, 2.09265, 0.0375945, tau
38, 0, 0, -0.0667773, 0.172833, 0.0587184, 0.24224, 1.78584, 0.341603, tau
2, 1, 1, -3.80415e-06, 0.32926, -7.40654e-07, 0.0641058, 17.9003, 0.00552427, tau
85, 4, 1, -0.0220569, 0.131569, -0.000354521, 0.152589, 24.7069, 0.366105, tau
122, 8, 2, 0.0139554, 0.269042, -0.0946549, 0.243081, 52.7097, 1.54498, tau
78, 0, 0, -0.364516, 0.259418, -0.153471, 0.943288, 3.036, 0.402016, tau
111, 7, 0, -0.0779809, 0.259422, 0.0144932, 0.225057, 32.0988, 1.1544, tau
78, 0, 0, -0.420098, 0.279533, 0.125709, 0.223727, 3.02, 0.4507, tau
