162, 8, 0, -0.0519682, 0.180827, 0.079251, 1.45614, 26.4255, tau
218, 6, 0, 0.0279076, 0.182192, -0.270449, 0.204236, 30.3501, tau
52, 0, 0, -0.0464363, 0.233322, -0.0182631, 0.231134, 4.77834, tau
115, 2, 0, 0.0529101, 0.24756, 0.0319877, 0.209852, 10.2604, tau
172, 6, 0, 0.0247087, 0.182647, 0.0209046, 0.168939, 21.3507, tau
51, 2, 0, -0.0315403, 0.169356, -0.00364543, 0.185649, 11.6293, tau
244, 10, 0, 0.057342, 0.153288, 0.137981, 0.187911, 40.6764, tau
230, 14, 0, -0.010292, 0.19845, 0.0225661, 0.225778, 56.4939, tau
186, 4, 2, -0.00286311, 0.171618, -6.74686e-05, 0.190735, 60.7986, tau
32, 0, 0, -0.178075, 0.261079, 0.00761068, 0.144018, 2.23791, tau
78, 0, 0, 0.202562, 0.233259, -0.269046, 0.224388, 3.048, tau
108, 4, 2, -0.00698467, 0.214078, 0.00323262, 0.173925, 37.4613, tau
62, 2, 0, -0.0205703, 0.171215, -0.0116967, 0.186722, 8.24977, tau
72, 2, 0, 0.00128213, 0.241221, 0.0140663, 0.247966, 5.48542, tau
78, 0, 0, 0.0431784, 0.211615, 0.0679598, 0.20494, 5.36076, tau
160, 6, 2, 0.0123067, 0.182889, -0.00784517, 0.170483, 56.838, tau
56, 2, 0, 0.0203969, 0.251454, 0.000460465, 0.198801, 5.32785, tau
81, 5, 0, 0.015968, 0.1964, -0.0204263, 1.14074, 17.2467, tau
298, 14, 0, 0.0377914, 0.198356, -0.13659, 1.72986, 51.5973, tau
308, 10, 0, -0.0348498, 0.186974, 0.0168638, 0.216432, 40.0486, tau
260, 2, 0, -0.133485, 0.190436, 0.136513, 0.198672, 26.2874, tau
118, 6, 2, -0.00443829, 0.179062, 0.0029111, 0.18206, 50.2143, tau
150, 8, 0, -0.0431917, 0.151142, 0.0268098, 0.154301, 37.7524, tau
146, 4, 0, 0.00778755, 0.198518, -0.0232921, 0.178768, 33.6346, tau
72, 2, 0, 0.0564185, 0.222867, -0.00389788, 0.198101, 6.13016, tau
78, 2, 0, 0.00233162, 0.172647, -0.00020424, 0.222927, 15.5641, tau
98, 4, 0, -0.00588139, 0.22954, -0.00730342, 0.183937, 21.3643, tau
78, 2, 0, -0.0254021, 0.195971, -0.0118627, 0.230071, 10.0783, tau
164, 18, 0, 0.00308594, 0.169788, 0.0611993, 0.174689, 72.9203, tau
234, 6, 0, 0.00684837, 0.1819, 0.0450545, 0.204901, 25.0516, tau
290, 22, 0, -0.00696101, 0.181368, -0.0687807, 0.205374, 68.6606, tau
102, 0, 0, 0.136861, 0.266748, -0.0914326, 0.200694, 7.62099, tau
252, 10, 0, 0.0144561, 0.179511, -0.0234951, 0.185012, 39.1593, tau
108, 2, 0, -0.0234231, 0.234584, -0.00902547, 0.188567, 13.9113, tau
134, 2, 0, 0.0101319, 0.209154, -0.0252716, 0.239285, 19.0751, tau
92, 8, 0, 0.00682925, 0.19016, -0.00282047, 0.217972, 31.2734, tau
48, 0, 0, -0.0643425, 0.19221, 0.0258651, 0.211059, 5.04263, tau
150, 4, 2, -0.0024589, 0.196198, -0.0777383, 1.79234, 48.2473, tau
242, 12, 0, 0.0224393, 0.185813, -0.0859733, 0.56076, 46.5403, tau
126, 6, 0, -0.0171475, 0.187906, 0.0188612, 0.195004, 24.8676, tau
348, 20, 0, 0.00794458, 0.210987, -0.013804, 0.197177, 106.297, tau
58, 0, 0, 0.021976, 0.269312, 0.00888932, 0.194255, 4.31898, tau
66, 0, 0, 0.17074, 0.255494, -0.440236, 0.248234, 2.596, tau
64, 2, 0, 0.0212019, 0.225755, 0.572765, 2.18281, 4.83857, tau
70, 0, 0, -0.0959769, 0.204331, -0.326771, 0.238904, 2.804, tau
276, 14, 0, 0.0487371, 0.193748, -0.0252179, 0.203312, 57.6982, tau
46, 2, 0, -0.0358047, 0.248051, 0.0621411, 0.199744, 4.59266, tau
150, 6, 2, -0.00144411, 0.19454, -0.00170074, 0.176676, 60.7906, tau
130, 10, 0, -0.0165841, 0.151122, -0.127787, 2.205, 37.3283, tau
170, 6, 0, -0.0101906, 0.151532, -0.0426798, 0.177569, 26.476, tau
68, 0, 0, -0.0272444, 0.219768, 0.00248437, 0.19672, 5.58831, tau
146, 12, 0, -0.0407575, 0.181229, 0.029869, 0.164331, 44.0627, tau
80, 0, 0, -0.0477002, 0.22743, 0.0816268, 0.22431, 5.90665, tau
198, 8, 0, 0.00278077, 0.181519, -0.0176392, 0.175062, 43.5573, tau
252, 12, 0, -0.061384, 0.196435, -0.111765, 0.199344, 41.4186, tau
162, 12, 2, 0.00836966, 0.205757, -0.00684571, 0.197711, 64.257, tau
48, 0, 0, -0.0129445, 0.201287, -0.0355044, 0.241051, 3.97679, tau
112, 0, 0, -0.0102138, 0.241995, -0.894319, 2.96979, 6.11009, tau
170, 10, 0, 0.0104775, 0.194653, -0.0321329, 0.175488, 40.923, tau
132, 3, 0, 0.0460657, 0.255297, 0.00726475, 0.232011, 13.7664, tau
98, 6, 0, 0.000639137, 0.142675, -0.0240473, 0.172682, 15.1351, tau
222, 10, 0, -0.0119084, 0.179025, -0.0487647, 0.192509, 61.3885, tau
60, 2, 0, 0.00302881, 0.210745, 0.0199147, 0.186004, 6.53472, tau
84, 4, 2, 0.00617928, 0.166399, 0.0455784, 0.206137, 48.4122, tau
168, 8, 2, 0.0112065, 0.158128, -0.0218656, 0.162594, 62.6144, tau
108, 4, 0, 0.0242124, 0.186408, -0.0292918, 0.183381, 19.3021, tau
298, 6, 0, 0.0549194, 0.200612, 0.0430294, 0.209231, 35.3415, tau
23, 0, 0, 0.0181772, 0.211724, 0.0107457, 0.128754, 1.98517, tau
112, 8, 4, 0.0022409, 0.157763, 0.0106531, 0.157255, 55.9618, tau
140, 6, 2, -0.00307119, 0.196661, 0.00224908, 0.194696, 47.0191, tau
78, 0, 0, -0.0295544, 0.202729, -0.0560888, 0.237077, 6.02321, tau
192, 6, 0, -0.0518268, 0.189315, -0.07989, 0.195925, 20.5353, tau
80, 2, 0, 0.000199709, 0.214299, 0.00738694, 0.172366, 12.6482, tau
66, 2, 0, -0.0401334, 0.23171, 0.021472, 0.233752, 5.2672, tau
98, 14, 2, 0.00253749, 0.112064, 0.00228668, 0.187462, 69.7543, tau
25, 0, 0, -0.124586, 0.185064, -0.0117048, 0.119268, 2.59368, tau
54, 2, 0, -0.0335448, 0.155165, 0.0132539, 0.219326, 5.26529, tau
77, 2, 0, 0.0533304, 0.169699, 0.147711, 0.20202, 11.2681, tau
78, 6, 0, 0.0032265, 0.1817, -0.00433786, 0.178174, 21.3995, tau
108, 4, 0, 0.00937634, 0.205143, -0.00971047, 0.184009, 13.2694, tau
204, 10, 0, -0.005009, 0.186845, -0.0564605, 0.171087, 35.1601, tau
178, 12, 4, -0.0167057, 0.143493, 3.46296, 2.88107, 78.1767, tau
46, 0, 0, 0.0372092, 0.250122, 0.0125348, 0.191299, 4.11581, tau
72, 0, 0, -0.0305593, 0.209829, 0.0615711, 0.237143, 4.52715, tau
196, 16, 2, 0.0141602, 0.142285, -0.000353927, 0.146043, 89.7485, tau
128, 12, 2, 0.0131495, 0.163587, 0.0434105, 2.36161, 63.6559, tau
196, 8, 0, -0.00775395, 0.170137, 0.0237335, 0.22678, 26.1386, tau
88, 0, 0, 0.136769, 0.271993, 0.186345, 0.238454, 3.464, tau
220, 10, 0, 0.0424224, 0.164221, -0.0407312, 0.180444, 49.2092, tau
182, 16, 0, 0.0108311, 0.176066, -0.0358815, 0.183057, 62.7752, tau
62, 0, 0, 0.0500487, 0.201716, 0.0318934, 0.21287, 5.21466, tau
56, 0, 0, 0.0340067, 0.228, 0.0549614, 0.22742, 4.39834, tau
69, 4, 2, -0.000644629, 0.206112, -0.0556878, 0.181603, 34.6799, tau
244, 8, 0, 0.0353562, 0.228117, -0.0355834, 0.177815, 45.3677, tau
126, 6, 0, -0.00452281, 0.176255, 0.00355199, 0.198189, 27.0432, tau
236, 6, 0, -0.013747, 0.191237, 0.0562338, 0.191976, 32.8351, tau
130, 2, 0, 0.0651377, 0.212601, 0.183634, 0.185039, 9.86614, tau
104, 2, 2, -0.00263104, 0.171205, -0.00333025, 0.177926, 36.793, tau
70, 0, 0, -0.0236089, 0.230101, -0.688753, 2.41492, 4.71807, tau
210, 8, 0, -0.00259949, 0.161728, -0.0362139, 0.169706, 39.0271, tau
272, 10, 0, -0.0316538, 0.205299, -0.0342583, 0.183503, 52.2143, tau
276, 16, 0, 0.00684001, 0.172083, -0.0440741, 0.215657, 59.8826, tau
108, 2, 0, 0.00224312, 0.16118, -0.000541056, 0.209846, 25.7188, tau
191, 2, 0, 0.105216, 0.215655, 0.0380503, 0.18335, 8.41497, tau
130, 6, 0, -0.00842184, 0.208095, 0.015982, 0.179021, 20.082, tau
90, 0, 0, -0.032349, 0.218683, -0.198289, 0.21652, 5.6731, tau
212, 4, 0, -0.0127578, 0.20238, 0.00276872, 0.206317, 25.112, tau
274, 6, 0, -0.0399765, 0.212296, 0.314224, 2.63208, 56.7221, tau
214, 4, 0, -0.00296943, 0.192663, 0.0543645, 0.170975, 22.8197, tau
118, 4, 0, 0.0469628, 0.193391, 0.0651849, 0.220088, 28.5668, tau
224, 16, 0, -0.063522, 0.17575, -0.0117962, 0.191674, 59.3482, tau
72, 0, 0, -0.0483047, 0.223701, 0.0317518, 0.254576, 4.94872, tau
270, 10, 0, -0.00806117, 0.194548, 0.0180147, 0.209435, 32.7379, tau
142, 3, 1, -0.0208087, 0.184742, 0.01193, 0.203029, 29.7425, tau
210, 4, 0, 0.0151778, 0.205436, -0.0185467, 1.26851, 21.0366, tau
250, 16, 2, 0.00997309, 0.176642, -0.00845833, 0.195186, 71.499, tau
154, 8, 2, -0.010351, 0.162914, 1.00981, 3.54511, 55.1413, tau
74, 0, 0, -0.198594, 0.237033, 0.0496709, 0.228422, 2.86, tau
166, 2, 0, -0.039129, 0.163168, 0.0248797, 1.11919, 19.5748, tau
44, 0, 0, -0.0160866, 0.210797, 0.0616198, 0.232232, 4.13914, tau
306, 10, 0, 0.0154497, 0.20746, -0.00160801, 0.189214, 48.8576, tau
82, 3, 0, -0.0362449, 0.177359, 0.00378264, 0.175025, 18.4695, tau
180, 10, 0, -0.0386282, 0.18478, -0.0284548, 0.204551, 45.6761, tau
124, 8, 2, -0.0138712, 0.208502, 0.0288916, 0.189102, 75.4818, tau
76, 0, 0, -0.337369, 0.242275, 0.2052, 0.231551, 3.128, tau
96, 4, 0, -0.0104758, 0.190207, -0.284489, 2.60347, 16.8832, tau
170, 8, 2, 0.0257723, 0.185404, -0.0358272, 0.173148, 53.4612, tau
174, 0, 0, -0.157578, 0.226668, 0.154316, 0.197473, 5.98515, tau
76, 4, 0, 0.00233121, 0.15919, 0.00856577, 0.193361, 16.7048, tau
206, 10, 0, -0.047502, 0.213968, 0.0370412, 0.214024, 43.9363, tau
210, 14, 2, 0.0105083, 0.183505, 0.0526397, 0.187993, 81.8783, tau
84, 4, 0, 0.00759547, 0.184709, 0.00727008, 0.216536, 11.9667, tau
158, 12, 0, -0.0065715, 0.162075, 0.022288, 0.162307, 41.3361, tau
208, 12, 0, -0.00507751, 0.179444, -0.0536104, 0.178199, 66.4909, tau
258, 16, 2, -0.0380411, 0.213171, 0.0374084, 0.213914, 69.8628, tau
47, 0, 0, -0.0475921, 0.193433, 1.096, 2.18365, 1.866, tau
238, 12, 2, -0.00269392, 0.185402, -0.0174576, 0.20175, 66.7077, tau
162, 4, 0, 0.0150662, 0.182962, -0.0351806, 0.196451, 20.4365, tau
80, 4, 0, -0.0130964, 0.191985, 0.00425619, 0.144273, 14.8653, tau
76, 2, 0, -0.00311357, 0.210119, 0.00446093, 0.216623, 14.2053, tau
84, 0, 0, -0.048154, 0.208186, 0.0381094, 0.217651, 7.14483, tau
238, 6, 0, 0.0121528, 0.19374, -0.0251753, 0.183056, 33.205, tau
144, 9, 1, -0.0157028, 0.260136, 0.00354723, 0.221087, 93.8795, tau
238, 10, 0, 0.0178462, 0.20375, -0.0226911, 0.21245, 34.7616, tau
188, 4, 0, 0.0242873, 0.187435, 0.0136005, 1.05615, 21.3965, tau
164, 10, 2, 0.000480842, 0.184826, -0.0188839, 0.189081, 67.1345, tau
62, 2, 0, 0.0596655, 0.206101, -0.0138242, 0.171335, 6.1585, tau
48, 0, 0, 0.0179064, 0.230124, -0.0290727, 0.214293, 4.59925, tau
46, 2, 0, 0.0449343, 0.187476, -0.342072, 2.02075, 3.90011, tau
68, 0, 0, 0.064694, 0.213056, 1.57452, 2.71596, 4.75119, tau
312, 16, 0, -0.0618391, 0.193587, 0.0269999, 0.213386, 59.8965, tau
212, 18, 2, -0.0057231, 0.163993, 0.00725289, 0.185165, 103.485, tau
118, 4, 0, -0.0799209, 0.228902, -0.000479744, 0.172858, 13.0327, tau
302, 10, 0, 0.0249161, 0.180717, -0.00637553, 0.215195, 48.1383, tau
100, 4, 0, 0.0172926, 0.226034, -0.0113158, 0.181687, 11.5661, tau
170, 8, 2, 0.0475559, 0.226703, 0.00873478, 0.185207, 53.8301, tau
224, 6, 0, 0.0297756, 0.163532, -0.0105361, 0.793593, 29.4657, tau
148, 4, 0, -0.00995532, 0.213556, -1.71833, 2.72195, 14.3189, tau
140, 8, 0, 0.00133556, 0.211539, 0.0102605, 0.192027, 34.0313, tau
118, 4, 0, -0.00355387, 0.204427, 0.00826364, 0.181157, 29.3891, tau
122, 8, 2, 0.00552198, 0.196522, 0.000297694, 0.219242, 93.4448, tau
19, 0, 0, -0.00321906, 0.174573, -0.0175748, 0.101649, 1.71797, tau
260, 12, 0, 0.0106612, 0.206913, -0.051456, 0.221177, 42.1412, tau
344, 14, 0, -0.0318458, 0.190552, 0.0408018, 0.225902, 55.5865, tau
124, 6, 1, -0.00498778, 0.161696, 0.00283868, 0.188478, 33.0998, tau
190, 8, 0, 0.0600734, 0.184098, -0.106206, 0.195041, 34.8657, tau
52, 0, 0, 0.0364398, 0.19543, -0.0153925, 0.218431, 5.30351, tau
56, 0, 0, 0.0353605, 0.23843, -0.0272961, 0.221999, 4.55415, tau
214, 2, 0, 0.0385206, 0.200312, -0.0119783, 0.206715, 22.1175, tau
104, 6, 0, -0.00504076, 0.191534, 0.000621697, 0.225945, 26.1557, tau
98, 0, 0, 0.0568079, 0.185186, 0.00807284, 0.213787, 5.92999, tau
318, 22, 0, -0.0128196, 0.192726, -0.0175701, 0.193811, 76.3381, tau
78, 0, 0, -0.0831066, 0.244848, 0.0285162, 0.222551, 5.42791, tau
60, 0, 0, 0.0224882, 0.251965, 0.0337744, 0.226984, 4.60544, tau
68, 2, 0, 0.00451513, 0.162392, -0.0170937, 0.225361, 12.2483, tau
192, 14, 0, 0.0307426, 0.195945, 0.0301907, 0.206519, 37.2079, tau
130, 4, 0, 0.0244518, 0.161067, 0.0364585, 0.194679, 13.6893, tau
104, 6, 2, -0.00405827, 0.171371, 0.00605746, 0.18846, 45.0431, tau
90, 2, 0, 0.0177334, 0.191648, -0.00493574, 0.203041, 13.1598, tau
80, 0, 0, -0.203304, 0.210412, -0.00806534, 0.263994, 3.104, tau
244, 8, 0, 0.0249703, 0.179994, -0.0363041, 0.199325, 35.7616, tau
290, 14, 0, 0.00834479, 0.190256, -0.0555677, 0.204493, 61.6652, tau
164, 2, 0, 0.0203094, 0.203358, -0.134181, 2.35334, 22.2069, tau
186, 12, 0, -0.00483366, 0.181868, -0.00396268, 0.18433, 58.0494, tau
232, 6, 0, 0.0396603, 0.161008, -0.00202497, 0.206379, 23.7571, tau
72, 2, 0, 0.00767762, 0.235535, -0.0377398, 0.187918, 5.32955, tau
90, 0, 0, -0.0483929, 0.237156, -0.0179167, 0.229237, 7.01875, tau
60, 2, 0, -0.00873031, 0.215621, 0.00599727, 0.223055, 4.92832, tau
139, 4, 0, 0.00254877, 0.242723, -0.0160556, 0.171831, 28.7341, tau
166, 4, 0, -0.0409852, 0.196484, 0.00473439, 0.174504, 34.6031, tau
84, 2, 0, 0.066446, 0.194389, 0.0362826, 0.16482, 10.7141, tau
209, 2, 0, -0.137112, 0.154882, 0.0634526, 0.200266, 12.9592, tau
90, 6, 0, -0.00218181, 0.138462, -0.00224227, 0.158572, 29.7922, tau
88, 0, 0, 0.0256402, 0.218241, -0.0231314, 0.186819, 5.96012, tau
80, 2, 0, -0.00332501, 0.193541, 0.0077819, 0.177832, 15.7726, tau
178, 2, 0, -0.00513009, 0.176726, 0.0284922, 0.168242, 16.5711, tau
176, 10, 0, -0.0182742, 0.193544, 0.00143524, 0.176083, 31.7534, tau
318, 16, 0, 0.0133718, 0.198675, -0.0768784, 0.205305, 55.2232, tau
84, 1, 0, -0.11348, 0.304693, 0.0762396, 0.191855, 3.8724, tau
102, 4, 0, -0.0045766, 0.218447, 0.00206609, 0.171773, 17.3988, tau
290, 20, 0, -0.0206802, 0.19253, -0.0239955, 0.219505, 69.8234, tau
188, 16, 2, -0.0296647, 0.202678, -0.0548758, 0.179513, 76.742, tau
298, 14, 0, -0.0223957, 0.189668, -0.0329878, 0.202237, 59.5379, tau
130, 10, 0, -0.0149566, 0.187563, -0.00547539, 0.167403, 44.464, tau
150, 8, 2, 0.0176804, 0.180735, 0.0298842, 0.696572, 56.9725, tau
44, 2, 0, -0.000775874, 0.228471, -0.00559118, 0.200059, 7.66264, tau
346, 16, 0, 0.0530034, 0.215448, -0.0564739, 0.228827, 63.2519, tau
218, 11, 0, -0.00648861, 0.16429, -0.000217335, 0.986328, 51.9843, tau
142, 10, 0, -0.0145476, 0.19232, -0.0393039, 0.178567, 32.8917, tau
52, 2, 0, -0.00260569, 0.243459, -0.0269706, 0.268783, 4.59558, tau
196, 10, 4, -0.0428452, 0.174698, -0.0290676, 0.197233, 96.7491, tau
186, 16, 2, 0.000369729, 0.233951, 0.0401205, 0.195706, 62.092, tau
226, 14, 0, -0.0316482, 0.172595, -0.0900556, 0.194202, 56.4112, tau
162, 6, 0, -0.0102349, 0.170116, 0.0430419, 0.195524, 20.5632, tau
234, 6, 0, -0.0696344, 0.206523, 0.0845131, 0.202055, 21.9536, tau
104, 4, 0, -0.00110417, 0.195396, -0.109143, 1.98611, 26.1178, tau
84, 4, 0, -0.00719735, 0.162053, 0.0108479, 0.174003, 18.5095, tau
96, 0, 0, 0.0118857, 0.23059, 0.0723211, 1.19431, 5.10544, tau
108, 3, 0, 0.0346233, 0.154326, 0.0102459, 0.199871, 16.8424, tau
54, 0, 0, 0.00473872, 0.243048, -0.000649477, 0.184053, 4.30785, tau
50, 2, 0, -0.0182269, 0.197315, 0.0495968, 0.224521, 4.37866, tau
144, 4, 2, -0.011101, 0.175514, -0.168302, 3.21357, 55.2466, tau
164, 4, 0, -0.0463455, 0.203962, 0.0229626, 0.193657, 33.7837, tau
194, 20, 2, 0.0109919, 0.132316, -0.00644112, 1.04883, 86.2031, tau
174, 8, 2, -0.000375993, 0.177537, 0.0795252, 2.17924, 53.5448, tau
254, 8, 0, -0.0412167, 0.194985, 0.0642624, 0.22743, 41.8527, tau
76, 0, 0, -0.049701, 0.230089, 0.0280512, 0.23233, 5.80988, tau
56, 0, 0, 0.0445059, 0.241454, 0.663429, 2.34063, 4.062, tau
64, 0, 0, 0.0120973, 0.212361, -0.0527617, 0.20171, 4.58986, tau
196, 8, 0, 0.00103803, 0.183282, 0.905398, 3.18644, 50.9629, tau
80, 2, 0, -0.0257143, 0.190344, 0.00375114, 0.19864, 5.81802, tau
204, 6, 0, -0.0253522, 0.200419, -0.0124045, 0.179575, 30.1668, tau
150, 8, 2, -0.0300846, 0.188035, -0.0329724, 1.51775, 63.1187, tau
44, 0, 0, -0.00498982, 0.192636, 0.00302394, 0.220278, 3.32976, tau
272, 6, 0, -0.0209873, 0.187482, 0.0250565, 0.181044, 35.307, tau
224, 0, 0, 0.0254092, 0.203198, 0.0196272, 0.203805, 18.6181, tau
68, 2, 0, -0.0912346, 0.248107, -0.510653, 3.1715, 5.97595, tau
82, 0, 0, 0.299538, 0.238385, -0.37796, 1.27032, 3.124, tau
118, 4, 0, 0.0599691, 0.178427, 0.131426, 0.171839, 15.9066, tau
270, 6, 0, 0.061666, 0.18544, -0.0170425, 0.208381, 41.6868, tau
166, 6, 0, 0.0137288, 0.193145, -0.0565036, 0.20429, 23.0164, tau
228, 8, 0, 0.0536145, 0.181685, -0.0200379, 0.227343, 52.7203, tau
238, 16, 2, -0.0442475, 0.185964, 0.0189123, 0.220166, 86.0257, tau
56, 0, 0, 0.0550809, 0.209004, 0.0406491, 0.192064, 3.95818, tau
250, 10, 0, -0.0647603, 0.201145, 0.0279622, 0.20764, 46.0106, tau
262, 16, 0, 0.0116316, 0.201133, -0.0279384, 0.739894, 63.1026, tau
82, 2, 0, 0.0136871, 0.208407, -0.0657974, 0.211955, 8.10703, tau
144, 4, 0, 0.00877019, 0.157195, -0.0280862, 0.188721, 25.1145, tau
94, 4, 0, -0.00110435, 0.217816, -0.0245855, 0.205654, 13.4928, tau
282, 22, 2, -0.00230716, 0.173328, -0.0424409, 0.227498, 105.846, tau
82, 2, 0, 0.0113056, 0.216227, -0.326137, 1.77523, 6.42572, tau
298, 4, 0, 0.0732194, 0.186311, -0.0115355, 0.197727, 55.4804, tau
266, 14, 0, 0.0175621, 0.194872, -0.058009, 0.202572, 36.1194, tau
88, 6, 0, -0.00139688, 0.155562, -0.00335552, 0.215422, 24.4639, tau
148, 10, 0, -0.0222955, 0.209954, -0.0146689, 0.180506, 37.6774, tau
232, 10, 0, -0.0105345, 0.182627, 0.0393389, 0.168847, 41.3577, tau
234, 4, 0, 0.00436247, 0.175072, -0.0595847, 0.225283, 22.6288, tau
234, 20, 0, -0.0374361, 0.16827, 0.0234323, 0.172238, 69.5895, tau
62, 4, 1, -0.0161713, 0.160652, -0.0212082, 2.91734, 26.2715, tau
90, 3, 0, 0.0307583, 0.268667, -0.0247209, 0.154746, 9.52103, tau
216, 6, 0, 0.0387157, 0.196899, -0.0463098, 0.17983, 29.3796, tau
214, 0, 0, -0.0792115, 0.201087, 0.0989088, 0.181963, 18.5711, tau
190, 16, 2, -0.0127788, 0.185729, 0.0426694, 0.193998, 87.6274, tau
124, 8, 0, 0.0059389, 0.187848, -0.0147442, 0.172519, 32.5454, tau
138, 10, 0, -0.00982595, 0.196962, -0.026883, 0.160157, 44.8524, tau
180, 10, 0, 0.0255869, 0.181713, -0.0661391, 0.164617, 54.276, tau
179, 5, 0, 0.0445095, 0.20292, 0.0270411, 0.211205, 22.3634, tau
250, 12, 0, 0.0609029, 0.208697, 0.0518735, 0.201407, 34.7109, tau
196, 8, 0, 0.0224438, 0.209267, 0.031323, 0.204023, 39.7784, tau
114, 2, 0, -0.00241478, 0.275238, 0.0025947, 0.208922, 8.07015, tau
256, 12, 2, -0.00232001, 0.159414, -0.00490818, 0.179566, 88.8774, tau
106, 6, 0, 0.0101152, 0.211897, 0.00192622, 0.168422, 30.5104, tau
72, 0, 0, 0.0147324, 0.224225, 0.0830187, 0.213142, 4.85752, tau
100, 6, 0, 0.0196958, 0.194737, -0.18635, 1.80818, 13.7309, tau
94, 4, 0, 0.00138336, 0.157925, -0.0118869, 0.204339, 25.9665, tau
174, 6, 2, 0.0213355, 0.231445, -0.681176, 3.11152, 40.5588, tau
124, 2, 0, -0.03619, 0.163581, 0.0146925, 0.223281, 10.9962, tau
280, 6, 0, -0.018464, 0.192817, -0.0197939, 0.22398, 25.841, tau
192, 6, 0, 0.0359033, 0.181007, -0.0344276, 0.153121, 25.2082, tau
56, 0, 0, 0.0213743, 0.197005, -0.0518938, 0.228405, 3.95145, tau
70, 2, 0, -0.0477694, 0.206959, -0.503266, 2.29897, 5.70131, tau
58, 4, 0, -0.00102824, 0.185303, -0.00246912, 0.161441, 8.00476, tau
244, 12, 0, 0.00669535, 0.166555, 0.0136833, 0.178308, 38.5672, tau
200, 12, 2, -0.00551572, 0.174678, -0.0107481, 0.182625, 56.1083, tau
140, 6, 2, 0.00577637, 0.193479, 0.000708984, 0.153632, 66.5077, tau
78, 0, 0, 0.408116, 0.260463, 0.0594738, 0.203665, 2.968, tau
110, 4, 0, -0.00949976, 0.161941, 0.000335356, 0.174427, 34.4488, tau
214, 12, 0, -0.0674234, 0.208337, 0.0245558, 0.192477, 42.4173, tau
214, 8, 2, -0.0196874, 0.211273, -0.0525687, 0.175287, 49.3583, tau
206, 4, 0, 0.077744, 0.200964, 0.0622239, 0.205802, 17.8658, tau
72, 2, 0, 0.0145185, 0.225814, 0.0794675, 0.224513, 5.69878, tau
66, 2, 0, -0.0454503, 0.207123, 0.00693559, 0.221536, 6.81858, tau
108, 6, 2, 0.0265069, 0.221276, -0.0104002, 0.165846, 38.6014, tau
218, 4, 0, -0.00832765, 0.212232, -0.183984, 0.226253, 22.1787, tau
204, 0, 0, -0.00100468, 0.159305, -0.0624161, 0.167657, 22.3247, tau
57, 1, 0, -0.0304973, 0.226485, -0.0210974, 0.190716, 4.51072, tau
43, 1, 0, -0.0504295, 0.162095, -0.00971363, 0.137159, 2.86322, tau
80, 2, 0, 0.0162085, 0.242342, 0.00871739, 0.212164, 5.8938, tau
214, 6, 0, -0.00113027, 0.212381, 1.5839, 2.96182, 24.8645, tau
136, 12, 2, 0.0107439, 0.165603, 0.0427671, 1.75716, 62.0726, tau
214, 2, 0, -0.020116, 0.205141, 0.0204249, 0.20503, 20.8906, tau
280, 8, 0, -0.0405895, 0.223366, 0.0486985, 0.202895, 31.1333, tau
54, 0, 0, -0.00934454, 0.213786, 0.0234852, 0.231351, 4.19279, tau
74, 0, 0, 0.156119, 0.202865, -0.206635, 0.257092, 2.94, tau
178, 4, 0, 0.00886277, 0.156822, -0.00244028, 0.217384, 31.0545, tau
44, 0, 0, -0.118015, 0.235933, 0.00170639, 0.216524, 2.49861, tau
70, 2, 0, -0.00132264, 0.221209, 0.0776263, 0.209191, 7.29739, tau
130, 10, 0, -0.0195881, 0.181886, -0.0632493, 0.171541, 31.543, tau
90, 0, 0, -0.0947903, 0.248592, -0.260431, 0.208236, 3.516, tau
230, 6, 0, -0.00820715, 0.187654, 0.0157857, 1.23688, 38.7238, tau
118, 2, 0, 0.0911472, 0.155685, 0.150812, 0.200183, 11.6089, tau
140, 4, 0, 0.0104876, 0.167158, -0.0101405, 0.195546, 44.2839, tau
158, 6, 0, 0.0110418, 0.175597, 0.303186, 2.54142, 30.3411, tau
196, 8, 0, 0.00397458, 0.168324, 0.0750445, 0.182837, 45.7192, tau
120, 4, 0, 0.0035481, 0.196647, -0.0145293, 0.170348, 24.0458, tau
140, 4, 0, 0.00727291, 0.171681, -0.00289172, 0.167266, 27.2006, tau
112, 5, 0, -0.00488963, 0.175629, 0.00323034, 0.206231, 14.3653, tau
256, 8, 0, 0.0163362, 0.206231, 0.167235, 1.37131, 37.5052, tau
74, 0, 0, -0.0148036, 0.176846, -0.00767425, 0.210797, 6.61063, tau
340, 22, 0, 0.0371924, 0.19638, -0.00795555, 0.186632, 88.0476, tau
110, 0, 0, -0.0570041, 0.177539, 1.32311, 2.75983, 3.89998, tau
152, 12, 0, -0.0285834, 0.195694, -0.0104717, 0.174036, 30.4667, tau
56, 0, 0, -0.0418323, 0.236105, 0.00548966, 0.231828, 4.39201, tau
106, 8, 0, 0.0126768, 0.198466, -0.00364715, 0.190973, 26.4561, tau
98, 6, 0, -0.038353, 0.18304, -0.00550561, 0.853132, 40.1914, tau
112, 6, 0, -0.00498791, 0.181617, 0.0111634, 0.791639, 41.1602, tau
58, 2, 0, 0.0121224, 0.189612, -0.000342104, 0.220431, 9.0411, tau
80, 2, 0, 0.0232689, 0.217293, 0.205326, 2.03779, 9.97206, tau
125, 2, 0, -0.0250978, 0.148616, 0.054056, 0.185782, 14.1314, tau
68, 0, 0, -0.184657, 0.187403, 0.0470448, 0.233999, 2.35168, tau
96, 2, 0, -0.00900572, 0.237173, -0.0098831, 0.220549, 9.10318, tau
21, 0, 0, -0.0829735, 0.238454, 0.0405672, 0.193723, 1.72302, tau
178, 6, 2, 0.0147565, 0.219708, -0.00413283, 0.202689, 48.1215, tau
58, 0, 0, 0.0409436, 0.233478, -0.0382808, 0.270626, 4.62233, tau
168, 0, 0, -0.030959, 0.2226, -0.127952, 0.914903, 12.0596, tau
60, 0, 0, -0.0336219, 0.199025, 0.124256, 0.275002, 3.85484, tau
234, 18, 0, -0.0385382, 0.219378, 0.0442886, 0.209953, 69.8033, tau
72, 2, 0, -0.00122855, 0.174446, -0.0512266, 0.178871, 8.41203, tau
152, 0, 0, -0.047567, 0.205542, -0.0827542, 0.18707, 11.7565, tau
238, 3, 0, 0.0563803, 0.202509, -0.0962771, 0.242225, 11.288, tau
56, 2, 0, 0.00867656, 0.176787, -0.00526873, 0.19568, 8.41944, tau
212, 2, 0, 0.0418574, 0.201952, -0.0221421, 0.170603, 20.2994, tau
252, 12, 0, 0.0415439, 0.186863, 0.0921774, 0.182053, 57.168, tau
130, 4, 0, 0.0262315, 0.153421, -0.0373728, 0.191345, 24.2827, tau
98, 4, 2, 0.0225351, 0.192205, -0.00662062, 0.201035, 37.8562, tau
122, 6, 2, -0.00835656, 0.155763, 0.00256036, 0.194306, 45.7038, tau
194, 2, 0, 0.0507071, 0.202216, 0.619466, 2.57452, 13.7494, tau
304, 6, 0, -0.0140551, 0.211875, 0.0271439, 0.213032, 36.4878, tau
198, 2, 0, -0.0867787, 0.199107, 0.121967, 0.192753, 17.6669, tau
146, 8, 2, -0.00300222, 0.152054, -0.00787434, 0.200055, 86.8527, tau
196, 10, 0, 0.00411038, 0.18468, -0.0235382, 0.200001, 44.0866, tau
94, 0, 0, 0.224682, 0.244179, 0.0522829, 0.249204, 3.656, tau
184, 16, 0, -0.01304, 0.175254, 0.0163174, 0.187776, 42.4062, tau
278, 34, 0, -0.018877, 0.154393, -0.0884036, 2.24351, 100.774, tau
82, 0, 0, -0.0314668, 0.206386, 0.0171798, 0.157735, 4.48902, tau
46, 2, 0, -0.0541384, 0.261408, 0.00870725, 0.19259, 4.42617, tau
194, 6, 0, 0.0301021, 0.184664, -0.0246302, 0.210045, 24.0519, tau
240, 24, 6, 0.0210559, 0.164467, 0.00479574, 0.186541, 143.919, tau
170, 10, 0, 0.0121916, 0.168814, -0.00879484, 0.216234, 40.8862, tau
96, 2, 0, 0.0238489, 0.183564, -0.0581864, 0.239307, 9.73545, tau
72, 0, 0, 0.0121591, 0.246964, -0.100091, 0.221824, 5.51485, tau
102, 2, 0, -0.0150031, 0.226678, 0.00843465, 0.187673, 13.1469, tau
272, 10, 0, 0.00263392, 0.172382, -0.0444317, 0.210739, 57.0798, tau
254, 2, 0, -0.00268292, 0.176942, -0.0739728, 0.214941, 18.7349, tau
122, 6, 2, 0.00339372, 0.182798, 0.140401, 3.64956, 53.8432, tau
60, 0, 0, 0.0801317, 0.184218, -0.42824, 2.03054, 4.41605, tau
226, 8, 0, 0.0747587, 0.179693, 0.0255484, 0.185106, 29.1616, tau
110, 4, 0, -0.0111907, 0.170742, -0.00106466, 0.165316, 36.3764, tau
258, 8, 0, -0.000754113, 0.215085, -0.0166556, 0.208595, 27.6859, tau
222, 8, 0, -0.053387, 0.197748, -0.0501544, 0.190017, 29.191, tau
226, 20, 0, -0.0747477, 0.183011, -0.031497, 0.175469, 63.9109, tau
88, 0, 0, 0.0194584, 0.244981, -0.05548, 0.894847, 5.47241, tau
116, 4, 2, -0.0112738, 0.151575, -0.00486709, 0.152551, 59.5131, tau
150, 8, 0, -0.0198552, 0.164548, 0.00668028, 0.193188, 37.3803, tau
280, 8, 0, -0.0586545, 0.205501, 0.0190832, 0.195636, 42.3003, tau
296, 16, 0, 0.0526698, 0.126725, -0.0122543, 0.181879, 83.2232, tau
170, 0, 0, -0.0696099, 0.178546, 0.0443858, 0.216091, 11.0941, tau
124, 6, 0, -0.0788706, 0.180766, -0.043271, 0.198512, 20.0751, tau
204, 10, 0, 0.0204028, 0.154939, -0.00372521, 0.21098, 51.9022, tau
84, 4, 2, -0.00728761, 0.170911, -0.000544023, 0.196961, 33.5093, tau
80, 2, 0, 0.000755773, 0.196812, 0.0145068, 0.239676, 9.91448, tau
118, 0, 0, 0.160081, 0.223863, 0.248929, 1.0758, 7.5895, tau
62, 2, 0, 0.0094622, 0.191111, -0.363853, 2.03285, 5.09375, tau
122, 8, 2, -0.0117525, 0.158396, 0.012394, 0.183448, 60.8551, tau
72, 2, 0, -0.0388755, 0.225016, -1.04017, 2.96898, 5.41678, tau
126, 0, 0, 0.0438747, 0.190342, -0.289253, 1.7582, 8.67045, tau
94, 6, 0, -0.0105043, 0.182132, -0.00585178, 0.196856, 20.2915, tau
162, 12, 0, 0.0173675, 0.153786, -0.00442775, 0.185306, 53.4504, tau
112, 4, 0, 0.00320599, 0.199418, 0.00327124, 0.217455, 24.2464, tau
84, 0, 0, -0.0240827, 0.19083, 0.0425074, 0.210242, 6.07043, tau
86, 2, 0, 0.00936169, 0.214888, -0.01804, 0.179719, 13.6015, tau
212, 10, 0, -0.0649168, 0.189115, -0.00328391, 0.195967, 25.5108, tau
248, 10, 0, 0.00486406, 0.163426, -0.0868304, 0.200843, 36.6063, tau
132, 0, 0, -0.0494209, 0.199535, 0.0430116, 0.227654, 9.95654, tau
246, 16, 0, -0.0153639, 0.184247, -0.0193762, 1.18925, 73.4025, tau
44, 0, 0, -0.00191469, 0.203049, -0.00619682, 0.187151, 3.74909, tau
128, 4, 2, -0.0103929, 0.179913, 0.00128048, 0.187926, 53.7932, tau
58, 0, 0, 0.0635367, 0.23544, 0.731814, 2.82491, 4.71688, tau
158, 16, 0, 0.00587139, 0.176462, -0.00537406, 0.16116, 64.7861, tau
60, 1, 0, -0.029816, 0.133832, -0.0011675, 0.142945, 7.32127, tau
142, 14, 0, -0.00694411, 0.176846, 0.00551697, 0.170234, 60.936, tau
194, 10, 0, 0.0164667, 0.193662, 0.00601571, 0.217825, 37.4113, tau
188, 4, 0, -0.0188788, 0.182472, -0.0301483, 0.212571, 40.3194, tau
80, 2, 0, -0.0495559, 0.209421, -0.809383, 2.61203, 5.71174, tau
50, 0, 0, -0.029411, 0.235334, 0.016675, 0.197009, 4.4107, tau
78, 0, 0, 0.427566, 0.2507, 2.06575, 2.62227, 3.008, tau
27, 1, 0, -0.0289313, 0.195735, -0.00283605, 0.162088, 3.45987, tau
60, 2, 0, 0.0212274, 0.226903, -0.0090996, 0.221172, 5.01755, tau
56, 0, 0, -0.0438453, 0.198433, 0.00290613, 0.218719, 4.59435, tau
197, 8, 0, 0.0171269, 0.149385, -0.00632528, 0.181452, 28.3851, tau
230, 6, 2, -0.00886137, 0.167185, -0.0220745, 0.199166, 59.9769, tau
244, 12, 2, 0.0115647, 0.184074, -0.0104832, 0.196915, 59.9343, tau
300, 12, 0, 0.0172055, 0.197298, -0.173087, 1.76953, 48.0891, tau
372, 8, 0, 0.00832619, 0.199528, 0.00545866, 0.204048, 51.5034, tau
112, 4, 2, 0.00856782, 0.178019, -0.00255323, 0.167917, 49.3902, tau
62, 0, 0, -0.0543034, 0.175713, 0.0293305, 0.17371, 4.87582, tau
196, 8, 0, 0.043026, 0.152251, -0.0855146, 0.175454, 31.0061, tau
62, 0, 0, 0.0431579, 0.242625, 0.0129243, 0.223173, 4.74, tau
144, 12, 0, 0.012774, 0.159635, 0.0317149, 1.82854, 45.404, tau
228, 8, 0, 0.0127565, 0.203093, -0.0557014, 0.216028, 38.4844, tau
124, 4, 0, -0.023326, 0.225955, 0.00779844, 0.172757, 13.5192, tau
112, 8, 0, -0.00609889, 0.197576, -0.00624763, 0.163973, 33.2394, tau
274, 12, 0, -0.0189759, 0.18698, 0.222358, 0.198647, 45.2612, tau
120, 2, 0, 0.0433326, 0.213976, -0.00194961, 0.191624, 18.606, tau
156, 4, 0, -0.0134088, 0.19071, 0.00595806, 0.235575, 18.7673, tau
58, 2, 0, 0.014437, 0.212203, -0.0358639, 0.218575, 8.08421, tau
68, 0, 0, -0.028722, 0.175239, -0.0495676, 0.23863, 6.78316, tau
116, 10, 2, 0.00284919, 0.214044, -0.197616, 3.34702, 59.7726, tau
78, 0, 0, -0.399268, 0.24136, 0.136701, 0.219737, 2.956, tau
72, 2, 0, 0.00188917, 0.183686, 0.00290467, 0.218169, 18.5308, tau
62, 2, 0, 0.0170824, 0.185081, 0.0148342, 0.223576, 6.72602, tau
292, 22, 2, 0.00208725, 0.198188, -0.0108227, 0.229389, 110.561, tau
144, 0, 0, -0.047689, 0.183621, -0.0234278, 0.172546, 9.43282, tau
208, 6, 0, -0.0200607, 0.17167, 0.264687, 2.0349, 30.6155, tau
60, 2, 0, -0.0190209, 0.215986, 0.0357463, 0.240312, 8.34511, tau
106, 2, 0, -0.00261573, 0.214404, -0.00478892, 0.223799, 22.037, tau
42, 0, 0, 0.00116776, 0.193622, 0.0113255, 0.228643, 3.81416, tau
83, 0, 0, 0.235149, 0.206099, -0.060029, 0.212911, 6.41999, tau
140, 4, 0, 0.000410948, 0.17555, -0.0290099, 0.187589, 35.5452, tau
132, 8, 0, -0.00864003, 0.176557, 0.0110824, 0.179863, 46.4885, tau
238, 8, 0, 0.00425193, 0.159684, -0.030899, 0.191803, 45.2689, tau
310, 14, 0, 0.00634692, 0.200847, 0.00145197, 0.187715, 66.0783, tau
74, 0, 0, -0.0253058, 0.272369, 0.0413099, 0.238828, 5.188, tau
76, 0, 0, 0.00583508, 0.218531, 0.0978606, 0.226097, 5.74779, tau
50, 0, 0, -0.0148706, 0.233398, -0.0108761, 0.170552, 4.73502, tau
58, 0, 0, -0.00919773, 0.234112, -0.0108081, 0.210274, 4.52808, tau
218, 12, 0, -0.0205358, 0.17887, -0.0570476, 0.191372, 51.2405, tau
70, 4, 2, 0.00329467, 0.162212, -1.90348, 3.23128, 45.5538, tau
60, 0, 0, 0.0443127, 0.219444, -0.0666611, 0.199085, 4.81702, tau
66, 4, 0, -0.044161, 0.195121, -0.0409332, 0.217974, 7.71415, tau
198, 6, 2, 0.00707697, 0.18614, 0.0556695, 2.29046, 57.3173, tau
50, 0, 0, 0.0569651, 0.204818, 0.0967469, 0.265202, 4.10559, tau
166, 8, 0, 0.108847, 0.181345, 0.0553392, 1.56164, 20.8837, tau
106, 2, 2, -0.00312238, 0.185646, 0.00443331, 0.171012, 31.9058, tau
176, 8, 0, 0.0191904, 0.162357, 0.0431577, 0.184886, 57.1732, tau
116, 8, 0, -0.0164963, 0.169565, 0.0368551, 0.215757, 35.0067, tau
90, 4, 0, 0.0103754, 0.15722, -0.0055298, 0.190237, 19.3108, tau
62, 2, 0, 0.0592712, 0.263057, 0.00552327, 0.244508, 4.70142, tau
142, 6, 0, 0.0592587, 0.182576, -0.0643611, 0.178165, 31.3709, tau
100, 0, 0, 0.0954515, 0.190736, -0.0153362, 0.170668, 4.5335, tau
142, 4, 0, 0.000994894, 0.22402, 0.00443811, 0.1701, 18.9328, tau
236, 10, 0, 0.0124315, 0.20921, 0.000783293, 0.197647, 50.4647, tau
56, 2, 0, 0.065162, 0.207112, -0.0194698, 0.219742, 5.24912, tau
66, 2, 0, 0.0104765, 0.212434, -0.0582589, 0.237964, 5.12185, tau
168, 9, 0, -0.00846354, 0.23414, 0.0146883, 0.22376, 37.1052, tau
58, 2, 0, 0.0112973, 0.200804, -0.0113684, 0.219132, 7.444, tau
41, 1, 0, -0.0162177, 0.161874, 1.88605e-05, 0.0934824, 3.1604, tau
106, 4, 2, 0.000942978, 0.158009, -0.0417783, 1.41611, 39.9227, tau
224, 10, 0, -0.0714149, 0.162428, 0.0298986, 0.172822, 45.9435, tau
70, 4, 0, 0.0105679, 0.172102, -0.00571355, 0.192657, 14.728, tau
68, 2, 0, 0.0129355, 0.239415, -0.015538, 0.192651, 9.08509, tau
200, 14, 0, -0.0150382, 0.160264, -0.0298405, 0.175847, 63.5967, tau
52, 2, 0, 0.047985, 0.187718, 0.0311652, 0.182259, 4.9315, tau
150, 4, 0, -0.0105917, 0.215363, 0.0831805, 1.80046, 32.5387, tau
156, 2, 0, 0.0309477, 0.220519, -0.00867788, 0.168505, 17.2677, tau
58, 0, 0, -0.00172633, 0.221396, 0.0101265, 0.218776, 4.43425, tau
136, 8, 0, -0.0333543, 0.193986, 0.0158039, 0.734962, 23.0961, tau
92, 4, 0, -0.00275547, 0.199173, 0.0126163, 0.209722, 15.3219, tau
129, 1, 0, 0.00210959, 0.238478, -2.30752e-05, 0.157953, 7.76966, tau
208, 8, 2, -0.00661941, 0.177474, -0.00184284, 0.184442, 66.7834, tau
76, 2, 0, -0.0145432, 0.200983, 0.0544744, 0.242657, 5.33097, tau
234, 20, 0, 0.107079, 0.205339, -0.0151569, 0.217888, 54.7469, tau
138, 14, 0, 0.020739, 0.152453, 0.042923, 0.167818, 45.5867, tau
122, 0, 0, 0.113087, 0.130488, 0.204532, 2.04774, 10.3302, tau
258, 8, 0, 0.010902, 0.204795, -0.0406232, 0.180811, 34.1608, tau
145, 4, 0, -0.0747509, 0.247838, -0.0138021, 0.200957, 15.1713, tau
284, 18, 0, -0.00860273, 0.163005, 0.0801107, 0.182762, 70.0518, tau
168, 10, 0, 0.0148359, 0.163853, 0.0634763, 0.179585, 56.4571, tau
94, 4, 0, -0.00965108, 0.188855, -0.00315303, 0.233408, 24.6186, tau
238, 8, 0, -0.00825734, 0.200601, -0.019596, 0.201993, 27.3188, tau
92, 4, 0, 0.0233149, 0.238838, -0.0103154, 0.199413, 17.0466, tau
220, 12, 2, 0.0530047, 0.19032, -0.0248151, 0.192102, 51.7509, tau
86, 2, 0, -0.0161142, 0.219907, -0.0320497, 0.220639, 7.07235, tau
230, 8, 0, -0.0847399, 0.195425, 0.0677136, 0.16578, 34.0358, tau
148, 6, 0, -0.00941801, 0.211697, 0.348528, 3.2486, 21.4343, tau
66, 2, 0, 0.00904616, 0.201961, -0.00480891, 0.21646, 16.1989, tau
142, 8, 2, -0.00545732, 0.217839, -0.00434183, 0.138725, 60.0133, tau
136, 8, 0, -0.00551706, 0.163404, -0.0190363, 1.01448, 54.5417, tau
224, 2, 0, 0.00472893, 0.196483, 0.0887854, 0.18834, 17.3913, tau
76, 1, 0, -0.0372591, 0.184117, 0.21147, 1.86016, 8.25843, tau
84, 4, 0, -0.00187678, 0.189744, 0.124328, 1.55099, 13.174, tau
274, 14, 0, -0.0485401, 0.192939, 0.104325, 0.19462, 48.1905, tau
204, 10, 0, -0.00485384, 0.183698, -0.000904712, 0.188582, 43.2974, tau
118, 6, 2, -0.00402882, 0.144493, -0.140929, 3.10853, 41.9529, tau
126, 8, 0, -0.0579379, 0.178773, 0.0827282, 0.187089, 25.3336, tau
76, 0, 0, 0.029381, 0.205104, 0.0273582, 0.207793, 5.84003, tau
144, 10, 2, 0.00649543, 0.184929, -0.0257009, 0.186789, 52.0088, tau
214, 2, 0, -0.000194742, 0.180821, -0.026656, 0.215235, 26.2878, tau
244, 8, 0, 0.119439, 0.195388, -0.113099, 1.83902, 25.7253, tau
148, 2, 0, 0.0845944, 0.180015, -0.149264, 0.244112, 13.3392, tau
133, 2, 0, -0.0392844, 0.210797, -0.00459879, 0.153082, 10.0222, tau
138, 8, 2, -0.0135193, 0.182319, 0.000456055, 0.15831, 53.4802, tau
62, 2, 0, 0.0349471, 0.22528, 0.0461942, 0.186485, 7.19638, tau
35, 0, 0, -0.0950664, 0.206719, -0.0139063, 0.155074, 2.45258, tau
64, 2, 0, 0.0320265, 0.241973, 0.0328331, 0.233553, 6.052, tau
206, 4, 0, 0.0558347, 0.170492, -0.0608887, 0.197238, 29.7177, tau
88, 6, 0, 0.00246347, 0.141698, 0.00656078, 0.205953, 34.8782, tau
192, 8, 2, -0.000165979, 0.182147, -0.0234903, 0.183369, 49.8547, tau
104, 4, 0, 0.0110937, 0.195167, 0.00160397, 0.189426, 28.9668, tau
168, 4, 0, -0.015246, 0.203126, 0.0290951, 0.194392, 16.3861, tau
86, 4, 0, 0.00377184, 0.205336, -0.0261075, 0.914469, 17.6404, tau
54, 0, 0, 0.0103888, 0.20076, -0.00442441, 0.227989, 4.02262, tau
222, 8, 0, -0.0704303, 0.191238, -0.0556476, 0.22296, 31.5252, tau
146, 6, 0, -0.00379878, 0.1748, 0.0510214, 0.172605, 26.2513, tau
178, 10, 0, 0.00399113, 0.167099, -0.0154692, 0.165878, 58.2608, tau
208, 6, 0, 0.0138504, 0.144048, 0.00556125, 0.156707, 50.5879, tau
68, 2, 0, -0.00143551, 0.196285, 0.000101709, 0.185816, 6.59427, tau
10, 0, 0, -0.0405762, 0.0763579, -0.0181817, 0.0299821, 1.61491, tau
128, 4, 0, 0.00616451, 0.171077, 0.00046057, 0.169386, 28.4511, tau
298, 16, 2, -0.0140843, 0.188504, -0.0372565, 0.203594, 83.9541, tau
196, 2, 0, -0.029807, 0.209816, -0.0138957, 0.23218, 12.1094, tau
102, 0, 0, 0.0434474, 0.19728, -0.0517381, 0.208232, 6.68216, tau
198, 14, 0, -0.0150085, 0.170928, -0.0119293, 0.173884, 73.9613, tau
30, 0, 0, -0.12156, 0.223515, 0.0032506, 0.146194, 2.61524, tau
252, 16, 2, 0.017827, 0.198231, 0.0175749, 0.189176, 104.069, tau
54, 2, 0, -0.0082499, 0.218148, -0.577117, 2.61061, 4.86289, tau
116, 8, 0, 0.0130971, 0.212231, -0.0145592, 0.200243, 34.0674, tau
56, 0, 0, 0.000436833, 0.203521, 0.0128904, 0.248516, 4.58127, tau
70, 0, 0, 0.0193608, 0.20949, -0.130573, 0.24827, 5.47786, tau
119, 5, 0, 0.127504, 0.198749, -0.0384247, 0.199154, 15.5552, tau
238, 10, 0, 0.0391677, 0.182369, -0.0286509, 0.199098, 38.2809, tau
92, 0, 0, 0.210049, 0.262946, 0.187468, 0.24159, 3.46, tau
250, 18, 2, -0.027583, 0.214675, 0.00576885, 0.199556, 106.732, tau
80, 4, 0, 0.0277719, 0.172892, 0.0110865, 0.223133, 11.2505, tau
220, 10, 0, 0.014061, 0.175161, -0.173482, 2.55952, 47.3175, tau
164, 8, 2, 0.00452955, 0.178943, 0.0070979, 0.218212, 60.0712, tau
218, 6, 0, -0.0178453, 0.190624, 0.0449763, 0.185401, 34.0001, tau
236, 12, 0, 0.0550703, 0.176458, -0.033133, 0.188045, 42.7956, tau
72, 0, 0, -0.0896388, 0.22809, 0.0427312, 0.216691, 5.36341, tau
118, 8, 0, -0.00225901, 0.170275, -0.000953484, 0.181273, 49.7439, tau
188, 8, 2, 0.00986421, 0.20975, 0.0119279, 0.212227, 42.3064, tau
192, 10, 0, 0.0796587, 0.143744, 0.00428288, 0.166116, 29.6582, tau
146, 6, 0, -0.00676857, 0.179025, -0.00939716, 0.184263, 32.8483, tau
222, 6, 0, 0.0374971, 0.195799, -0.0677324, 0.183575, 23.1754, tau
224, 16, 4, 0.0402329, 0.196483, 0.0123422, 0.198783, 90.4785, tau
41, 3, 0, -0.00132789, 0.129697, 0.112626, 2.7477, 15.5669, tau
218, 10, 2, 0.0156687, 0.190122, -0.0257454, 0.174529, 71.3899, tau
176, 8, 2, -0.00289431, 0.175371, -0.0598803, 2.35911, 74.8034, tau
202, 0, 0, 0.112286, 0.199961, 0.0684735, 0.170203, 15.3243, tau
224, 2, 0, -0.0180309, 0.189877, -0.0102424, 0.209633, 20.2023, tau
228, 14, 4, 0.00075586, 0.137522, -0.0157341, 0.206241, 107.862, tau
126, 0, 0, -0.0160443, 0.173889, -0.461967, 1.74563, 6.5239, tau
174, 14, 0, 0.0332867, 0.15792, -0.000869178, 0.14851, 42.4774, tau
296, 8, 0, -0.0731113, 0.208836, -0.0500335, 0.214593, 46.8555, tau
70, 2, 0, 0.00294226, 0.177102, 0.17927, 1.38832, 6.1043, tau
166, 6, 2, -0.00206852, 0.19587, -0.00743487, 0.187525, 47.5355, tau
128, 6, 0, 0.0600935, 0.156809, 0.0784213, 0.185944, 18.2313, tau
294, 8, 0, -0.00188764, 0.172767, 0.00761777, 0.184509, 37.1983, tau
156, 2, 0, -0.0183544, 0.168315, -0.0367997, 0.222556, 20.6717, tau
58, 2, 0, -0.0226351, 0.166393, 0.0276728, 0.210567, 4.74868, tau
38, 3, 1, -0.0277979, 0.183996, 0.015353, 0.148564, 28.588, tau
124, 6, 2, -0.00514762, 0.199132, -0.00291187, 0.194323, 38.1454, tau
76, 0, 0, 0.0176388, 0.224656, 0.019428, 0.194526, 5.39865, tau
80, 0, 0, -0.2901, 0.191907, -0.00853003, 0.250465, 3.096, tau
146, 6, 2, 0.00210977, 0.184732, -0.00598246, 0.208591, 41.8871, tau
80, 2, 0, 0.0192787, 0.148974, 0.392434, 1.77209, 5.45629, tau
70, 2, 0, 0.0498693, 0.230581, 0.015577, 0.165108, 8.72956, tau
140, 8, 0, -0.0392662, 0.142365, -0.0727781, 0.208181, 25.6733, tau
152, 2, 0, 0.0367708, 0.236895, 0.0127466, 0.187249, 10.6574, tau
274, 14, 0, -0.0627731, 0.178994, -0.0700933, 0.208726, 45.4941, tau
298, 8, 0, 0.00669193, 0.18303, -0.00588001, 0.17833, 43.5242, tau
108, 4, 2, -0.00275797, 0.177526, 2.22595e-05, 0.18246, 42.1706, tau
92, 4, 0, -0.0314376, 0.145059, 0.0181595, 0.176139, 24.1149, tau
186, 14, 2, 0.0149029, 0.158054, -0.0193632, 0.16318, 84.0362, tau
170, 8, 0, -0.0256745, 0.152894, -0.0715819, 0.235033, 31.2845, tau
138, 4, 2, 0.00293337, 0.168127, 0.00435286, 0.17375, 48.4772, tau
132, 6, 0, 0.0035615, 0.173158, -0.000789737, 0.132869, 30.5894, tau
142, 12, 4, 0.00238943, 0.131109, -0.00136846, 0.156109, 98.7464, tau
216, 2, 0, -0.0068021, 0.224014, 0.0836129, 0.214746, 8.06693, tau
74, 0, 0, -0.0465464, 0.235867, 0.0408583, 0.250809, 3.87445, tau
108, 0, 0, 0.0656479, 0.214842, -0.177976, 0.214261, 5.22454, tau
126, 12, 2, 0.00149113, 0.151904, -0.00827083, 0.161315, 59.7105, tau
72, 0, 0, -0.0214998, 0.210563, 0.105787, 0.210829, 5.58016, tau
64, 0, 0, -0.273468, 0.247078, 0.638097, 1.40531, 2.516, tau
232, 6, 0, -0.0331152, 0.174229, -0.0360948, 0.212926, 27.3157, tau
50, 0, 0, 0.0364717, 0.239655, 0.0520752, 0.243664, 4.05046, tau
120, 6, 2, 0.00133696, 0.205059, 0.000265365, 0.162735, 49.3061, tau
196, 4, 0, 0.0141941, 0.221252, -2.62592, 3.02069, 20.5791, tau
198, 3, 0, -0.0649448, 0.202149, -0.00745977, 0.463076, 16.6046, tau
78, 0, 0, 0.0230885, 0.231059, -0.00360931, 0.202369, 6.03137, tau
134, 4, 0, -0.00213623, 0.199755, 0.0312643, 0.20382, 18.0089, tau
192, 16, 0, 0.00443009, 0.14614, 0.0801851, 0.195709, 49.0362, tau
62, 2, 0, 0.0134815, 0.233581, -0.00908688, 0.256903, 5.2573, tau
134, 2, 0, 0.0201737, 0.163874, 0.00162318, 0.144601, 24.5772, tau
76, 2, 0, -0.0434114, 0.201174, -0.0157823, 0.217609, 5.38768, tau
76, 0, 0, 0.0234641, 0.220092, -0.0141599, 0.224641, 6.38769, tau
16, 0, 0, 0.0117775, 0.0559327, 0.0169123, 0.0380079, 1.78867, tau
252, 12, 0, 0.0516678, 0.183016, -0.0455347, 0.171656, 36.9148, tau
192, 14, 2, 0.00343765, 0.180758, 0.012509, 0.2132, 76.7658, tau
280, 12, 0, -0.00033593, 0.225704, -0.0468395, 0.214338, 37.5158, tau
274, 10, 0, -0.014433, 0.184027, -0.0405276, 0.190629, 52.7666, tau
138, 8, 0, -0.010184, 0.201731, -0.041064, 0.198523, 24.1294, tau
104, 6, 0, 0.00919965, 0.21991, 0.0103876, 0.198426, 22.7317, tau
126, 4, 0, -0.00804649, 0.214127, 0.0118646, 0.203477, 15.8522, tau
164, 4, 0, -0.0300456, 0.171798, -0.03739, 0.199704, 35.3721, tau
186, 8, 0, -0.0455665, 0.158068, 0.0140367, 0.18001, 30.3399, tau
128, 4, 0, -0.0468902, 0.204402, -0.00248854, 0.197999, 23.9779, tau
224, 8, 0, 0.022477, 0.183619, -0.0870857, 0.204083, 38.0901, tau
146, 2, 0, -0.01081, 0.208327, -1.72825, 3.19796, 16.5118, tau
146, 10, 0, 0.0122204, 0.194167, -0.0594124, 0.182403, 29.684, tau
64, 0, 0, 0.00139524, 0.223863, 0.0106608, 0.195797, 6.48383, tau
210, 6, 0, -0.0541706, 0.199587, -0.111582, 0.198808, 20.9376, tau
150, 0, 0, -0.0479292, 0.187059, 0.00229747, 0.179372, 7.1979, tau
64, 0, 0, -0.0974228, 0.22565, -0.0515063, 0.251202, 2.72495, tau
240, 4, 0, -0.127462, 0.201547, 0.0698017, 0.225202, 24.9771, tau
60, 0, 0, 0.0118302, 0.227414, 0.0407488, 0.213528, 3.94371, tau
184, 18, 6, 0.00815631, 0.161721, -0.0134784, 0.167079, 146.051, tau
136, 4, 0, 0.0230649, 0.194172, -0.0324367, 0.185378, 15.9257, tau
84, 0, 0, -0.0157124, 0.116585, -0.0240889, 0.12089, 5.05916, tau
142, 2, 0, -0.0586778, 0.192909, -0.0749067, 0.197191, 15.6152, tau
80, 2, 0, 0.0267555, 0.21132, 0.0232265, 0.254355, 5.86482, tau
162, 12, 0, 0.035798, 0.175126, -0.00359479, 0.19991, 45.9527, tau
202, 10, 0, 0.0141951, 0.167818, -0.0406796, 0.203906, 25.4058, tau
242, 6, 0, -0.0250027, 0.19083, 0.0239606, 0.178484, 34.7848, tau
22, 0, 0, 0.0164284, 0.214512, -0.00937022, 0.150266, 1.87505, tau
154, 5, 0, -0.0397194, 0.253938, -0.337679, 2.05338, 18.8558, tau
70, 0, 0, -0.0217261, 0.239563, -1.00905, 2.87154, 5.12236, tau
88, 2, 0, 0.0271804, 0.209556, -0.00483447, 0.197601, 6.68605, tau
174, 8, 0, 0.000730867, 0.155719, -0.0433695, 0.201515, 27.5064, tau
127, 7, 1, 0.0250501, 0.19087, -0.0194933, 0.197599, 43.5441, tau
134, 0, 0, 0.131655, 0.205545, 0.214941, 0.195929, 13.69, tau
144, 6, 0, -0.00314591, 0.183006, 0.52485, 3.32737, 41.0281, tau
56, 2, 0, 0.0127639, 0.237607, 0.0373399, 0.178019, 6.12618, tau
266, 2, 0, 0.0165335, 0.170174, -0.0882377, 0.189304, 30.0973, tau
184, 8, 0, -0.0018475, 0.144697, 0.0132563, 0.174531, 46.8519, tau
238, 14, 0, 0.0270049, 0.183467, 0.0125451, 0.207752, 68.0854, tau
160, 4, 0, -0.0218137, 0.20236, -0.0315995, 0.676755, 21.9126, tau
116, 8, 2, 0.00865787, 0.197847, 0.00844672, 0.186583, 43.2598, tau
220, 18, 0, 0.0372897, 0.14853, -0.0277892, 0.165048, 62.0713, tau
248, 8, 0, 0.0163063, 0.172355, -0.0265591, 0.187725, 62.9454, tau
33, 0, 0, -0.13765, 0.247708, 0.0067879, 0.114915, 2.21989, tau
248, 8, 0, -0.0170388, 0.188071, 0.0382783, 1.8988, 59.1778, tau
236, 6, 0, 0.0031216, 0.190046, -0.0230511, 0.194664, 36.5192, tau
304, 8, 0, 0.0416349, 0.199299, 0.846727, 3.39092, 39.687, tau
162, 8, 4, 0.0105586, 0.22372, 0.000391822, 0.169471, 68.4685, tau
210, 10, 0, -0.0544485, 0.168594, 0.0260951, 0.180744, 32.8003, tau
58, 2, 0, -0.0126414, 0.169213, 0.0277761, 0.1968, 5.64544, tau
133, 3, 0, -0.0465199, 0.151081, 0.06818, 0.14753, 15.9613, tau
122, 2, 0, 0.0668599, 0.193031, 0.0720149, 0.230984, 18.1451, tau
112, 4, 2, 0.000114931, 0.182755, 0.00716947, 0.201303, 35.9316, tau
1, 1, 1, 0, 0, 0, 0, 27.8636, tau
82, 4, 0, -0.000979444, 0.201523, 0.00468454, 0.20039, 19.6765, tau
162, 2, 0, 0.00334358, 0.164475, -0.0245042, 0.196664, 10.4429, tau
128, 10, 0, 0.0122809, 0.189269, 0.273129, 2.90973, 36.2578, tau
78, 2, 0, 0.00520024, 0.203743, -0.003722, 0.191584, 13.8747, tau
72, 0, 0, -0.0180111, 0.208488, -0.0453472, 0.213459, 5.22252, tau
52, 0, 0, 0.0198176, 0.222365, 0.0249506, 0.212916, 3.62419, tau
126, 10, 0, -0.00509762, 0.183299, 0.0292867, 0.161615, 30.1759, tau
292, 20, 0, 0.0799207, 0.183021, 0.0343751, 0.19462, 58.2925, tau
106, 0, 0, 0.0723155, 0.243801, -0.038447, 0.188508, 7.46763, tau
156, 12, 2, -0.00605318, 0.196597, 0.0260486, 0.155846, 79.2471, tau
92, 2, 2, 0.00810086, 0.210022, 0.00194345, 0.178383, 26.8631, tau
216, 4, 0, -0.0235336, 0.194466, -0.009795, 0.224433, 24.9254, tau
190, 16, 0, -0.00873729, 0.181926, -0.00297766, 0.178095, 63.6591, tau
150, 8, 0, 0.0154006, 0.150431, 0.0714619, 1.67603, 42.2226, tau
282, 16, 0, 0.0329077, 0.194548, -0.0639397, 0.196644, 62.0835, tau
198, 10, 0, 0.0255248, 0.17899, 0.0904338, 0.163215, 49.288, tau
186, 6, 0, -0.0399673, 0.191222, -0.0527999, 0.222217, 23.9722, tau
152, 12, 4, 0.0138072, 0.209846, -0.0975474, 3.10295, 75.6056, tau
132, 4, 2, 0.000141917, 0.183476, 0.00977423, 0.166814, 50.6918, tau
106, 6, 2, -0.0266241, 0.188051, 0.0243148, 0.187462, 33.9922, tau
238, 10, 0, 0.0258718, 0.203869, -0.0437207, 0.191807, 36.0574, tau
170, 6, 2, 0.00159914, 0.196115, -0.597581, 3.27476, 75.9051, tau
106, 0, 0, 0.0731688, 0.156401, -0.00923821, 0.182008, 12.8179, tau
58, 2, 0, 0.00149705, 0.209814, -0.00352423, 0.193009, 6.01713, tau
146, 6, 2, -0.000503171, 0.182775, -0.00842766, 0.183591, 38.6372, tau
217, 4, 0, -0.11892, 0.211805, 0.0530283, 0.193908, 19.9191, tau
88, 0, 0, -0.00899745, 0.229272, 0.0684331, 0.22619, 4.86, tau
290, 12, 0, 0.0343164, 0.191113, -0.0236896, 0.205174, 47.3391, tau
278, 10, 0, -0.0168207, 0.173694, -0.0136646, 0.723435, 51.2888, tau
316, 16, 0, 0.0535424, 0.200421, -0.116493, 2.62203, 72.2109, tau
146, 6, 0, -0.0343968, 0.183872, 0.0215189, 0.199297, 19.4461, tau
390, 24, 0, 0.0195256, 0.199019, 0.014858, 0.199869, 77.4361, tau
92, 4, 0, 0.00241102, 0.233551, 0.0087825, 0.209996, 17.8892, tau
280, 10, 0, -0.0301022, 0.198536, -0.0171349, 0.191335, 63.0318, tau
206, 14, 0, -0.0522133, 0.196196, 0.00524313, 0.186562, 49.9633, tau
63, 1, 0, 0.02631, 0.199552, 0.0466306, 0.206302, 6.85809, tau
84, 0, 0, 0.0236388, 0.239617, -0.371794, 1.75184, 5.59803, tau
118, 6, 2, -0.00562681, 0.202048, 0.00116341, 0.140956, 56.6271, tau
184, 6, 0, 0.0342017, 0.182787, -0.040075, 0.199793, 20.3228, tau
94, 6, 2, 0.00357961, 0.194699, -0.00883568, 0.194462, 47.4858, tau
62, 3, 0, 0.00103566, 0.158062, 0.00616758, 0.0992121, 10.989, tau
164, 6, 2, -0.00210842, 0.188251, -0.00735582, 0.165827, 55.6015, tau
230, 4, 0, 0.0157932, 0.182211, 0.145993, 0.212815, 21.9215, tau
192, 10, 0, -0.013009, 0.16125, -0.045951, 0.201202, 36.8185, tau
120, 6, 2, -0.00280175, 0.19391, 0.0263255, 0.189272, 47.6929, tau
114, 6, 0, 0.000232726, 0.19825, -0.0121053, 0.193542, 38.3494, tau
238, 2, 0, -0.0425113, 0.205572, 0.0462238, 0.181491, 20.9176, tau
228, 18, 0, 0.0158597, 0.173889, -0.0209932, 0.180736, 66.7128, tau
70, 2, 0, 0.0145493, 0.202268, -0.0246593, 0.263398, 8.43265, tau
48, 0, 0, 0.068485, 0.24049, 0.0595178, 0.209113, 3.812, tau
224, 12, 0, -0.0142395, 0.210053, -0.0277828, 0.174424, 60.8738, tau
308, 14, 0, 0.0563566, 0.2064, -0.0492956, 0.21273, 44.164, tau
260, 16, 2, -0.00536949, 0.208044, -0.00987812, 0.167152, 100.011, tau
154, 8, 2, -0.0112048, 0.219038, -0.00338837, 0.208589, 84.8226, tau
68, 2, 0, -0.00366147, 0.158872, 0.0127615, 0.179606, 15.9498, tau
280, 12, 0, 0.00731782, 0.195738, -0.0119268, 0.198128, 63.4261, tau
60, 0, 0, -0.0333021, 0.182033, -0.0213864, 0.207976, 3.0571, tau
62, 0, 0, -0.0648704, 0.184148, 0.13295, 1.06073, 5.36835, tau
164, 8, 0, -0.0216486, 0.192596, -0.0103408, 0.191444, 28.4535, tau
78, 3, 0, 0.142402, 0.207057, -1.81229, 3.21595, 10.6526, tau
90, 2, 0, -0.0193318, 0.18579, -0.00201873, 0.174143, 12.0192, tau
52, 2, 0, 0.0414782, 0.223085, 0.845006, 2.9824, 4.84335, tau
74, 4, 0, 0.0124865, 0.187233, 0.0684198, 1.36089, 13.5753, tau
82, 0, 0, -0.0932909, 0.229307, -0.378598, 0.251171, 3.3, tau
74, 2, 0, -0.0154955, 0.202368, -0.0174044, 0.232531, 8.79435, tau
152, 10, 2, -0.000508713, 0.186696, 0.00234276, 0.163985, 73.8135, tau
276, 16, 0, 0.0647408, 0.174776, -0.00353318, 0.18011, 55.2113, tau
146, 12, 2, 0.00479916, 0.16755, 3.07271e-05, 0.194876, 97.3478, tau
72, 0, 0, -0.156718, 0.186697, -3.25377, 2.92727, 3.38313, tau
124, 4, 0, -0.0691436, 0.18169, 0.145673, 0.206387, 21.7061, tau
148, 8, 0, 0.0325079, 0.184413, 0.0193771, 0.143241, 34.6371, tau
46, 0, 0, -0.0295179, 0.226199, 0.0299469, 0.2029, 4.38092, tau
186, 6, 0, -0.0292766, 0.18612, -0.0708046, 0.205512, 33.4127, tau
130, 4, 0, 0.00437065, 0.185797, 0.451525, 2.07244, 22.4863, tau
114, 4, 2, 0.00483612, 0.179297, 0.00284189, 0.177803, 43.5723, tau
78, 0, 0, -0.384712, 0.22299, -1.75993, 2.63616, 2.964, tau
122, 6, 2, 0.00636093, 0.163588, -0.00141874, 0.176733, 72.8083, tau
178, 6, 0, -0.0171916, 0.200226, -0.0255068, 0.190225, 20.9922, tau
194, 10, 0, -0.0357699, 0.181254, -0.0125341, 0.20403, 28.6751, tau
82, 2, 0, 0.00980462, 0.185241, 0.392032, 3.91352, 24.6501, tau
254, 12, 0, -0.00156441, 0.171358, -0.0289696, 0.204926, 62.8951, tau
172, 2, 0, -0.00746144, 0.218543, -0.0184547, 0.193244, 19.0706, tau
128, 14, 2, -0.0199069, 0.160545, 0.0250842, 0.162437, 51.5998, tau
92, 4, 0, -0.000739776, 0.228359, 0.335979, 2.65195, 14.3965, tau
216, 6, 0, -0.00314854, 0.163825, 0.051072, 0.207581, 45.0359, tau
190, 8, 0, 0.0344986, 0.148262, -0.012925, 0.210054, 30.6212, tau
162, 6, 0, 0.000540042, 0.196309, 0.00421547, 0.170832, 19.7025, tau
144, 2, 2, 0.00113819, 0.18114, -0.00299416, 0.152768, 49.1879, tau
266, 10, 0, -0.00220022, 0.218885, 0.0425402, 0.200808, 38.7247, tau
222, 8, 0, 0.0327962, 0.211346, 0.0308326, 0.17563, 46.1305, tau
210, 12, 0, 0.0114124, 0.187605, 0.0118952, 0.202647, 62.5103, tau
160, 4, 0, 0.0369111, 0.208798, 1.62124, 3.21384, 20.0587, tau
175, 6, 1, 0.0257209, 0.183027, -0.0348278, 0.17427, 33.8172, tau
100, 6, 0, -0.0280633, 0.171215, -0.0358192, 0.845477, 27.6421, tau
276, 12, 0, 0.0162198, 0.176323, 0.0227444, 0.187595, 54.4295, tau
118, 2, 0, -0.0161738, 0.177658, -0.0189857, 0.202198, 10.5846, tau
242, 4, 0, 0.0424217, 0.200098, 0.065309, 0.196989, 33.3285, tau
56, 0, 0, 0.0147472, 0.20457, -0.134538, 0.201537, 5.37952, tau
264, 18, 0, -0.0144097, 0.197444, -0.0466213, 0.182959, 79.703, tau
172, 2, 0, 0.0766237, 0.170282, -0.14198, 0.218973, 15.3515, tau
108, 4, 0, 0.00330529, 0.201388, 0.0156815, 0.212516, 17.4826, tau
224, 16, 2, 0.0309644, 0.22002, 0.0358364, 0.19715, 81.7106, tau
77, 2, 0, 0.130057, 0.158615, -0.0294488, 0.113644, 7.1564, tau
136, 6, 2, -0.00112383, 0.208467, 0.118009, 2.5946, 43.5703, tau
144, 7, 1, -0.0677032, 0.187096, -0.0359933, 0.177441, 41.2695, tau
137, 2, 0, 0.00671592, 0.1862, 0.00761882, 0.173922, 10.5385, tau
244, 1, 0, 0.0189953, 0.202725, 0.0501954, 0.204003, 12.0838, tau
92, 4, 0, 0.00706037, 0.202691, -0.000516523, 0.171233, 20.1177, tau
256, 12, 0, -0.00843238, 0.192549, -0.0479637, 0.183993, 50.0663, tau
78, 0, 0, 0.0455125, 0.246156, 1.06638, 2.7871, 4.83179, tau
138, 10, 2, -0.0194323, 0.20187, 0.0461336, 0.185526, 56.5909, tau
184, 4, 0, -0.0243659, 0.170721, 0.115553, 0.187238, 17.5834, tau
268, 8, 0, 0.0296673, 0.205169, -0.15574, 1.67245, 41.3689, tau
253, 9, 0, 0.00781524, 0.244661, -0.00542372, 0.179482, 31.8192, tau
110, 4, 0, -0.000885411, 0.217922, 0.00767813, 0.188916, 13.7694, tau
174, 12, 0, -9.38017e-05, 0.177593, 0.0178406, 0.203988, 39.0009, tau
226, 6, 0, 0.0159983, 0.183289, -0.0421937, 0.196218, 40.5489, tau
102, 2, 0, -0.0115622, 0.221256, 0.0119447, 0.187112, 15.8615, tau
70, 0, 0, -0.101663, 0.228821, -0.282434, 1.39229, 3.77921, tau
66, 0, 0, -0.0100249, 0.235259, -0.0574797, 0.183283, 4.71231, tau
172, 8, 0, -0.0030474, 0.1659, 0.262568, 2.4731, 39.8244, tau
54, 0, 0, 0.0152147, 0.207808, 0.0242827, 0.220028, 4.11878, tau
78, 2, 0, 0.000447942, 0.215619, -0.000766776, 0.234285, 13.4257, tau
302, 14, 0, 0.0334333, 0.221713, -0.0526868, 1.36124, 60.1086, tau
229, 10, 2, -0.0474842, 0.180468, -0.0208671, 0.201886, 75.4849, tau
136, 2, 2, 0.000577649, 0.170176, -0.000589348, 0.155649, 75.8919, tau
270, 16, 0, -0.0311152, 0.194062, 0.0644858, 0.201144, 84.0395, tau
190, 10, 2, -0.0188604, 0.183521, -0.0286451, 1.21644, 121.619, tau
238, 4, 2, 0.00470032, 0.191071, 0.0173729, 0.196297, 54.2508, tau
168, 6, 2, -0.00146477, 0.179554, -0.0277127, 0.19579, 61.6384, tau
204, 10, 0, 0.0390318, 0.192531, -0.0150846, 0.196143, 41.1545, tau
126, 4, 2, 0.00639505, 0.181899, 0.149225, 3.25552, 50.6195, tau
54, 0, 0, -0.0986528, 0.240904, -0.00633333, 0.199301, 3.63522, tau
62, 0, 0, -0.0424616, 0.210443, 0.0328791, 0.209836, 5.08104, tau
228, 6, 0, 0.0851187, 0.160167, -0.461449, 2.7603, 23.8409, tau
92, 4, 0, 0.0193414, 0.207182, -0.000423812, 0.238378, 14.9492, tau
180, 2, 0, -0.0342049, 0.192343, 0.0204783, 0.222425, 14.2776, tau
90, 2, 0, 0.0156535, 0.16242, -0.0064805, 0.223187, 7.74116, tau
256, 10, 0, 0.00745952, 0.182677, -0.00629101, 0.206688, 45.1337, tau
151, 7, 0, 0.0586543, 0.202799, -0.10717, 0.198467, 27.1246, tau
142, 8, 0, -0.0157154, 0.174719, -0.0172183, 0.174739, 37.8696, tau
124, 4, 0, 4.91937e-05, 0.184568, 0.000323321, 0.185259, 36.201, tau
178, 6, 2, -0.00732512, 0.184981, -0.00820779, 0.194249, 65.0981, tau
78, 2, 0, -0.0325533, 0.210294, -0.0254437, 0.144111, 15.7798, tau
323, 2, 0, 0.0941303, 0.198574, -0.00198525, 0.206743, 17.2732, tau
138, 10, 0, -0.0441781, 0.181432, -0.0385373, 0.189983, 30.9453, tau
58, 2, 0, 0.0328453, 0.220126, 0.0493729, 0.201482, 5.00166, tau
245, 6, 0, -0.0513995, 0.170284, -0.0311068, 0.213324, 18.5121, tau
180, 0, 0, -0.0163353, 0.22437, -0.0183822, 0.207275, 10.2505, tau
118, 8, 0, 0.0123001, 0.116029, 0.00320302, 0.182078, 51.681, tau
114, 6, 0, 0.0250661, 0.200373, 0.00383561, 0.193983, 21.4404, tau
72, 0, 0, 0.0421913, 0.220028, -0.0333221, 0.243268, 4.923, tau
74, 2, 0, 0.00294, 0.206851, 0.0112436, 0.185312, 15.0722, tau
178, 4, 2, -0.00600537, 0.191755, 0.00101051, 0.222532, 65.8169, tau
130, 4, 0, -0.00673344, 0.178429, -0.0294701, 0.169915, 23.0566, tau
94, 2, 0, -0.00232248, 0.193273, 0.00146398, 0.204062, 13.7728, tau
54, 0, 0, -0.0124039, 0.189264, 0.019227, 0.185299, 4.78604, tau
150, 10, 0, -0.0479332, 0.196392, -0.00480198, 0.183574, 56.2219, tau
316, 14, 0, -0.218342, 0.221193, 0.350275, 2.68469, 52.8785, tau
200, 8, 0, -0.0731301, 0.188725, 0.0239409, 0.182568, 33.9704, tau
174, 8, 0, 0.0463918, 0.189125, -0.0311382, 0.168726, 30.8683, tau
62, 0, 0, -0.00446307, 0.240849, -0.0257156, 0.215662, 4.853, tau
178, 14, 2, -0.0114701, 0.166826, 0.0246416, 0.181425, 86.8048, tau
134, 6, 0, 0.0157659, 0.16144, -0.0103249, 0.207046, 20.1634, tau
118, 4, 2, -0.0022919, 0.161233, -0.0146034, 0.199774, 37.5625, tau
242, 6, 0, 0.0351165, 0.216533, 0.0383759, 0.206299, 33.3095, tau
188, 10, 0, -0.0593763, 0.206633, -0.0303003, 0.15241, 35.4087, tau
284, 10, 0, 0.00122654, 0.200774, 0.044672, 0.227388, 40.1984, tau
66, 0, 0, -0.00193529, 0.15676, 0.0171694, 0.234085, 5.01083, tau
118, 4, 2, -0.00626946, 0.168593, -0.00319249, 0.193432, 38.2479, tau
156, 10, 4, 0.00418719, 0.148805, 0.0305516, 0.158371, 99.6476, tau
230, 6, 0, -0.0821515, 0.183311, -0.00215273, 0.235444, 24.5187, tau
130, 4, 0, 0.00944942, 0.235436, -0.00797756, 0.176288, 18.5085, tau
266, 10, 0, 0.0108888, 0.16751, -0.0317254, 0.210386, 47.8875, tau
122, 7, 0, -0.0215999, 0.187983, 0.0264963, 0.152135, 32.4372, tau
66, 0, 0, -0.0153361, 0.162265, 2.00766, 2.88826, 5.75243, tau
116, 4, 0, -0.00676684, 0.220571, -0.00402912, 0.209434, 11.0788, tau
72, 2, 0, -0.00445077, 0.168352, -0.0216907, 0.132129, 7.34279, tau
162, 2, 0, 0.0509611, 0.189096, 0.0615202, 0.189699, 12.1208, tau
232, 10, 2, 0.00587729, 0.178232, -0.01022, 0.191087, 107.643, tau
170, 6, 2, -0.00282154, 0.202388, 0.0363777, 0.21609, 52.8422, tau
124, 8, 0, 0.00125455, 0.186068, 0.00645317, 0.130276, 38.7172, tau
54, 0, 0, 0.0195937, 0.238239, 0.023892, 0.220687, 4.20316, tau
56, 0, 0, -0.0140671, 0.208521, -0.0211567, 0.236693, 4.31399, tau
42, 2, 0, 0.00303896, 0.262701, 0.02164, 0.202789, 5.05847, tau
60, 0, 0, -0.0199635, 0.211751, -0.0109251, 0.208055, 5.1302, tau
186, 4, 0, -0.0355618, 0.185011, -0.0575037, 0.209952, 26.0895, tau
106, 4, 2, 0.00331589, 0.170726, 0.0747866, 2.28319, 47.4943, tau
78, 0, 0, -0.0326459, 0.185379, 0.0122005, 0.219727, 6.41648, tau
240, 10, 2, -0.0161777, 0.199127, -0.00346045, 0.207196, 67.9553, tau
164, 12, 0, -0.0258534, 0.207714, -0.00855114, 0.183405, 45.0372, tau
208, 7, 1, 0.000853406, 0.184393, -0.00408766, 0.180899, 45.9958, tau
156, 10, 0, 0.00607639, 0.207022, -0.15066, 1.32435, 23.0564, tau
254, 2, 0, -0.057417, 0.226859, 0.0216792, 0.228644, 20.0107, tau
108, 2, 0, 0.00385647, 0.175577, -0.0156947, 0.210939, 10.4594, tau
278, 20, 0, 0.0455558, 0.212034, -0.0765584, 0.72103, 75.0737, tau
246, 10, 0, -0.0575404, 0.1851, 0.192424, 0.204788, 36.1199, tau
150, 8, 0, 0.0272675, 0.253489, 0.0856131, 0.2361, 43.2169, tau
286, 14, 0, -0.0706006, 0.191694, -0.0280966, 1.10609, 59.6088, tau
116, 8, 0, -0.00959477, 0.147195, -0.00162613, 0.179204, 42.6035, tau
108, 6, 2, 0.0136367, 0.189133, -0.01418, 0.194603, 55.4193, tau
200, 14, 0, -0.0128606, 0.198658, -0.0906357, 1.44829, 46.6023, tau
76, 0, 0, 0.0581496, 0.218024, 0.0211648, 0.23339, 4.71884, tau
152, 6, 2, 0.00112336, 0.196425, 0.000743441, 0.158105, 55.5148, tau
122, 10, 0, -0.00204143, 0.14104, -0.0169777, 0.175733, 43.024, tau
154, 4, 0, 0.0501883, 0.223836, 0.0746971, 0.190073, 22.0618, tau
176, 4, 0, 0.00276734, 0.188834, -0.0428689, 0.23454, 25.1212, tau
140, 6, 3, -0.0304677, 0.164662, -0.000376011, 0.131631, 58.8074, tau
62, 0, 0, -0.0456091, 0.221011, 0.0231395, 0.211627, 4.55358, tau
336, 10, 0, -0.047169, 0.184899, 0.0413361, 0.202442, 46.506, tau
25, 0, 0, -0.0760783, 0.266027, 0.0677824, 1.18305, 1.952, tau
62, 0, 0, 0.0426754, 0.191499, 0.0631525, 0.238681, 4.63075, tau
78, 0, 0, -0.0451721, 0.245755, 0.13571, 0.204433, 3, tau
60, 2, 0, -0.0169386, 0.115015, 0.00907055, 0.0976781, 8.25366, tau
130, 12, 2, -0.0124289, 0.187998, -0.000132391, 0.176256, 51.3951, tau
122, 2, 0, -0.00687785, 0.133167, 0.00564698, 0.162408, 7.25877, tau
90, 0, 0, -0.0412296, 0.230312, -3.33989, 2.89909, 3.52, tau
178, 4, 0, -0.0782082, 0.19218, -0.0349704, 0.174057, 17.2042, tau
134, 8, 4, 0.00899314, 0.148836, -0.0036831, 0.188619, 73.129, tau
96, 4, 0, -0.0048986, 0.184343, 0.00273235, 0.177082, 22.1169, tau
186, 12, 0, -0.0010943, 0.231803, 0.00596849, 0.199048, 39.3945, tau
98, 5, 0, -0.0091826, 0.208488, 2.07593, 3.02862, 21.2317, tau
251, 6, 1, -0.0301727, 0.19975, 0.0419414, 0.212159, 32.8514, tau
98, 4, 0, -0.000605454, 0.177098, 0.000165813, 0.202671, 20.0314, tau
128, 6, 0, 0.037085, 0.201728, 0.0313636, 0.202962, 36.0313, tau
128, 12, 0, 0.00511535, 0.13512, -0.0535045, 2.09623, 59.1019, tau
199, 1, 0, -0.0360605, 0.198882, -0.0378521, 0.187535, 6.9708, tau
208, 10, 0, 0.0301847, 0.207704, 0.0195015, 0.191026, 58.095, tau
136, 8, 0, -0.0245263, 0.205267, 0.0224499, 0.176249, 30.8553, tau
42, 3, 0, -0.00647314, 0.154662, 0.00605238, 0.189845, 9.33213, tau
102, 2, 0, -0.0562191, 0.164247, 0.0305483, 0.164473, 11.4133, tau
136, 8, 0, 0.0178226, 0.213672, -0.00567113, 0.191708, 40.6448, tau
186, 8, 0, 0.00935121, 0.201242, -0.00609684, 0.194501, 35.3728, tau
148, 8, 0, 0.0203, 0.175492, -0.00518118, 0.173783, 32.5662, tau
216, 2, 0, -0.0103911, 0.191513, -0.00619724, 0.171423, 25.4144, tau
96, 4, 0, 0.030763, 0.17821, -0.208336, 2.01168, 12.803, tau
74, 2, 0, 0.0073308, 0.22603, -0.0165642, 0.201547, 6.13275, tau
102, 4, 0, 0.00958446, 0.215534, 0.0175722, 0.217968, 17.9849, tau
254, 14, 0, 0.00681487, 0.210363, -0.0821336, 1.16421, 49.8324, tau
132, 6, 0, 0.000617222, 0.156392, 0.0167159, 0.187784, 30.798, tau
128, 10, 2, -0.00642916, 0.202135, 0.0116268, 0.226101, 63.1032, tau
182, 8, 0, -0.00663612, 0.162272, -0.090209, 0.189453, 41.2551, tau
288, 10, 0, 0.0509557, 0.189852, 0.0215828, 0.192232, 40.2502, tau
140, 8, 0, 0.0393962, 0.204911, -0.0742326, 2.43762, 29.188, tau
118, 2, 2, -0.00392063, 0.173564, -0.00491749, 0.171639, 36.9277, tau
98, 8, 0, 0.0132003, 0.131426, -0.057965, 0.173471, 26.2535, tau
152, 4, 0, 0.0257028, 0.214848, 0.0427958, 1.34963, 20.619, tau
104, 4, 0, 0.0100108, 0.182055, 0.00113242, 0.153158, 28.5586, tau
196, 10, 0, -0.00517363, 0.163342, 0.0220245, 0.195319, 43.7817, tau
68, 0, 0, -0.0713988, 0.272748, -0.0278399, 0.22276, 4.73186, tau
56, 2, 0, 0.00807589, 0.187053, 0.0337103, 0.278772, 5.52106, tau
182, 12, 0, -0.0112816, 0.186617, -0.0244038, 0.177089, 41.6926, tau
122, 6, 0, -0.00712043, 0.185697, -0.00138575, 0.16848, 47.0466, tau
36, 2, 0, -0.0102435, 0.242047, -0.0118817, 0.193312, 7.38505, tau
210, 2, 0, -0.0381771, 0.208591, 1.47276, 2.49012, 20.5812, tau
120, 2, 0, 0.0106781, 0.211485, -0.200568, 0.254269, 9.53472, tau
64, 0, 0, -0.0142205, 0.166531, 0.00637519, 0.250177, 6.668, tau
116, 8, 0, -0.0387987, 0.229279, 0.0120365, 0.163558, 27.7783, tau
78, 2, 0, 0.00306178, 0.192512, 0.00392258, 0.139148, 13.808, tau
222, 4, 0, -0.0054617, 0.210538, 0.0788803, 0.184734, 29.0107, tau
54, 0, 0, -0.0300978, 0.211076, 0.0473545, 0.216737, 4.31777, tau
138, 6, 2, -0.0602363, 0.237216, 0.0195822, 0.189714, 38.6136, tau
138, 4, 0, 0.013017, 0.195527, 0.0074467, 1.00515, 19.2325, tau
78, 2, 0, 0.012192, 0.197483, -0.00675934, 0.192639, 10.9179, tau
86, 6, 0, 0.00427374, 0.156854, -0.00641377, 0.170907, 29.2759, tau
186, 6, 0, -0.0309789, 0.193923, -0.0514959, 0.200301, 25.6458, tau
174, 2, 0, 0.176349, 0.195953, 0.0544004, 0.183675, 9.92022, tau
196, 12, 2, 0.00740999, 0.184027, -0.00717302, 0.201995, 72.3535, tau
64, 2, 0, 0.00868084, 0.233245, 0.0109727, 0.196774, 7.21441, tau
144, 2, 0, 0.0062991, 0.259573, 0.00758051, 0.184164, 7.22728, tau
126, 10, 0, -0.0107552, 0.179777, 0.0743479, 0.189844, 33.669, tau
290, 6, 0, -0.00976302, 0.200545, -0.0031389, 0.204235, 35.6914, tau
106, 0, 0, -0.00758696, 0.152503, 0.143952, 0.24081, 6.53704, tau
106, 4, 0, 0.0083468, 0.210379, -0.00370931, 0.187786, 36.4743, tau
120, 8, 2, 0.00505993, 0.189474, -0.00291312, 0.199004, 39.8835, tau
114, 5, 0, 0.0358253, 0.268112, -0.0341769, 0.216849, 16.0658, tau
132, 4, 0, 0.0494437, 0.177996, -0.0134917, 0.189761, 13.4936, tau
176, 0, 0, -0.0257269, 0.180394, 0.0399644, 0.221757, 12.4014, tau
278, 2, 0, -0.00166316, 0.197487, 0.0593306, 0.215422, 22.0989, tau
256, 12, 0, 0.0146433, 0.154299, -2.0489, 2.97056, 44.2689, tau
286, 14, 0, -0.0161408, 0.197793, -0.0289136, 0.205923, 60.8647, tau
262, 6, 0, 0.00592998, 0.192472, -0.0125959, 0.19384, 32.2456, tau
51, 2, 0, 0.0444894, 0.232107, 0.0193057, 0.238947, 15.3984, tau
182, 8, 0, -0.00190021, 0.161532, -0.0198122, 0.170173, 43.935, tau
140, 6, 2, -0.0449334, 0.180924, -0.050597, 0.192627, 50.0219, tau
62, 0, 0, -0.0291385, 0.255764, -0.0311125, 0.225041, 4.05794, tau
74, 0, 0, 0.0165741, 0.205355, 0.00112309, 0.246163, 5.26386, tau
242, 4, 0, -0.00146677, 0.169678, 0.000154271, 0.197306, 21.1715, tau
88, 4, 0, -0.00249446, 0.176485, 0.000522056, 0.175433, 24.0056, tau
90, 0, 0, 0.274908, 0.212307, -0.242735, 0.288517, 3.452, tau
156, 0, 0, 0.000313012, 0.180994, -0.00590026, 0.176427, 12.8708, tau
244, 4, 0, 0.0682924, 0.185025, 0.0516689, 0.214016, 26.6422, tau
212, 14, 0, -0.000927439, 0.19554, -0.0583852, 0.828831, 52.5438, tau
66, 0, 0, 0.0189941, 0.208408, 0.0639876, 0.254245, 4.49702, tau
178, 2, 0, 0.0001371, 0.211697, -0.00330067, 0.175726, 13.7692, tau
254, 12, 0, 0.00829559, 0.203159, 0.0470804, 0.226334, 55.1287, tau
288, 6, 0, -0.0217488, 0.188914, 0.0247902, 0.195192, 36.14, tau
170, 6, 0, -0.0773195, 0.164559, 0.0525426, 0.170737, 21.62, tau
52, 2, 0, 0.00987868, 0.238701, -0.0285995, 0.268851, 4.68109, tau
72, 0, 0, -0.00776166, 0.244089, 0.0643033, 0.22036, 5.34641, tau
62, 2, 0, -0.100873, 0.21231, -0.0370375, 0.24743, 5.03136, tau
16, 0, 0, 0.0241941, 0.0851132, -0.0133703, 0.0341515, 1.86229, tau
106, 6, 0, 0.0732796, 0.180012, 0.0297688, 0.222888, 27.3497, tau
146, 8, 0, 0.0117911, 0.189456, -0.00736114, 0.174513, 45.5209, tau
66, 2, 0, -0.0245947, 0.18036, 0.0116189, 0.220673, 4.97585, tau
200, 8, 2, -0.00314773, 0.205733, 0.0245847, 0.195858, 46.1068, tau
166, 8, 2, 0.00773084, 0.179748, -0.00526016, 0.175817, 61.663, tau
250, 6, 0, -0.0464031, 0.182791, -0.0133936, 0.148696, 41.2553, tau
186, 6, 0, 0.00371276, 0.187548, -0.0663093, 0.18852, 18.2307, tau
200, 12, 0, -0.00581786, 0.180847, -0.0340808, 0.201482, 37.5446, tau
254, 10, 0, 0.0156023, 0.203969, 0.00771645, 0.177331, 53.1255, tau
76, 0, 0, 0.0436974, 0.210553, -0.00143456, 0.261883, 5.54626, tau
176, 12, 2, 0.00493275, 0.152978, -0.000352731, 0.201075, 101.208, tau
74, 0, 0, -0.0735727, 0.209536, 1.38462, 2.6137, 3.43312, tau
116, 8, 0, -0.0795686, 0.193096, -0.0197712, 0.151226, 29.3511, tau
254, 2, 0, 0.00607732, 0.207667, -0.121036, 0.201496, 23.7388, tau
100, 6, 2, -0.00269932, 0.159129, -0.00127942, 0.152494, 48.8841, tau
142, 6, 0, -0.0560951, 0.181114, -0.117497, 0.185927, 23.7801, tau
228, 12, 0, 0.0209808, 0.200197, 0.0157779, 0.199206, 64.8572, tau
42, 1, 0, -0.0233903, 0.102586, 0.119432, 3.21853, 2.89825, tau
60, 0, 0, -0.0521827, 0.214204, -0.0165161, 0.200597, 4.71534, tau
120, 8, 2, -0.0232391, 0.214477, 0.0288566, 0.194079, 55.5121, tau
256, 10, 0, -0.0116184, 0.170119, 0.00316633, 0.182765, 48.4071, tau
74, 0, 0, -0.0013802, 0.216604, -0.0517214, 0.236719, 5.19289, tau
63, 2, 0, 0.0022124, 0.211775, -0.0586978, 0.210004, 6.65061, tau
174, 4, 0, 0.00686991, 0.181514, 0.0485168, 0.195035, 16.0063, tau
156, 8, 2, -0.00124789, 0.163863, 0.0663699, 2.1194, 57.3099, tau
74, 0, 0, 0.035595, 0.235189, 0.0030188, 0.193354, 5.34774, tau
66, 0, 0, 0.005088, 0.20852, -0.0964778, 0.199169, 4.85036, tau
197, 4, 0, -0.0355582, 0.184762, 0.103939, 1.5557, 31.1059, tau
92, 0, 0, 0.0656234, 0.188737, -0.735328, 3.05306, 6.92842, tau
200, 10, 0, -0.00510099, 0.185103, 0.59814, 3.00848, 32.1692, tau
122, 4, 2, 0.00321, 0.174441, -0.000167813, 0.189893, 42.9037, tau
58, 0, 0, -0.075632, 0.231861, 0.362959, 1.50094, 4.07968, tau
218, 10, 0, -0.000163846, 0.138247, 0.0203471, 0.188086, 41.3989, tau
58, 2, 0, 0.0462395, 0.237484, -0.0150643, 0.208049, 4.89496, tau
108, 4, 0, -0.00939934, 0.214165, -0.0060096, 0.203872, 19.0781, tau
52, 0, 0, -0.00384827, 0.238257, 0.187357, 1.15023, 4.01343, tau
112, 6, 0, 0.0131061, 0.159296, -0.0105192, 0.195905, 24.155, tau
